path,N,percept_kappa,option_kappa,rep,seed,level,individual,kind,threshold,series_mean,series_std,flight_count,n_positive_flights,comparison_ok,comparison_error,comparison_summary,best_model,fixed_xmin_for_comparison,truncated_ok,truncated_error,truncated_model,truncated_xmin,truncated_alpha,truncated_xc,truncated_p_value,truncated_ks_D,truncated_aic,truncated_bic,truncated_loglik,truncated_n_used,shifted_exp_ok,shifted_exp_error,shifted_exp_model,shifted_exp_xmin,shifted_exp_alpha,shifted_exp_xc,shifted_exp_p_value,shifted_exp_ks_D,shifted_exp_aic,shifted_exp_bic,shifted_exp_loglik,shifted_exp_n_used,delta_aic_trunc_minus_exp
/home/hpc/Desktop/resonant_swarm_runs/position_records/N100/kappa_2p5/okappa_1p8/pos_rep00_seed10000000.npz,100,2.5,1.8,0,10000000,com,-1,com,1.798371696472168,0.9979819059371948,0.7723212838172913,1248,1248,True,,"Model comparison
----------------
truncated: xmin=5.51079, alpha=1.47735, xc=577.899, p=nan, KS=0.0673003, loglik=-3575.35, AIC=7152.7, BIC=7157.36
powerlaw: xmin=5.51079, alpha=1.65418, xc=nan, p=nan, KS=0.120911, loglik=-3629.9, AIC=7261.8, BIC=7266.46
shifted_exp: xmin=5.51079, alpha=0.0239071, xc=nan, p=nan, KS=0.177319, loglik=-3687.46, AIC=7376.92, BIC=7381.58

ΔAIC / ΔBIC
truncated: ΔAIC = 0 ΔBIC = 0
powerlaw: ΔAIC = 109.104 ΔBIC = 109.104
shifted_exp: ΔAIC = 224.222 ΔBIC = 224.222
",truncated,5.510792970657349,True,,truncated,5.510792970657349,1.4773471440398802,577.8992898464203,,0.06730025136416767,7152.698797062637,7157.356808108508,-3575.3493985313185,779,True,,shifted_exp,5.510792970657349,0.023907052022157493,,,0.17731909503876048,7376.920444211175,7381.578455257046,-3687.4602221055875,779,-224.22164714853807
/home/hpc/Desktop/resonant_swarm_runs/position_records/N100/kappa_2p5/okappa_1p8/pos_rep01_seed10000001.npz,100,2.5,1.8,1,10000001,com,-1,com,1.8254478812217714,1.007431983947754,0.7735711336135864,1276,1276,True,,"Model comparison
----------------
truncated: xmin=3.81877, alpha=1.3359, xc=376.992, p=nan, KS=0.058572, loglik=-4012.84, AIC=8027.69, BIC=8032.48
powerlaw: xmin=3.81877, alpha=1.57871, xc=nan, p=nan, KS=0.129342, loglik=-4116.47, AIC=8234.94, BIC=8239.73
shifted_exp: xmin=3.81877, alpha=0.0262937, xc=nan, p=nan, KS=0.18443, loglik=-4137.48, AIC=8276.95, BIC=8281.74

ΔAIC / ΔBIC
truncated: ΔAIC = 0 ΔBIC = 0
powerlaw: ΔAIC = 207.253 ΔBIC = 207.253
shifted_exp: ΔAIC = 249.263 ΔBIC = 249.263
",truncated,3.818771719932556,True,,truncated,3.818771719932556,1.3358975066562024,376.99217104911804,,0.058571957133839336,8027.687209732031,8032.480675864611,-4012.8436048660155,892,True,,shifted_exp,3.818771719932556,0.026293717365364615,,,0.1844302197103755,8276.950649178776,8281.744115311356,-4137.475324589388,892,-249.263439446745
/home/hpc/Desktop/resonant_swarm_runs/position_records/N100/kappa_2p5/okappa_1p8/pos_rep02_seed10000002.npz,100,2.5,1.8,2,10000002,com,-1,com,1.8939042091369631,1.033357858657837,0.7976109981536865,1254,1254,True,,"Model comparison
----------------
truncated: xmin=5.92169, alpha=1.39699, xc=393.684, p=nan, KS=0.0524465, loglik=-3595.87, AIC=7193.74, BIC=7198.39
powerlaw: xmin=5.92169, alpha=1.64891, xc=nan, p=nan, KS=0.126405, loglik=-3678.14, AIC=7358.28, BIC=7362.94
shifted_exp: xmin=5.92169, alpha=0.0231994, xc=nan, p=nan, KS=0.155787, loglik=-3687.05, AIC=7376.1, BIC=7380.75

ΔAIC / ΔBIC
truncated: ΔAIC = 0 ΔBIC = 0
powerlaw: ΔAIC = 164.542 ΔBIC = 164.542
shifted_exp: ΔAIC = 182.356 ΔBIC = 182.356
",truncated,5.921693325042725,True,,truncated,5.921693325042725,1.396986124225096,393.68386483192444,,0.052446474794094866,7193.742215329235,7198.393787202825,-3595.8711076646173,774,True,,shifted_exp,5.921693325042725,0.02319938352207783,,,0.1557872127738298,7376.098578984115,7380.750150857705,-3687.0492894920576,774,-182.35636365488062
/home/hpc/Desktop/resonant_swarm_runs/position_records/N100/kappa_2p5/okappa_1p8/pos_rep03_seed10000003.npz,100,2.5,1.8,3,10000003,com,-1,com,1.8512889623641968,1.024917483329773,0.784458577632904,1248,1248,True,,"Model comparison
----------------
truncated: xmin=3.92748, alpha=1.35737, xc=458.418, p=nan, KS=0.0584932, loglik=-3900.53, AIC=7803.07, BIC=7807.82
powerlaw: xmin=3.92748, alpha=1.57616, xc=nan, p=nan, KS=0.130188, loglik=-3989.35, AIC=7980.69, BIC=7985.45
shifted_exp: xmin=3.92748, alpha=0.0248621, xc=nan, p=nan, KS=0.183486, loglik=-4023.11, AIC=8048.22, BIC=8052.97

ΔAIC / ΔBIC
truncated: ΔAIC = 0 ΔBIC = 0
powerlaw: ΔAIC = 177.624 ΔBIC = 177.624
shifted_exp: ΔAIC = 245.152 ΔBIC = 245.152
",truncated,3.9274840354919434,True,,truncated,3.9274840354919434,1.357368778187147,458.41763174533844,,0.05849324234411374,7803.068659161402,7807.82209708,-3900.534329580701,857,True,,shifted_exp,3.9274840354919434,0.024862091473288366,,,0.18348601057180375,8048.2205677726415,8052.97400569124,-4023.1102838863208,857,-245.15190861123938
/home/hpc/Desktop/resonant_swarm_runs/position_records/N100/kappa_2p5/okappa_1p8/pos_rep04_seed10000004.npz,100,2.5,1.8,4,10000004,com,-1,com,1.8782290101051333,1.0351003408432007,0.7864212393760681,1317,1317,True,,"Model comparison
----------------
truncated: xmin=5.70094, alpha=1.48125, xc=619.174, p=nan, KS=0.0674779, loglik=-3775.31, AIC=7552.62, BIC=7557.33
powerlaw: xmin=5.70094, alpha=1.65389, xc=nan, p=nan, KS=0.120858, loglik=-3830.92, AIC=7663.83, BIC=7668.53
shifted_exp: xmin=5.70094, alpha=0.0248388, xc=nan, p=nan, KS=0.155962, loglik=-3831.41, AIC=7664.81, BIC=7669.52

ΔAIC / ΔBIC
truncated: ΔAIC = 0 ΔBIC = 0
powerlaw: ΔAIC = 111.208 ΔBIC = 111.208
shifted_exp: ΔAIC = 112.189 ΔBIC = 112.189
",truncated,5.700935363769531,True,,truncated,5.700935363769531,1.4812494343932066,619.1737374067307,,0.0674778552954095,7552.621967080536,7557.3263814355,-3775.310983540268,816,True,,shifted_exp,5.700935363769531,0.024838757151921652,,,0.15596204484383913,7664.811293530326,7669.51570788529,-3831.405646765163,816,-112.18932644979031
/home/hpc/Desktop/resonant_swarm_runs/position_records/N100/kappa_2p5/okappa_1p8/pos_rep05_seed10000005.npz,100,2.5,1.8,5,10000005,com,-1,com,1.8554121971130373,1.0162144899368286,0.7849632501602173,1231,1231,True,,"Model comparison
----------------
truncated: xmin=3.85569, alpha=1.41981, xc=667.871, p=nan, KS=0.0779493, loglik=-3979.86, AIC=7961.71, BIC=7966.49
powerlaw: xmin=3.85569, alpha=1.58375, xc=nan, p=nan, KS=0.134276, loglik=-4044.19, AIC=8090.39, BIC=8095.17
shifted_exp: xmin=3.85569, alpha=0.0254623, xc=nan, p=nan, KS=0.19628, loglik=-4105.42, AIC=8212.84, BIC=8217.62

ΔAIC / ΔBIC
truncated: ΔAIC = 0 ΔBIC = 0
powerlaw: ΔAIC = 128.674 ΔBIC = 128.674
shifted_exp: ΔAIC = 251.126 ΔBIC = 251.126
",truncated,3.8556872606277466,True,,truncated,3.8556872606277466,1.4198099265165718,667.8713134527206,,0.0779492827436058,7961.711952656178,7966.490737553863,-3979.855976328089,879,True,,shifted_exp,3.8556872606277466,0.02546230060382308,,,0.1962797399704399,8212.838025386853,8217.616810284539,-4105.419012693426,879,-251.12607273067442
/home/hpc/Desktop/resonant_swarm_runs/position_records/N100/kappa_2p5/okappa_1p8/pos_rep06_seed10000006.npz,100,2.5,1.8,6,10000006,com,-1,com,1.8589159011840826,1.022088646888733,0.7924960255622864,1233,1233,True,,"Model comparison
----------------
truncated: xmin=13.6222, alpha=1.5424, xc=428.806, p=nan, KS=0.0523182, loglik=-2628.52, AIC=5259.03, BIC=5263.31
powerlaw: xmin=13.6222, alpha=1.82247, xc=nan, p=nan, KS=0.117862, loglik=-2677.25, AIC=5356.5, BIC=5360.78
shifted_exp: xmin=13.6222, alpha=0.0187622, xc=nan, p=nan, KS=0.106406, loglik=-2652.16, AIC=5306.32, BIC=5310.6

ΔAIC / ΔBIC
truncated: ΔAIC = 0 ΔBIC = 0
powerlaw: ΔAIC = 97.4652 ΔBIC = 97.4652
shifted_exp: ΔAIC = 47.2855 ΔBIC = 47.2855
",truncated,13.622198462486267,True,,truncated,13.622198462486267,1.5424008104386668,428.8064674139023,,0.052318219410129874,5259.03474486489,5263.313266289056,-2628.517372432445,533,True,,shifted_exp,13.622198462486267,0.01876221747802991,,,0.10640638366628435,5306.32020917156,5310.598730595726,-2652.16010458578,533,-47.28546430667029
/home/hpc/Desktop/resonant_swarm_runs/position_records/N100/kappa_2p5/okappa_1p8/pos_rep07_seed10000007.npz,100,2.5,1.8,7,10000007,com,-1,com,1.9023672223091126,1.0344403982162476,0.8046813607215881,1202,1202,True,,"Model comparison
----------------
truncated: xmin=4.05179, alpha=1.33083, xc=475.578, p=nan, KS=0.0625205, loglik=-3794.25, AIC=7590.5, BIC=7595.2
powerlaw: xmin=4.05179, alpha=1.56145, xc=nan, p=nan, KS=0.13599, loglik=-3886.88, AIC=7775.77, BIC=7780.47
shifted_exp: xmin=4.05179, alpha=0.0231626, xc=nan, p=nan, KS=0.183577, loglik=-3893.18, AIC=7788.37, BIC=7793.07

ΔAIC / ΔBIC
truncated: ΔAIC = 0 ΔBIC = 0
powerlaw: ΔAIC = 185.271 ΔBIC = 185.271
shifted_exp: ΔAIC = 197.869 ΔBIC = 197.869
",truncated,4.051789999008179,True,,truncated,4.051789999008179,1.3308311078135107,475.57776629924774,,0.062520467249428,7590.496384174888,7595.202023269748,-3794.248192087444,817,True,,shifted_exp,4.051789999008179,0.023162568279237634,,,0.18357698896059688,7788.3657864076995,7793.07142550256,-3893.1828932038497,817,-197.8694022328118
/home/hpc/Desktop/resonant_swarm_runs/position_records/N100/kappa_2p5/okappa_1p8/pos_rep08_seed10000008.npz,100,2.5,1.8,8,10000008,com,-1,com,1.7368553638458253,0.9865943193435669,0.75894695520401,1387,1387,True,,"Model comparison
----------------
truncated: xmin=3.72626, alpha=1.39605, xc=442.188, p=nan, KS=0.05621, loglik=-3968.08, AIC=7938.15, BIC=7942.95
powerlaw: xmin=3.72626, alpha=1.59643, xc=nan, p=nan, KS=0.121355, loglik=-4048.92, AIC=8099.84, BIC=8104.64
shifted_exp: xmin=3.72626, alpha=0.027325, xc=nan, p=nan, KS=0.203599, loglik=-4130.76, AIC=8263.52, BIC=8268.32

ΔAIC / ΔBIC
truncated: ΔAIC = 0 ΔBIC = 0
powerlaw: ΔAIC = 161.687 ΔBIC = 161.687
shifted_exp: ΔAIC = 325.363 ΔBIC = 325.363
",truncated,3.726258158683777,True,,truncated,3.726258158683777,1.396046045960874,442.18809485435486,,0.0562100120256252,7938.1534728324,7942.953642900703,-3968.0767364162,898,True,,shifted_exp,3.726258158683777,0.02732500044075777,,,0.2035991733412295,8263.515998905641,8268.316168973943,-4130.7579994528205,898,-325.3625260732406
/home/hpc/Desktop/resonant_swarm_runs/position_records/N100/kappa_2p5/okappa_1p8/pos_rep09_seed10000009.npz,100,2.5,1.8,9,10000009,com,-1,com,1.7309757947921756,0.9823641180992126,0.7644940614700317,1330,1330,True,,"Model comparison
----------------
truncated: xmin=5.26231, alpha=1.47108, xc=578.788, p=nan, KS=0.0554997, loglik=-3543.65, AIC=7089.31, BIC=7093.96
powerlaw: xmin=5.26231, alpha=1.64668, xc=nan, p=nan, KS=0.107178, loglik=-3598.21, AIC=7198.42, BIC=7203.07
shifted_exp: xmin=5.26231, alpha=0.0240862, xc=nan, p=nan, KS=0.194358, loglik=-3662.74, AIC=7327.48, BIC=7332.13

ΔAIC / ΔBIC
truncated: ΔAIC = 0 ΔBIC = 0
powerlaw: ΔAIC = 109.111 ΔBIC = 109.111
shifted_exp: ΔAIC = 238.172 ΔBIC = 238.172
",truncated,5.262314200401306,True,,truncated,5.262314200401306,1.471080459641739,578.7878608703613,,0.055499699503370414,7089.305850554223,7093.958713583576,-3543.6529252771115,775,True,,shifted_exp,5.262314200401306,0.024086242262181173,,,0.19435815621786717,7327.477416067175,7332.130279096528,-3662.7387080335875,775,-238.17156551295193
/home/hpc/Desktop/resonant_swarm_runs/position_records/N100/kappa_2p5/okappa_1p8/pos_rep10_seed10000010.npz,100,2.5,1.8,10,10000010,com,-1,com,1.7634677290916447,0.997992217540741,0.7651212215423584,1307,1307,True,,"Model comparison
----------------
truncated: xmin=3.73941, alpha=1.40209, xc=527.96, p=nan, KS=0.0572832, loglik=-3885.83, AIC=7773.67, BIC=7778.43
powerlaw: xmin=3.73941, alpha=1.58701, xc=nan, p=nan, KS=0.115658, loglik=-3958.47, AIC=7918.93, BIC=7923.7
shifted_exp: xmin=3.73941, alpha=0.025872, xc=nan, p=nan, KS=0.203041, loglik=-4044.84, AIC=8091.68, BIC=8096.45

ΔAIC / ΔBIC
truncated: ΔAIC = 0 ΔBIC = 0
powerlaw: ΔAIC = 145.266 ΔBIC = 145.266
shifted_exp: ΔAIC = 318.015 ΔBIC = 318.015
",truncated,3.7394144535064697,True,,truncated,3.7394144535064697,1.4020923429120145,527.9599597454071,,0.057283153263987266,7773.6661932247125,7778.433536349978,-3885.8330966123563,869,True,,shifted_exp,3.7394144535064697,0.025872046315580238,,,0.20304106381262854,8091.681219211194,8096.448562336459,-4044.840609605597,869,-318.0150259864813
/home/hpc/Desktop/resonant_swarm_runs/position_records/N100/kappa_2p5/okappa_1p8/pos_rep11_seed10000011.npz,100,2.5,1.8,11,10000011,com,-1,com,1.805318498611451,1.0042873620986938,0.7821831107139587,1270,1270,True,,"Model comparison
----------------
truncated: xmin=5.48545, alpha=1.51656, xc=770.021, p=nan, KS=0.0612006, loglik=-3429.8, AIC=6861.61, BIC=6866.22
powerlaw: xmin=5.48545, alpha=1.65835, xc=nan, p=nan, KS=0.106115, loglik=-3470.03, AIC=6942.07, BIC=6946.69
shifted_exp: xmin=5.48545, alpha=0.0226681, xc=nan, p=nan, KS=0.208106, loglik=-3580.52, AIC=7163.04, BIC=7167.66

ΔAIC / ΔBIC
truncated: ΔAIC = 0 ΔBIC = 0
powerlaw: ΔAIC = 80.463 ΔBIC = 80.463
shifted_exp: ΔAIC = 301.438 ΔBIC = 301.438
",truncated,5.485451340675354,True,,truncated,5.485451340675354,1.5165572172344697,770.0209978818893,,0.06120060883192496,6861.606810238304,6866.224213216278,-3429.803405119152,748,True,,shifted_exp,5.485451340675354,0.022668141870272777,,,0.20810606041722363,7163.0449939915015,7167.662396969476,-3580.5224969957508,748,-301.43818375319734
/home/hpc/Desktop/resonant_swarm_runs/position_records/N100/kappa_2p5/okappa_1p8/pos_rep12_seed10000012.npz,100,2.5,1.8,12,10000012,com,-1,com,1.8947867274284362,1.0292973518371582,0.8040118217468262,1185,1185,True,,"Model comparison
----------------
truncated: xmin=3.91927, alpha=1.40751, xc=689.026, p=nan, KS=0.0657963, loglik=-3801.45, AIC=7604.91, BIC=7609.63
powerlaw: xmin=3.91927, alpha=1.57539, xc=nan, p=nan, KS=0.123664, loglik=-3864.95, AIC=7731.9, BIC=7736.62
shifted_exp: xmin=3.91927, alpha=0.0233958, xc=nan, p=nan, KS=0.212912, loglik=-3946.82, AIC=7895.63, BIC=7900.35

ΔAIC / ΔBIC
truncated: ΔAIC = 0 ΔBIC = 0
powerlaw: ΔAIC = 126.99 ΔBIC = 126.99
shifted_exp: ΔAIC = 290.721 ΔBIC = 290.721
",truncated,3.9192652702331543,True,,truncated,3.9192652702331543,1.4075076722982836,689.0258325338364,,0.06579633187229283,7604.908607237184,7609.630032937975,-3801.454303618592,830,True,,shifted_exp,3.9192652702331543,0.023395798351674504,,,0.21291167185628812,7895.630058400303,7900.351484101094,-3946.8150292001515,830,-290.7214511631191
/home/hpc/Desktop/resonant_swarm_runs/position_records/N100/kappa_2p5/okappa_1p8/pos_rep13_seed10000013.npz,100,2.5,1.8,13,10000013,com,-1,com,1.7253992319107059,0.9863983988761902,0.7616315484046936,1320,1320,True,,"Model comparison
----------------
truncated: xmin=5.23077, alpha=1.48074, xc=620.073, p=nan, KS=0.0550027, loglik=-3394.96, AIC=6791.93, BIC=6796.54
powerlaw: xmin=5.23077, alpha=1.64706, xc=nan, p=nan, KS=0.105384, loglik=-3444.05, AIC=6890.09, BIC=6894.7
shifted_exp: xmin=5.23077, alpha=0.023004, xc=nan, p=nan, KS=0.206577, loglik=-3545.66, AIC=7093.32, BIC=7097.93

ΔAIC / ΔBIC
truncated: ΔAIC = 0 ΔBIC = 0
powerlaw: ΔAIC = 98.1635 ΔBIC = 98.1635
shifted_exp: ΔAIC = 301.395 ΔBIC = 301.395
",truncated,5.230769753456116,True,,truncated,5.230769753456116,1.480736299623276,620.0729159116745,,0.05500266718413316,6791.927203150685,6796.537899195403,-3394.9636015753426,743,True,,shifted_exp,5.230769753456116,0.023003983380899578,,,0.20657677764242377,7093.3226009362,7097.9332969809175,-3545.6613004681,743,-301.39539778551443
/home/hpc/Desktop/resonant_swarm_runs/position_records/N100/kappa_2p5/okappa_1p8/pos_rep14_seed10000014.npz,100,2.5,1.8,14,10000014,com,-1,com,1.832809376716614,1.01322603225708,0.7852045297622681,1255,1255,True,,"Model comparison
----------------
truncated: xmin=5.54583, alpha=1.45689, xc=548.117, p=nan, KS=0.0550422, loglik=-3607.46, AIC=7216.91, BIC=7221.57
powerlaw: xmin=5.54583, alpha=1.64651, xc=nan, p=nan, KS=0.113427, loglik=-3667.57, AIC=7337.13, BIC=7341.79
shifted_exp: xmin=5.54583, alpha=0.0235432, xc=nan, p=nan, KS=0.182765, loglik=-3708.91, AIC=7419.81, BIC=7424.47

ΔAIC / ΔBIC
truncated: ΔAIC = 0 ΔBIC = 0
powerlaw: ΔAIC = 120.217 ΔBIC = 120.217
shifted_exp: ΔAIC = 202.897 ΔBIC = 202.897
",truncated,5.545826077461243,True,,truncated,5.545826077461243,1.456888435216572,548.1170852184296,,0.05504221576578877,7216.914409181562,7221.574984331402,-3607.457204590781,781,True,,shifted_exp,5.545826077461243,0.02354318751251168,,,0.18276502522337723,7419.811131187421,7424.471706337261,-3708.9055655937104,781,-202.89672200585846
/home/hpc/Desktop/resonant_swarm_runs/position_records/N100/kappa_2p5/okappa_1p8/pos_rep15_seed10000015.npz,100,2.5,1.8,15,10000015,com,-1,com,1.830535101890564,1.0194828510284424,0.798159658908844,1149,1149,True,,"Model comparison
----------------
truncated: xmin=3.84339, alpha=1.38436, xc=678.319, p=nan, KS=0.0592737, loglik=-3562.73, AIC=7127.47, BIC=7132.11
powerlaw: xmin=3.84339, alpha=1.56146, xc=nan, p=nan, KS=0.120594, loglik=-3627.27, AIC=7256.54, BIC=7261.19
shifted_exp: xmin=3.84339, alpha=0.0217407, xc=nan, p=nan, KS=0.210614, loglik=-3722.83, AIC=7447.65, BIC=7452.3

ΔAIC / ΔBIC
truncated: ΔAIC = 0 ΔBIC = 0
powerlaw: ΔAIC = 129.077 ΔBIC = 129.077
shifted_exp: ΔAIC = 320.188 ΔBIC = 320.188
",truncated,3.8433902263641357,True,,truncated,3.8433902263641357,1.3843625086197457,678.3192323446274,,0.05927370855464981,7127.4655707482725,7132.113259121836,-3562.7327853741363,771,True,,shifted_exp,3.8433902263641357,0.021740701093357084,,,0.21061364408258493,7447.653627456687,7452.30131583025,-3722.8268137283435,771,-320.1880567084145
/home/hpc/Desktop/resonant_swarm_runs/position_records/N100/kappa_2p5/okappa_1p8/pos_rep16_seed10000016.npz,100,2.5,1.8,16,10000016,com,-1,com,1.714385807514191,0.9691882729530334,0.7530539631843567,1320,1320,True,,"Model comparison
----------------
truncated: xmin=3.67723, alpha=1.38706, xc=608.031, p=nan, KS=0.0647956, loglik=-3824.15, AIC=7650.29, BIC=7655.03
powerlaw: xmin=3.67723, alpha=1.56734, xc=nan, p=nan, KS=0.125241, loglik=-3895.15, AIC=7792.3, BIC=7797.03
shifted_exp: xmin=3.67723, alpha=0.0255913, xc=nan, p=nan, KS=0.180836, loglik=-3923.69, AIC=7849.37, BIC=7854.11

ΔAIC / ΔBIC
truncated: ΔAIC = 0 ΔBIC = 0
powerlaw: ΔAIC = 142.004 ΔBIC = 142.004
shifted_exp: ΔAIC = 199.078 ΔBIC = 199.078
",truncated,3.6772316694259644,True,,truncated,3.6772316694259644,1.3870571887658967,608.0311853885651,,0.06479562174495546,7650.294098772012,7655.0286904319855,-3824.147049386006,841,True,,shifted_exp,3.6772316694259644,0.025591349556120562,,,0.1808362400200687,7849.372501293356,7854.10709295333,-3923.686250646678,841,-199.0784025213443
/home/hpc/Desktop/resonant_swarm_runs/position_records/N100/kappa_2p5/okappa_1p8/pos_rep17_seed10000017.npz,100,2.5,1.8,17,10000017,com,-1,com,1.841494119167328,1.016587257385254,0.7856408953666687,1238,1238,True,,"Model comparison
----------------
truncated: xmin=3.86553, alpha=1.34531, xc=460.537, p=nan, KS=0.0656559, loglik=-3862.42, AIC=7726.84, BIC=7731.58
powerlaw: xmin=3.86553, alpha=1.56798, xc=nan, p=nan, KS=0.140167, loglik=-3953.25, AIC=7908.5, BIC=7913.23
shifted_exp: xmin=3.86553, alpha=0.0244395, xc=nan, p=nan, KS=0.17687, loglik=-3981.26, AIC=7964.53, BIC=7969.27

ΔAIC / ΔBIC
truncated: ΔAIC = 0 ΔBIC = 0
powerlaw: ΔAIC = 181.655 ΔBIC = 181.655
shifted_exp: ΔAIC = 237.688 ΔBIC = 237.688
",truncated,3.86552631855011,True,,truncated,3.86552631855011,1.3453116660704898,460.5368926525116,,0.06565592523794535,7726.839809135978,7731.579145763335,-3862.419904567989,845,True,,shifted_exp,3.86552631855011,0.024439492427136708,,,0.17686974754400242,7964.527802995067,7969.267139622424,-3981.2639014975334,845,-237.68799385908915
/home/hpc/Desktop/resonant_swarm_runs/position_records/N100/kappa_2p5/okappa_1p8/pos_rep18_seed10000018.npz,100,2.5,1.8,18,10000018,com,-1,com,1.6779097318649292,0.962071418762207,0.7513095736503601,1304,1304,True,,"Model comparison
----------------
truncated: xmin=3.59013, alpha=1.45993, xc=764.58, p=nan, KS=0.0683717, loglik=-3787.01, AIC=7576.03, BIC=7580.78
powerlaw: xmin=3.59013, alpha=1.59646, xc=nan, p=nan, KS=0.113175, loglik=-3836.55, AIC=7675.1, BIC=7679.85
shifted_exp: xmin=3.59013, alpha=0.026071, xc=nan, p=nan, KS=0.231833, loglik=-3987.07, AIC=7976.14, BIC=7980.89

ΔAIC / ΔBIC
truncated: ΔAIC = 0 ΔBIC = 0
powerlaw: ΔAIC = 99.0734 ΔBIC = 99.0734
shifted_exp: ΔAIC = 400.11 ΔBIC = 400.11
",truncated,3.590134859085083,True,,truncated,3.590134859085083,1.4599295647864257,764.5798428058624,,0.06837170580410439,7576.025510393568,7580.780114493055,-3787.012755196784,858,True,,shifted_exp,3.590134859085083,0.02607099458661939,,,0.23183337427994216,7976.135142366761,7980.889746466249,-3987.0675711833806,858,-400.10963197319325
/home/hpc/Desktop/resonant_swarm_runs/position_records/N100/kappa_2p5/okappa_1p8/pos_rep19_seed10000019.npz,100,2.5,1.8,19,10000019,com,-1,com,1.7755882024765017,0.9951910376548767,0.7700372934341431,1251,1251,True,,"Model comparison
----------------
truncated: xmin=3.79907, alpha=1.39315, xc=583.849, p=nan, KS=0.060124, loglik=-3708.3, AIC=7418.6, BIC=7423.31
powerlaw: xmin=3.79907, alpha=1.57586, xc=nan, p=nan, KS=0.120605, loglik=-3777.16, AIC=7556.31, BIC=7561.02
shifted_exp: xmin=3.79907, alpha=0.0240859, xc=nan, p=nan, KS=0.206536, loglik=-3861.25, AIC=7724.49, BIC=7729.2

ΔAIC / ΔBIC
truncated: ΔAIC = 0 ΔBIC = 0
powerlaw: ΔAIC = 137.709 ΔBIC = 137.709
shifted_exp: ΔAIC = 305.887 ΔBIC = 305.887
",truncated,3.7990745306015015,True,,truncated,3.7990745306015015,1.3931461019939155,583.8494641780853,,0.06012398905602934,7418.604190850799,7423.309829945659,-3708.3020954253993,817,True,,shifted_exp,3.7990745306015015,0.024085944023564242,,,0.2065359701395677,7724.49126337425,7729.19690246911,-3861.245631687125,817,-305.887072523451
/home/hpc/Desktop/resonant_swarm_runs/position_records/N200/kappa_2p5/okappa_1p8/pos_rep00_seed20000000.npz,200,2.5,1.8,0,20000000,com,-1,com,0.8893271982669833,0.5751215815544128,0.42594578862190247,2490,2490,True,,"Model comparison
----------------
truncated: xmin=3.70861, alpha=1.90082, xc=614.836, p=nan, KS=0.0316067, loglik=-3099.11, AIC=6200.22, BIC=6205.03
powerlaw: xmin=3.70861, alpha=1.94482, xc=nan, p=nan, KS=0.0418144, loglik=-3107.22, AIC=6216.45, BIC=6221.26
shifted_exp: xmin=3.70861, alpha=0.0636301, xc=nan, p=nan, KS=0.258281, loglik=-3405.49, AIC=6812.97, BIC=6817.78

ΔAIC / ΔBIC
truncated: ΔAIC = 0 ΔBIC = 0
powerlaw: ΔAIC = 16.2259 ΔBIC = 16.2259
shifted_exp: ΔAIC = 612.75 ΔBIC = 612.75
",truncated,3.7086077332496643,True,,truncated,3.7086077332496643,1.900820946126449,614.8360278606415,,0.03160669856675037,6200.2203575269905,6205.030499977106,-3099.1101787634952,907,True,,shifted_exp,3.7086077332496643,0.06363005287479516,,,0.2582806590012027,6812.970274847793,6817.780417297909,-3405.4851374238965,907,-612.7499173208025
/home/hpc/Desktop/resonant_swarm_runs/position_records/N200/kappa_2p5/okappa_1p8/pos_rep01_seed20000001.npz,200,2.5,1.8,1,20000001,com,-1,com,0.8834493398666382,0.5705726742744446,0.4108857810497284,2575,2575,True,,"Model comparison
----------------
truncated: xmin=3.53429, alpha=1.86057, xc=597.451, p=nan, KS=0.0361423, loglik=-3042.51, AIC=6087.01, BIC=6091.8
powerlaw: xmin=3.53429, alpha=1.90975, xc=nan, p=nan, KS=0.0481734, loglik=-3051.91, AIC=6105.83, BIC=6110.61
shifted_exp: xmin=3.53429, alpha=0.062985, xc=nan, p=nan, KS=0.253678, loglik=-3324.37, AIC=6650.74, BIC=6655.52

ΔAIC / ΔBIC
truncated: ΔAIC = 0 ΔBIC = 0
powerlaw: ΔAIC = 18.8148 ΔBIC = 18.8148
shifted_exp: ΔAIC = 563.728 ΔBIC = 563.728
",truncated,3.534294605255127,True,,truncated,3.534294605255127,1.8605727725332244,597.4510044455528,,0.03614227453806135,6087.012005932502,6091.795331133106,-3042.506002966251,883,True,,shifted_exp,3.534294605255127,0.06298501342367427,,,0.2536780316334053,6650.740045751518,6655.523370952122,-3324.370022875759,883,-563.728039819016
/home/hpc/Desktop/resonant_swarm_runs/position_records/N200/kappa_2p5/okappa_1p8/pos_rep02_seed20000002.npz,200,2.5,1.8,2,20000002,com,-1,com,0.8930433809757234,0.580620288848877,0.42411941289901733,2431,2431,True,,"Model comparison
----------------
truncated: xmin=4.78795, alpha=1.81551, xc=373.058, p=nan, KS=0.0249933, loglik=-2568.87, AIC=5139.73, BIC=5144.27
powerlaw: xmin=4.78795, alpha=1.91101, xc=nan, p=nan, KS=0.0481359, loglik=-2584.81, AIC=5171.62, BIC=5176.15
shifted_exp: xmin=4.78795, alpha=0.0496248, xc=nan, p=nan, KS=0.241174, loglik=-2754.25, AIC=5510.49, BIC=5515.03

ΔAIC / ΔBIC
truncated: ΔAIC = 0 ΔBIC = 0
powerlaw: ΔAIC = 31.8862 ΔBIC = 31.8862
shifted_exp: ΔAIC = 370.761 ΔBIC = 370.761
",truncated,4.787948191165924,True,,truncated,4.787948191165924,1.8155110066751652,373.05779272317886,,0.024993290100934068,5139.732190067483,5144.265978905417,-2568.8660950337417,688,True,,shifted_exp,4.787948191165924,0.04962477285261525,,,0.24117415095187145,5510.492801353245,5515.026590191179,-2754.2464006766227,688,-370.760611285762
/home/hpc/Desktop/resonant_swarm_runs/position_records/N200/kappa_2p5/okappa_1p8/pos_rep03_seed20000003.npz,200,2.5,1.8,3,20000003,com,-1,com,0.8708918869495392,0.5666672587394714,0.4115704298019409,2658,2658,True,,"Model comparison
----------------
truncated: xmin=3.97385, alpha=1.84677, xc=370.845, p=nan, KS=0.0302363, loglik=-2753.81, AIC=5509.62, BIC=5514.28
powerlaw: xmin=3.97385, alpha=1.92471, xc=nan, p=nan, KS=0.0495283, loglik=-2767.84, AIC=5537.68, BIC=5542.34
shifted_exp: xmin=3.97385, alpha=0.0587541, xc=nan, p=nan, KS=0.242259, loglik=-2998.5, AIC=5998.99, BIC=6003.65

ΔAIC / ΔBIC
truncated: ΔAIC = 0 ΔBIC = 0
powerlaw: ΔAIC = 28.0601 ΔBIC = 28.0601
shifted_exp: ΔAIC = 489.376 ΔBIC = 489.376
",truncated,3.9738476872444153,True,,truncated,3.9738476872444153,1.846768663519414,370.8452824354172,,0.030236294244852302,5509.616432444151,5514.278287184696,-2753.8082162220753,782,True,,shifted_exp,3.9738476872444153,0.05875411160847294,,,0.24225861996256293,5998.992440561655,6003.6542953022,-2998.4962202808274,782,-489.37600811750417
/home/hpc/Desktop/resonant_swarm_runs/position_records/N200/kappa_2p5/okappa_1p8/pos_rep04_seed20000004.npz,200,2.5,1.8,4,20000004,com,-1,com,0.8977741718292238,0.5856363773345947,0.44473448395729065,2426,2426,True,,"Model comparison
----------------
truncated: xmin=4.91375, alpha=1.90288, xc=610.973, p=nan, KS=0.019852, loglik=-2407.12, AIC=4816.25, BIC=4820.73
powerlaw: xmin=4.91375, alpha=1.95712, xc=nan, p=nan, KS=0.0324035, loglik=-2414.51, AIC=4831.02, BIC=4835.51
shifted_exp: xmin=4.91375, alpha=0.0456292, xc=nan, p=nan, KS=0.285966, loglik=-2681.21, AIC=5364.42, BIC=5368.9

ΔAIC / ΔBIC
truncated: ΔAIC = 0 ΔBIC = 0
powerlaw: ΔAIC = 14.775 ΔBIC = 14.775
shifted_exp: ΔAIC = 548.171 ΔBIC = 548.171
",truncated,4.913746237754822,True,,truncated,4.913746237754822,1.9028798014103403,610.9725699424744,,0.019852032578334344,4816.245573285297,4820.731734074241,-2407.1227866426484,656,True,,shifted_exp,4.913746237754822,0.04562918380648884,,,0.28596575418586656,5364.416596097017,5368.902756885961,-2681.2082980485084,656,-548.1710228117199
/home/hpc/Desktop/resonant_swarm_runs/position_records/N200/kappa_2p5/okappa_1p8/pos_rep05_seed20000005.npz,200,2.5,1.8,5,20000005,com,-1,com,0.9047424614429475,0.5934132933616638,0.4474920630455017,2308,2308,True,,"Model comparison
----------------
truncated: xmin=4.19189, alpha=1.73355, xc=373.677, p=nan, KS=0.0278374, loglik=-2709.49, AIC=5420.98, BIC=5425.56
powerlaw: xmin=4.19189, alpha=1.84021, xc=nan, p=nan, KS=0.0564613, loglik=-2730.35, AIC=5462.7, BIC=5467.27
shifted_exp: xmin=4.19189, alpha=0.0464838, xc=nan, p=nan, KS=0.248759, loglik=-2925.36, AIC=5852.72, BIC=5857.3

ΔAIC / ΔBIC
truncated: ΔAIC = 0 ΔBIC = 0
powerlaw: ΔAIC = 41.7104 ΔBIC = 41.7104
shifted_exp: ΔAIC = 431.736 ΔBIC = 431.736
",truncated,4.191893696784973,True,,truncated,4.191893696784973,1.7335472383597892,373.6774787902832,,0.027837396650303214,5420.984731819365,5425.5625931770865,-2709.4923659096826,719,True,,shifted_exp,4.191893696784973,0.046483791383689944,,,0.2487592158112445,5852.7210001501235,5857.298861507845,-2925.3605000750617,719,-431.7362683307583
/home/hpc/Desktop/resonant_swarm_runs/position_records/N200/kappa_2p5/okappa_1p8/pos_rep06_seed20000006.npz,200,2.5,1.8,6,20000006,com,-1,com,0.9399261116981507,0.6090868711471558,0.479233056306839,2138,2138,True,,"Model comparison
----------------
truncated: xmin=5.9807, alpha=1.8477, xc=787.084, p=nan, KS=0.0261168, loglik=-2255.49, AIC=4512.98, BIC=4517.32
powerlaw: xmin=5.9807, alpha=1.90873, xc=nan, p=nan, KS=0.0397437, loglik=-2263.3, AIC=4528.59, BIC=4532.93
shifted_exp: xmin=5.9807, alpha=0.0362257, xc=nan, p=nan, KS=0.266211, loglik=-2452.62, AIC=4907.23, BIC=4911.57

ΔAIC / ΔBIC
truncated: ΔAIC = 0 ΔBIC = 0
powerlaw: ΔAIC = 15.6135 ΔBIC = 15.6135
shifted_exp: ΔAIC = 394.254 ΔBIC = 394.254
",truncated,5.980698049068451,True,,truncated,5.980698049068451,1.8476987015035848,787.0837572813034,,0.02611680361785937,4512.977264955076,4517.319386373797,-2255.488632477538,568,True,,shifted_exp,5.980698049068451,0.036225727670793316,,,0.2662114098851788,4907.231759115356,4911.573880534077,-2452.615879557678,568,-394.25449416028005
/home/hpc/Desktop/resonant_swarm_runs/position_records/N200/kappa_2p5/okappa_1p8/pos_rep07_seed20000007.npz,200,2.5,1.8,7,20000007,com,-1,com,0.8977089226245881,0.5894606113433838,0.44841521978378296,2402,2402,True,,"Model comparison
----------------
truncated: xmin=4.04292, alpha=1.88526, xc=594.485, p=nan, KS=0.0238242, loglik=-2746.77, AIC=5495.53, BIC=5500.19
powerlaw: xmin=4.04292, alpha=1.93571, xc=nan, p=nan, KS=0.0289929, loglik=-2755.05, AIC=5512.11, BIC=5516.76
shifted_exp: xmin=4.04292, alpha=0.0513661, xc=nan, p=nan, KS=0.306724, loglik=-3095.65, AIC=6193.29, BIC=6197.95

ΔAIC / ΔBIC
truncated: ΔAIC = 0 ΔBIC = 0
powerlaw: ΔAIC = 16.5709 ΔBIC = 16.5709
shifted_exp: ΔAIC = 697.757 ΔBIC = 697.757
",truncated,4.042924344539642,True,,truncated,4.042924344539642,1.885259024185261,594.4852324724197,,0.02382420552359634,5495.534534994102,5500.193828913785,-2746.767267497051,780,True,,shifted_exp,4.042924344539642,0.05136612567190689,,,0.30672445049778796,6193.291117543409,6197.950411463093,-3095.6455587717046,780,-697.7565825493075
/home/hpc/Desktop/resonant_swarm_runs/position_records/N200/kappa_2p5/okappa_1p8/pos_rep08_seed20000008.npz,200,2.5,1.8,8,20000008,com,-1,com,0.8735393941402435,0.5656943321228027,0.40333884954452515,2552,2552,True,,"Model comparison
----------------
truncated: xmin=7.35299, alpha=1.94593, xc=473.426, p=nan, KS=0.0462425, loglik=-1967.63, AIC=3937.26, BIC=3941.48
powerlaw: xmin=7.35299, alpha=2.02614, xc=nan, p=nan, KS=0.0543381, loglik=-1975.86, AIC=3953.72, BIC=3957.93
shifted_exp: xmin=7.35299, alpha=0.0443682, xc=nan, p=nan, KS=0.211258, loglik=-2061.73, AIC=4125.46, BIC=4129.68

ΔAIC / ΔBIC
truncated: ΔAIC = 0 ΔBIC = 0
powerlaw: ΔAIC = 16.4545 ΔBIC = 16.4545
shifted_exp: ΔAIC = 188.202 ΔBIC = 188.202
",truncated,7.352988958358765,True,,truncated,7.352988958358765,1.945934268989577,473.42554944753647,,0.04624251095954217,3937.260492493847,3941.4770985949317,-1967.6302462469234,501,True,,shifted_exp,7.352988958358765,0.04436823248709015,,,0.21125758082745816,4125.462013250463,4129.678619351548,-2061.7310066252317,501,-188.20152075661645
/home/hpc/Desktop/resonant_swarm_runs/position_records/N200/kappa_2p5/okappa_1p8/pos_rep09_seed20000009.npz,200,2.5,1.8,9,20000009,com,-1,com,0.8852971434593201,0.5746195912361145,0.40765684843063354,2526,2526,True,,"Model comparison
----------------
truncated: xmin=5.16487, alpha=1.83668, xc=278.089, p=nan, KS=0.0234466, loglik=-2492.3, AIC=4986.6, BIC=4991.11
powerlaw: xmin=5.16487, alpha=1.95419, xc=nan, p=nan, KS=0.0453346, loglik=-2511.11, AIC=5024.23, BIC=5028.74
shifted_exp: xmin=5.16487, alpha=0.0520181, xc=nan, p=nan, KS=0.237708, loglik=-2658.54, AIC=5319.08, BIC=5323.59

ΔAIC / ΔBIC
truncated: ΔAIC = 0 ΔBIC = 0
powerlaw: ΔAIC = 37.6215 ΔBIC = 37.6215
shifted_exp: ΔAIC = 332.481 ΔBIC = 332.481
",truncated,5.164867281913757,True,,truncated,5.164867281913757,1.8366779257599155,278.08852392435074,,0.023446582591773138,4986.603573407794,4991.113831748317,-2492.301786703897,672,True,,shifted_exp,5.164867281913757,0.05201808255659122,,,0.23770816361373337,5319.0842538811485,5323.594512221672,-2658.5421269405742,672,-332.48068047335437
/home/hpc/Desktop/resonant_swarm_runs/position_records/N200/kappa_2p5/okappa_1p8/pos_rep10_seed20000010.npz,200,2.5,1.8,10,20000010,com,-1,com,0.8804429292678833,0.5718297362327576,0.42388972640037537,2422,2422,True,,"Model comparison
----------------
truncated: xmin=4.57509, alpha=1.82043, xc=424.319, p=nan, KS=0.0255534, loglik=-2598.78, AIC=5199.56, BIC=5204.12
powerlaw: xmin=4.57509, alpha=1.90419, xc=nan, p=nan, KS=0.0455368, loglik=-2612.83, AIC=5227.67, BIC=5232.22
shifted_exp: xmin=4.57509, alpha=0.0507148, xc=nan, p=nan, KS=0.24704, loglik=-2791.06, AIC=5584.11, BIC=5588.67

ΔAIC / ΔBIC
truncated: ΔAIC = 0 ΔBIC = 0
powerlaw: ΔAIC = 28.1035 ΔBIC = 28.1035
shifted_exp: ΔAIC = 384.55 ΔBIC = 384.55
",truncated,4.575085163116455,True,,truncated,4.575085163116455,1.8204300886226923,424.3186300396919,,0.025553413831855054,5199.564335396271,5204.116843283306,-2598.7821676981357,701,True,,shifted_exp,4.575085163116455,0.050714837989073426,,,0.24703974364534054,5584.114521671705,5588.667029558739,-2791.0572608358525,701,-384.5501862754336
/home/hpc/Desktop/resonant_swarm_runs/position_records/N200/kappa_2p5/okappa_1p8/pos_rep11_seed20000011.npz,200,2.5,1.8,11,20000011,com,-1,com,0.8636714875698089,0.5588303804397583,0.3943239450454712,2615,2615,True,,"Model comparison
----------------
truncated: xmin=3.52958, alpha=1.8493, xc=416.557, p=nan, KS=0.036665, loglik=-3058.03, AIC=6118.06, BIC=6122.86
powerlaw: xmin=3.52958, alpha=1.9149, xc=nan, p=nan, KS=0.0538786, loglik=-3071.27, AIC=6144.54, BIC=6149.34
shifted_exp: xmin=3.52958, alpha=0.0668801, xc=nan, p=nan, KS=0.227642, loglik=-3304.73, AIC=6611.46, BIC=6616.25

ΔAIC / ΔBIC
truncated: ΔAIC = 0 ΔBIC = 0
powerlaw: ΔAIC = 26.4781 ΔBIC = 26.4781
shifted_exp: ΔAIC = 493.394 ΔBIC = 493.394
",truncated,3.5295788049697876,True,,truncated,3.5295788049697876,1.8492956169010983,416.55720722675323,,0.036665021934663033,6118.064734313721,6122.8582004463005,-3058.0323671568603,892,True,,shifted_exp,3.5295788049697876,0.06688010434358006,,,0.22764241915997419,6611.459090081569,6616.252556214149,-3304.7295450407846,892,-493.39435576784854
/home/hpc/Desktop/resonant_swarm_runs/position_records/N200/kappa_2p5/okappa_1p8/pos_rep12_seed20000012.npz,200,2.5,1.8,12,20000012,com,-1,com,0.8545788943767548,0.5591439008712769,0.39803507924079895,2863,2863,True,,"Model comparison
----------------
truncated: xmin=4.93834, alpha=1.92345, xc=468.643, p=nan, KS=0.020474, loglik=-2329.59, AIC=4661.19, BIC=4665.66
powerlaw: xmin=4.93834, alpha=1.98631, xc=nan, p=nan, KS=0.0316536, loglik=-2337.93, AIC=4677.86, BIC=4682.33
shifted_exp: xmin=4.93834, alpha=0.0545217, xc=nan, p=nan, KS=0.258742, loglik=-2521.41, AIC=5044.81, BIC=5049.28

ΔAIC / ΔBIC
truncated: ΔAIC = 0 ΔBIC = 0
powerlaw: ΔAIC = 16.67 ΔBIC = 16.67
shifted_exp: ΔAIC = 383.624 ΔBIC = 383.624
",truncated,4.938337683677673,True,,truncated,4.938337683677673,1.9234548453033804,468.64323633909225,,0.0204740155501687,4661.188692698162,4665.657943014959,-2329.594346349081,645,True,,shifted_exp,4.938337683677673,0.05452167366955898,,,0.2587423710627449,5044.812496920807,5049.281747237603,-2521.4062484604033,645,-383.62380422264414
/home/hpc/Desktop/resonant_swarm_runs/position_records/N200/kappa_2p5/okappa_1p8/pos_rep13_seed20000013.npz,200,2.5,1.8,13,20000013,com,-1,com,0.9058238506317139,0.5910431146621704,0.4611935317516327,2358,2358,True,,"Model comparison
----------------
truncated: xmin=3.77928, alpha=1.86056, xc=576.035, p=nan, KS=0.0321102, loglik=-2918.07, AIC=5838.15, BIC=5842.87
powerlaw: xmin=3.77928, alpha=1.91352, xc=nan, p=nan, KS=0.0452451, loglik=-2927.71, AIC=5857.42, BIC=5862.14
shifted_exp: xmin=3.77928, alpha=0.0525844, xc=nan, p=nan, KS=0.277633, loglik=-3286.46, AIC=6574.93, BIC=6579.65

ΔAIC / ΔBIC
truncated: ΔAIC = 0 ΔBIC = 0
powerlaw: ΔAIC = 19.2656 ΔBIC = 19.2656
shifted_exp: ΔAIC = 736.78 ΔBIC = 736.78
",truncated,3.779281973838806,True,,truncated,3.779281973838806,1.8605618681495733,576.0351131558418,,0.03211018325351317,5838.149811398466,5842.874845040633,-2918.074905699233,833,True,,shifted_exp,3.779281973838806,0.05258438642551253,,,0.27763327646331515,6574.929841506912,6579.654875149079,-3286.464920753456,833,-736.7800301084462
/home/hpc/Desktop/resonant_swarm_runs/position_records/N200/kappa_2p5/okappa_1p8/pos_rep14_seed20000014.npz,200,2.5,1.8,14,20000014,com,-1,com,0.8881312370300294,0.5798249244689941,0.43948182463645935,2499,2499,True,,"Model comparison
----------------
truncated: xmin=6.85769, alpha=1.93259, xc=674.291, p=nan, KS=0.0262918, loglik=-1964.45, AIC=3930.89, BIC=3935.11
powerlaw: xmin=6.85769, alpha=1.99225, xc=nan, p=nan, KS=0.0404098, loglik=-1970.48, AIC=3942.96, BIC=3947.18
shifted_exp: xmin=6.85769, alpha=0.038498, xc=nan, p=nan, KS=0.265008, loglik=-2128.57, AIC=4259.15, BIC=4263.36

ΔAIC / ΔBIC
truncated: ΔAIC = 0 ΔBIC = 0
powerlaw: ΔAIC = 12.0701 ΔBIC = 12.0701
shifted_exp: ΔAIC = 328.257 ΔBIC = 328.257
",truncated,6.857689619064331,True,,truncated,6.857689619064331,1.9325896929627755,674.2905693650246,,0.02629181102489514,3930.892865473985,3935.107473572407,-1964.4464327369924,500,True,,shifted_exp,6.857689619064331,0.038497982729600165,,,0.2650076800427744,4259.1494356949115,4263.364043793334,-2128.5747178474558,500,-328.25657022092673
/home/hpc/Desktop/resonant_swarm_runs/position_records/N200/kappa_2p5/okappa_1p8/pos_rep15_seed20000015.npz,200,2.5,1.8,15,20000015,com,-1,com,0.8715411603450776,0.5621539950370789,0.39525771141052246,2643,2643,True,,"Model comparison
----------------
truncated: xmin=4.55479, alpha=1.92129, xc=461.343, p=nan, KS=0.02855, loglik=-2634.86, AIC=5271.73, BIC=5276.34
powerlaw: xmin=4.55479, alpha=1.98144, xc=nan, p=nan, KS=0.042301, loglik=-2644.05, AIC=5290.1, BIC=5294.71
shifted_exp: xmin=4.55479, alpha=0.0596114, xc=nan, p=nan, KS=0.233284, loglik=-2842.01, AIC=5686.02, BIC=5690.64

ΔAIC / ΔBIC
truncated: ΔAIC = 0 ΔBIC = 0
powerlaw: ΔAIC = 18.3675 ΔBIC = 18.3675
shifted_exp: ΔAIC = 414.296 ΔBIC = 414.296
",truncated,4.554790019989014,True,,truncated,4.554790019989014,1.9212907342317567,461.34335297346115,,0.028550005494753727,5271.727511007578,5276.339552042411,-2634.863755503789,744,True,,shifted_exp,4.554790019989014,0.059611416364161944,,,0.23328403187835423,5686.023362197581,5690.635403232414,-2842.0116810987906,744,-414.2958511900033
/home/hpc/Desktop/resonant_swarm_runs/position_records/N200/kappa_2p5/okappa_1p8/pos_rep16_seed20000016.npz,200,2.5,1.8,16,20000016,com,-1,com,0.864312082529068,0.5528456568717957,0.37779420614242554,2773,2773,True,,"Model comparison
----------------
truncated: xmin=3.57165, alpha=1.9693, xc=294.014, p=nan, KS=0.0292402, loglik=-3221.76, AIC=6445.51, BIC=6450.43
powerlaw: xmin=3.57165, alpha=2.0315, xc=nan, p=nan, KS=0.0409245, loglik=-3233.95, AIC=6469.91, BIC=6474.82
shifted_exp: xmin=3.57165, alpha=0.0833724, xc=nan, p=nan, KS=0.226838, loglik=-3508.83, AIC=7019.66, BIC=7024.57

ΔAIC / ΔBIC
truncated: ΔAIC = 0 ΔBIC = 0
powerlaw: ΔAIC = 24.3941 ΔBIC = 24.3941
shifted_exp: ΔAIC = 574.146 ΔBIC = 574.146
",truncated,3.5716527104377747,True,,truncated,3.5716527104377747,1.969297517627523,294.01358020305634,,0.029240219780960974,6445.512355934933,6450.427086827652,-3221.7561779674666,1007,True,,shifted_exp,3.5716527104377747,0.08337236721790435,,,0.22683773895097703,7019.658842622341,7024.573573515059,-3508.8294213111703,1007,-574.1464866874076
/home/hpc/Desktop/resonant_swarm_runs/position_records/N200/kappa_2p5/okappa_1p8/pos_rep17_seed20000017.npz,200,2.5,1.8,17,20000017,com,-1,com,0.8935941815376283,0.5776351690292358,0.42445674538612366,2491,2491,True,,"Model comparison
----------------
truncated: xmin=7.0682, alpha=1.92084, xc=418.785, p=nan, KS=0.028174, loglik=-1956.64, AIC=3915.29, BIC=3919.5
powerlaw: xmin=7.0682, alpha=2.01161, xc=nan, p=nan, KS=0.0416526, loglik=-1966.3, AIC=3934.59, BIC=3938.81
shifted_exp: xmin=7.0682, alpha=0.0408231, xc=nan, p=nan, KS=0.257008, loglik=-2099.25, AIC=4200.51, BIC=4204.72

ΔAIC / ΔBIC
truncated: ΔAIC = 0 ΔBIC = 0
powerlaw: ΔAIC = 19.3081 ΔBIC = 19.3081
shifted_exp: ΔAIC = 285.222 ΔBIC = 285.222
",truncated,7.068197071552277,True,,truncated,7.068197071552277,1.920837159923673,418.7850951552391,,0.028173976557728582,3915.2862222321946,3919.5008303306167,-1956.6431111160973,500,True,,shifted_exp,7.068197071552277,0.04082307259975819,,,0.25700825128798765,4200.507852513624,4204.722460612046,-2099.253926256812,500,-285.2216302814295
/home/hpc/Desktop/resonant_swarm_runs/position_records/N200/kappa_2p5/okappa_1p8/pos_rep18_seed20000018.npz,200,2.5,1.8,18,20000018,com,-1,com,0.8699044466018678,0.5619301795959473,0.4010632634162903,2590,2590,True,,"Model comparison
----------------
truncated: xmin=4.57842, alpha=1.89122, xc=291.185, p=nan, KS=0.0242526, loglik=-2583.83, AIC=5169.67, BIC=5174.26
powerlaw: xmin=4.57842, alpha=1.9834, xc=nan, p=nan, KS=0.0461671, loglik=-2598.69, AIC=5199.38, BIC=5203.97
shifted_exp: xmin=4.57842, alpha=0.0575943, xc=nan, p=nan, KS=0.242095, loglik=-2817.52, AIC=5637.03, BIC=5641.63

ΔAIC / ΔBIC
truncated: ΔAIC = 0 ΔBIC = 0
powerlaw: ΔAIC = 29.713 ΔBIC = 29.713
shifted_exp: ΔAIC = 467.368 ΔBIC = 467.368
",truncated,4.578417241573334,True,,truncated,4.578417241573334,1.8912202801783324,291.18453401327133,,0.024252628468798443,5169.66517075774,5174.25958421749,-2583.83258537887,731,True,,shifted_exp,4.578417241573334,0.057594294438806266,,,0.2420952799467726,5637.03304930198,5641.6274627617295,-2817.51652465099,731,-467.36787854423983
/home/hpc/Desktop/resonant_swarm_runs/position_records/N200/kappa_2p5/okappa_1p8/pos_rep19_seed20000019.npz,200,2.5,1.8,19,20000019,com,-1,com,0.9015233099460602,0.5780048966407776,0.41606050729751587,2423,2423,True,,"Model comparison
----------------
truncated: xmin=3.76044, alpha=1.8413, xc=391.532, p=nan, KS=0.0250729, loglik=-3096.05, AIC=6194.09, BIC=6198.88
powerlaw: xmin=3.76044, alpha=1.91452, xc=nan, p=nan, KS=0.0436999, loglik=-3111.03, AIC=6224.06, BIC=6228.85
shifted_exp: xmin=3.76044, alpha=0.0617937, xc=nan, p=nan, KS=0.242699, loglik=-3356.37, AIC=6714.74, BIC=6719.52

ΔAIC / ΔBIC
truncated: ΔAIC = 0 ΔBIC = 0
powerlaw: ΔAIC = 29.9664 ΔBIC = 29.9664
shifted_exp: ΔAIC = 520.643 ΔBIC = 520.643
",truncated,3.7604371309280396,True,,truncated,3.7604371309280396,1.8412977050723383,391.5315659046173,,0.025072916347820606,6194.091833969944,6198.879678952253,-3096.045916984972,887,True,,shifted_exp,3.7604371309280396,0.061793661549243664,,,0.24269912633641733,6714.735254095557,6719.523099077866,-3356.3676270477786,887,-520.6434201256134
/home/hpc/Desktop/resonant_swarm_runs/position_records/N300/kappa_2p5/okappa_1p8/pos_rep00_seed30000000.npz,300,2.5,1.8,0,30000000,com,-1,com,0.7408847928047181,0.47543272376060486,0.31841036677360535,2645,2645,True,,"Model comparison
----------------
truncated: xmin=3.01702, alpha=1.93628, xc=298.717, p=nan, KS=0.0252211, loglik=-2897.69, AIC=5797.38, BIC=5802.22
powerlaw: xmin=3.01702, alpha=1.99502, xc=nan, p=nan, KS=0.0396253, loglik=-2908.72, AIC=5819.45, BIC=5824.29
shifted_exp: xmin=3.01702, alpha=0.088343, xc=nan, p=nan, KS=0.248334, loglik=-3200.38, AIC=6402.76, BIC=6407.59

ΔAIC / ΔBIC
truncated: ΔAIC = 0 ΔBIC = 0
powerlaw: ΔAIC = 22.0684 ΔBIC = 22.0684
shifted_exp: ΔAIC = 605.375 ΔBIC = 605.375
",truncated,3.017022669315338,True,,truncated,3.017022669315338,1.936278850273058,298.71719712018967,,0.025221092358646335,5797.380797068203,5802.220273506432,-2897.6903985341014,934,True,,shifted_exp,3.017022669315338,0.08834297586688962,,,0.24833367522746452,6402.755400262672,6407.594876700901,-3200.377700131336,934,-605.3746031944693
/home/hpc/Desktop/resonant_swarm_runs/position_records/N300/kappa_2p5/okappa_1p8/pos_rep01_seed30000001.npz,300,2.5,1.8,1,30000001,com,-1,com,0.7391457498073578,0.4760720729827881,0.3208392560482025,2720,2720,True,,"Model comparison
----------------
truncated: xmin=4.38638, alpha=1.89343, xc=285.384, p=nan, KS=0.0246797, loglik=-2192.93, AIC=4387.86, BIC=4392.3
powerlaw: xmin=4.38638, alpha=1.9836, xc=nan, p=nan, KS=0.0404643, loglik=-2205.36, AIC=4412.72, BIC=4417.17
shifted_exp: xmin=4.38638, alpha=0.0652595, xc=nan, p=nan, KS=0.229239, loglik=-2342.05, AIC=4686.11, BIC=4690.55

ΔAIC / ΔBIC
truncated: ΔAIC = 0 ΔBIC = 0
powerlaw: ΔAIC = 24.8674 ΔBIC = 24.8674
shifted_exp: ΔAIC = 298.251 ΔBIC = 298.251
",truncated,4.386376082897186,True,,truncated,4.386376082897186,1.8934319254880767,285.38356578350067,,0.024679655154275393,4387.855532013788,4392.298072180257,-2192.927766006894,628,True,,shifted_exp,4.386376082897186,0.06525947334653899,,,0.22923862028367992,4686.106376760257,4690.548916926726,-2342.0531883801286,628,-298.25084474646883
/home/hpc/Desktop/resonant_swarm_runs/position_records/N300/kappa_2p5/okappa_1p8/pos_rep02_seed30000002.npz,300,2.5,1.8,2,30000002,com,-1,com,0.7518731594085694,0.48871591687202454,0.35922837257385254,2513,2513,True,,"Model comparison
----------------
truncated: xmin=3.95767, alpha=1.9407, xc=683.952, p=nan, KS=0.0209198, loglik=-2450.38, AIC=4902.76, BIC=4907.34
powerlaw: xmin=3.95767, alpha=1.97823, xc=nan, p=nan, KS=0.0266591, loglik=-2455.5, AIC=4913, BIC=4917.58
shifted_exp: xmin=3.95767, alpha=0.0629239, xc=nan, p=nan, KS=0.264661, loglik=-2703.87, AIC=5409.73, BIC=5414.31

ΔAIC / ΔBIC
truncated: ΔAIC = 0 ΔBIC = 0
powerlaw: ΔAIC = 10.2385 ΔBIC = 10.2385
shifted_exp: ΔAIC = 506.967 ΔBIC = 506.967
",truncated,3.9576656222343445,True,,truncated,3.9576656222343445,1.9406968933199955,683.9520891904831,,0.0209198443477302,4902.764166244693,4907.340635813742,-2450.3820831223466,718,True,,shifted_exp,3.9576656222343445,0.06292386186634488,,,0.2646611066643382,5409.731629088038,5414.308098657087,-2703.865814544019,718,-506.96746284334495
/home/hpc/Desktop/resonant_swarm_runs/position_records/N300/kappa_2p5/okappa_1p8/pos_rep03_seed30000003.npz,300,2.5,1.8,3,30000003,com,-1,com,0.7376669526100159,0.47480642795562744,0.32560089230537415,2697,2697,True,,"Model comparison
----------------
truncated: xmin=3.00765, alpha=1.91992, xc=368.468, p=nan, KS=0.0326836, loglik=-2879.98, AIC=5761.95, BIC=5766.77
powerlaw: xmin=3.00765, alpha=1.97213, xc=nan, p=nan, KS=0.045618, loglik=-2889.65, AIC=5781.3, BIC=5786.12
shifted_exp: xmin=3.00765, alpha=0.0851119, xc=nan, p=nan, KS=0.254905, loglik=-3169.37, AIC=6340.73, BIC=6345.55

ΔAIC / ΔBIC
truncated: ΔAIC = 0 ΔBIC = 0
powerlaw: ΔAIC = 19.348 ΔBIC = 19.348
shifted_exp: ΔAIC = 578.783 ΔBIC = 578.783
",truncated,3.0076484084129333,True,,truncated,3.0076484084129333,1.9199247111196656,368.46780502796173,,0.032683614535783556,5761.951063432707,5766.769987497983,-2879.9755317163535,915,True,,shifted_exp,3.0076484084129333,0.08511185999231317,,,0.25490454701489274,6340.7336645846535,6345.552588649929,-3169.3668322923268,915,-578.7826011519464
/home/hpc/Desktop/resonant_swarm_runs/position_records/N300/kappa_2p5/okappa_1p8/pos_rep04_seed30000004.npz,300,2.5,1.8,4,30000004,com,-1,com,0.7374300360679626,0.4797486364841461,0.3313925266265869,2665,2665,True,,"Model comparison
----------------
truncated: xmin=4.80623, alpha=1.89263, xc=275.88, p=nan, KS=0.0232409, loglik=-2142.27, AIC=4286.55, BIC=4290.95
powerlaw: xmin=4.80623, alpha=1.99179, xc=nan, p=nan, KS=0.0462441, loglik=-2155.45, AIC=4312.9, BIC=4317.3
shifted_exp: xmin=4.80623, alpha=0.0612161, xc=nan, p=nan, KS=0.222565, loglik=-2279.8, AIC=4561.6, BIC=4566

ΔAIC / ΔBIC
truncated: ΔAIC = 0 ΔBIC = 0
powerlaw: ΔAIC = 26.3505 ΔBIC = 26.3505
shifted_exp: ΔAIC = 275.052 ΔBIC = 275.052
",truncated,4.806227266788483,True,,truncated,4.806227266788483,1.8926259071962797,275.8795717358589,,0.023240900944338172,4286.549288885612,4290.947883820148,-2142.274644442806,601,True,,shifted_exp,4.806227266788483,0.061216065770108734,,,0.222565438412493,4561.601424819597,4566.000019754132,-2279.8007124097985,601,-275.0521359339846
/home/hpc/Desktop/resonant_swarm_runs/position_records/N300/kappa_2p5/okappa_1p8/pos_rep05_seed30000005.npz,300,2.5,1.8,5,30000005,com,-1,com,0.7297205448150634,0.4730203449726105,0.3206711709499359,2707,2707,True,,"Model comparison
----------------
truncated: xmin=3.88562, alpha=1.91898, xc=249.751, p=nan, KS=0.0237133, loglik=-2467.43, AIC=4936.85, BIC=4941.46
powerlaw: xmin=3.88562, alpha=2.00463, xc=nan, p=nan, KS=0.0438662, loglik=-2480.9, AIC=4963.8, BIC=4968.41
shifted_exp: xmin=3.88562, alpha=0.0748125, xc=nan, p=nan, KS=0.223258, loglik=-2662.24, AIC=5326.49, BIC=5331.09

ΔAIC / ΔBIC
truncated: ΔAIC = 0 ΔBIC = 0
powerlaw: ΔAIC = 26.9502 ΔBIC = 26.9502
shifted_exp: ΔAIC = 389.633 ΔBIC = 389.633
",truncated,3.8856192231178284,True,,truncated,3.8856192231178284,1.9189794506882578,249.75063163042068,,0.023713309526128712,4936.852597117861,4941.4605977431565,-2467.4262985589303,741,True,,shifted_exp,3.8856192231178284,0.07481252237958581,,,0.2232575996431594,5326.485134845095,5331.093135470391,-2662.2425674225474,741,-389.6325377272342
/home/hpc/Desktop/resonant_swarm_runs/position_records/N300/kappa_2p5/okappa_1p8/pos_rep06_seed30000006.npz,300,2.5,1.8,6,30000006,com,-1,com,0.7430806875228883,0.48092547059059143,0.3267916440963745,2654,2654,True,,"Model comparison
----------------
truncated: xmin=3.82932, alpha=1.88532, xc=442.212, p=nan, KS=0.0355979, loglik=-2455.07, AIC=4912.14, BIC=4916.71
powerlaw: xmin=3.82932, alpha=1.94557, xc=nan, p=nan, KS=0.0501085, loglik=-2464.28, AIC=4930.57, BIC=4935.14
shifted_exp: xmin=3.82932, alpha=0.069215, xc=nan, p=nan, KS=0.226052, loglik=-2617.09, AIC=5236.19, BIC=5240.76

ΔAIC / ΔBIC
truncated: ΔAIC = 0 ΔBIC = 0
powerlaw: ΔAIC = 18.4249 ΔBIC = 18.4249
shifted_exp: ΔAIC = 324.042 ΔBIC = 324.042
",truncated,3.8293151259422302,True,,truncated,3.8293151259422302,1.8853182555888457,442.2122465968132,,0.035597877013021306,4912.144424040034,4916.713905460449,-2455.072212020017,713,True,,shifted_exp,3.8293151259422302,0.06921499908662761,,,0.2260516016144558,5236.186745995045,5240.75622741546,-2617.0933729975227,713,-324.0423219550112
/home/hpc/Desktop/resonant_swarm_runs/position_records/N300/kappa_2p5/okappa_1p8/pos_rep07_seed30000007.npz,300,2.5,1.8,7,30000007,com,-1,com,0.7505093038082122,0.4935027062892914,0.38219237327575684,2516,2516,True,,"Model comparison
----------------
truncated: xmin=3.9764, alpha=1.94924, xc=769.105, p=nan, KS=0.0247862, loglik=-2270.65, AIC=4543.31, BIC=4547.81
powerlaw: xmin=3.9764, alpha=1.98263, xc=nan, p=nan, KS=0.0334824, loglik=-2274.77, AIC=4551.55, BIC=4556.05
shifted_exp: xmin=3.9764, alpha=0.0553248, xc=nan, p=nan, KS=0.289113, loglik=-2593.76, AIC=5189.52, BIC=5194.02

ΔAIC / ΔBIC
truncated: ΔAIC = 0 ΔBIC = 0
powerlaw: ΔAIC = 8.24005 ΔBIC = 8.24005
shifted_exp: ΔAIC = 646.213 ΔBIC = 646.213
",truncated,3.9763991832733154,True,,truncated,3.9763991832733154,1.9492368965006073,769.104878783226,,0.024786151931133538,4543.3050927149525,4547.806382385493,-2270.6525463574762,666,True,,shifted_exp,3.9763991832733154,0.05532483535286602,,,0.2891133784429072,5189.51844757228,5194.01973724282,-2593.75922378614,666,-646.2133548573274
/home/hpc/Desktop/resonant_swarm_runs/position_records/N300/kappa_2p5/okappa_1p8/pos_rep08_seed30000008.npz,300,2.5,1.8,8,30000008,com,-1,com,0.776097184419632,0.5008151531219482,0.3558395206928253,2469,2469,True,,"Model comparison
----------------
truncated: xmin=5.07294, alpha=1.85402, xc=382.742, p=nan, KS=0.0253538, loglik=-2095.83, AIC=4193.67, BIC=4198
powerlaw: xmin=5.07294, alpha=1.94298, xc=nan, p=nan, KS=0.0427306, loglik=-2107.36, AIC=4216.73, BIC=4221.06
shifted_exp: xmin=5.07294, alpha=0.0514096, xc=nan, p=nan, KS=0.245931, loglik=-2233.95, AIC=4469.89, BIC=4474.22

ΔAIC / ΔBIC
truncated: ΔAIC = 0 ΔBIC = 0
powerlaw: ΔAIC = 23.0592 ΔBIC = 23.0592
shifted_exp: ΔAIC = 276.22 ΔBIC = 276.22
",truncated,5.0729368925094604,True,,truncated,5.0729368925094604,1.8540153058309237,382.742307305336,,0.025353818558480512,4193.669884317892,4198.003163946031,-2095.834942158946,563,True,,shifted_exp,5.0729368925094604,0.051409572043447344,,,0.24593107337806153,4469.890190396745,4474.223470024885,-2233.9450951983727,563,-276.22030607885335
/home/hpc/Desktop/resonant_swarm_runs/position_records/N300/kappa_2p5/okappa_1p8/pos_rep09_seed30000009.npz,300,2.5,1.8,9,30000009,com,-1,com,0.7506975889205934,0.48216912150382996,0.32449060678482056,2703,2703,True,,"Model comparison
----------------
truncated: xmin=5.0069, alpha=1.95299, xc=297.374, p=nan, KS=0.022122, loglik=-2119.99, AIC=4241.97, BIC=4246.37
powerlaw: xmin=5.0069, alpha=2.03705, xc=nan, p=nan, KS=0.0410051, loglik=-2130.3, AIC=4262.61, BIC=4267.01
shifted_exp: xmin=5.0069, alpha=0.0639649, xc=nan, p=nan, KS=0.224339, loglik=-2257.15, AIC=4516.3, BIC=4520.7

ΔAIC / ΔBIC
truncated: ΔAIC = 0 ΔBIC = 0
powerlaw: ΔAIC = 20.6338 ΔBIC = 20.6338
shifted_exp: ΔAIC = 274.328 ΔBIC = 274.328
",truncated,5.006895005702972,True,,truncated,5.006895005702972,1.9529879413446796,297.37440210580826,,0.022122004417484797,4241.974687000631,4246.37494444594,-2119.9873435003155,602,True,,shifted_exp,5.006895005702972,0.06396491363303644,,,0.2243394485974176,4516.302366805256,4520.702624250564,-2257.151183402628,602,-274.3276798046245
/home/hpc/Desktop/resonant_swarm_runs/position_records/N300/kappa_2p5/okappa_1p8/pos_rep10_seed30000010.npz,300,2.5,1.8,10,30000010,com,-1,com,0.745805186033249,0.47714659571647644,0.3312380313873291,2624,2624,True,,"Model comparison
----------------
truncated: xmin=4.00613, alpha=1.92219, xc=317.688, p=nan, KS=0.0320697, loglik=-2459.93, AIC=4921.85, BIC=4926.44
powerlaw: xmin=4.00613, alpha=1.99455, xc=nan, p=nan, KS=0.049218, loglik=-2470.9, AIC=4943.8, BIC=4948.39
shifted_exp: xmin=4.00613, alpha=0.070979, xc=nan, p=nan, KS=0.219996, loglik=-2650.18, AIC=5302.37, BIC=5306.96

ΔAIC / ΔBIC
truncated: ΔAIC = 0 ΔBIC = 0
powerlaw: ΔAIC = 21.9523 ΔBIC = 21.9523
shifted_exp: ΔAIC = 380.519 ΔBIC = 380.519
",truncated,4.006134390830994,True,,truncated,4.006134390830994,1.9221888556719138,317.6879900097847,,0.032069700073493135,4921.851252569491,4926.440179047025,-2459.9256262847457,727,True,,shifted_exp,4.006134390830994,0.07097899248834263,,,0.21999604882602086,5302.369908248207,5306.95883472574,-2650.1849541241036,727,-380.51865567871573
/home/hpc/Desktop/resonant_swarm_runs/position_records/N300/kappa_2p5/okappa_1p8/pos_rep11_seed30000011.npz,300,2.5,1.8,11,30000011,com,-1,com,0.7645090460777283,0.4919854998588562,0.3507843315601349,2512,2512,True,,"Model comparison
----------------
truncated: xmin=3.15239, alpha=1.89452, xc=383.643, p=nan, KS=0.0354912, loglik=-2885.12, AIC=5772.23, BIC=5777.03
powerlaw: xmin=3.15239, alpha=1.95098, xc=nan, p=nan, KS=0.0485237, loglik=-2895.71, AIC=5793.43, BIC=5798.22
shifted_exp: xmin=3.15239, alpha=0.0763801, xc=nan, p=nan, KS=0.252366, loglik=-3182.68, AIC=6367.36, BIC=6372.15

ΔAIC / ΔBIC
truncated: ΔAIC = 0 ΔBIC = 0
powerlaw: ΔAIC = 21.1943 ΔBIC = 21.1943
shifted_exp: ΔAIC = 595.128 ΔBIC = 595.128
",truncated,3.1523866653442383,True,,truncated,3.1523866653442383,1.8945194783389148,383.642824947834,,0.035491223620685575,5772.234070118682,5777.026414546153,-2885.117035059341,891,True,,shifted_exp,3.1523866653442383,0.07638012397345129,,,0.25236621069726406,6367.3624033963615,6372.154747823833,-3182.6812016981808,891,-595.1283332776793
/home/hpc/Desktop/resonant_swarm_runs/position_records/N300/kappa_2p5/okappa_1p8/pos_rep12_seed30000012.npz,300,2.5,1.8,12,30000012,com,-1,com,0.7254127144813538,0.4661518633365631,0.3074846565723419,2714,2714,True,,"Model comparison
----------------
truncated: xmin=3.2487, alpha=1.88855, xc=279.916, p=nan, KS=0.022739, loglik=-2652.72, AIC=5307.44, BIC=5312.14
powerlaw: xmin=3.2487, alpha=1.96266, xc=nan, p=nan, KS=0.0373069, loglik=-2665.93, AIC=5333.86, BIC=5338.57
shifted_exp: xmin=3.2487, alpha=0.0827768, xc=nan, p=nan, KS=0.228289, loglik=-2859.63, AIC=5721.25, BIC=5725.96

ΔAIC / ΔBIC
truncated: ΔAIC = 0 ΔBIC = 0
powerlaw: ΔAIC = 26.4219 ΔBIC = 26.4219
shifted_exp: ΔAIC = 413.818 ΔBIC = 413.818
",truncated,3.2486974000930786,True,,truncated,3.2486974000930786,1.8885515006243938,279.9163168668747,,0.022738969940597598,5307.435870418691,5312.143954502544,-2652.7179352093453,819,True,,shifted_exp,3.2486974000930786,0.08277677937621486,,,0.22828913305776533,5721.253411352612,5725.961495436465,-2859.626705676306,819,-413.817540933921
/home/hpc/Desktop/resonant_swarm_runs/position_records/N300/kappa_2p5/okappa_1p8/pos_rep13_seed30000013.npz,300,2.5,1.8,13,30000013,com,-1,com,0.751777297258377,0.4883938729763031,0.35014113783836365,2544,2544,True,,"Model comparison
----------------
truncated: xmin=4.06224, alpha=1.90954, xc=458.366, p=nan, KS=0.0196222, loglik=-2386.01, AIC=4774.02, BIC=4778.56
powerlaw: xmin=4.06224, alpha=1.9668, xc=nan, p=nan, KS=0.0307577, loglik=-2394.19, AIC=4790.38, BIC=4794.92
shifted_exp: xmin=4.06224, alpha=0.0625686, xc=nan, p=nan, KS=0.264494, loglik=-2602.33, AIC=5206.66, BIC=5211.19

ΔAIC / ΔBIC
truncated: ΔAIC = 0 ΔBIC = 0
powerlaw: ΔAIC = 16.3625 ΔBIC = 16.3625
shifted_exp: ΔAIC = 432.638 ΔBIC = 432.638
",truncated,4.062237441539764,True,,truncated,4.062237441539764,1.9095445579731158,458.36646592617035,,0.019622175984497503,4774.020772462289,4778.55746405988,-2386.0103862311444,690,True,,shifted_exp,4.062237441539764,0.06256861307940756,,,0.2644939539761024,5206.658290867255,5211.194982464846,-2602.3291454336277,690,-432.6375184049666
/home/hpc/Desktop/resonant_swarm_runs/position_records/N300/kappa_2p5/okappa_1p8/pos_rep14_seed30000014.npz,300,2.5,1.8,14,30000014,com,-1,com,0.7299001634120942,0.469907283782959,0.30946141481399536,2812,2812,True,,"Model comparison
----------------
truncated: xmin=3.83636, alpha=1.93907, xc=329.9, p=nan, KS=0.029802, loglik=-2425.87, AIC=4853.74, BIC=4858.33
powerlaw: xmin=3.83636, alpha=2.00413, xc=nan, p=nan, KS=0.0448557, loglik=-2435.49, AIC=4872.98, BIC=4877.57
shifted_exp: xmin=3.83636, alpha=0.077057, xc=nan, p=nan, KS=0.221508, loglik=-2601.14, AIC=5204.29, BIC=5208.88

ΔAIC / ΔBIC
truncated: ΔAIC = 0 ΔBIC = 0
powerlaw: ΔAIC = 19.2395 ΔBIC = 19.2395
shifted_exp: ΔAIC = 350.549 ΔBIC = 350.549
",truncated,3.836363136768341,True,,truncated,3.836363136768341,1.939067226053458,329.90023016929626,,0.029802029915441786,4853.736962584724,4858.330007118867,-2425.868481292362,730,True,,shifted_exp,3.836363136768341,0.07705700412897089,,,0.22150756933584542,5204.286333786464,5208.8793783206065,-2601.143166893232,730,-350.54937120173963
/home/hpc/Desktop/resonant_swarm_runs/position_records/N300/kappa_2p5/okappa_1p8/pos_rep15_seed30000015.npz,300,2.5,1.8,15,30000015,com,-1,com,0.73500155210495,0.4747493267059326,0.31999415159225464,2734,2734,True,,"Model comparison
----------------
truncated: xmin=3.98199, alpha=2.02283, xc=408.401, p=nan, KS=0.0212838, loglik=-2459.85, AIC=4921.71, BIC=4926.34
powerlaw: xmin=3.98199, alpha=2.06757, xc=nan, p=nan, KS=0.0318458, loglik=-2465.85, AIC=4933.69, BIC=4938.32
shifted_exp: xmin=3.98199, alpha=0.0783964, xc=nan, p=nan, KS=0.234782, loglik=-2687.85, AIC=5377.7, BIC=5382.33

ΔAIC / ΔBIC
truncated: ΔAIC = 0 ΔBIC = 0
powerlaw: ΔAIC = 11.9872 ΔBIC = 11.9872
shifted_exp: ΔAIC = 455.996 ΔBIC = 455.996
",truncated,3.9819865822792053,True,,truncated,3.9819865822792053,2.0228271328726444,408.4013538956642,,0.021283833206563574,4921.7060577906395,4926.336741176282,-2459.8530288953198,758,True,,shifted_exp,3.9819865822792053,0.07839635324642547,,,0.23478201540482763,5377.702447011114,5382.333130396756,-2687.851223505557,758,-455.99638922047416
/home/hpc/Desktop/resonant_swarm_runs/position_records/N300/kappa_2p5/okappa_1p8/pos_rep16_seed30000016.npz,300,2.5,1.8,16,30000016,com,-1,com,0.7318077325820923,0.47426268458366394,0.3189801871776581,2632,2632,True,,"Model comparison
----------------
truncated: xmin=4.70518, alpha=1.95689, xc=276.878, p=nan, KS=0.0207396, loglik=-2209.56, AIC=4421.13, BIC=4425.59
powerlaw: xmin=4.70518, alpha=2.0408, xc=nan, p=nan, KS=0.0394501, loglik=-2220.46, AIC=4442.93, BIC=4447.39
shifted_exp: xmin=4.70518, alpha=0.0676953, xc=nan, p=nan, KS=0.21859, loglik=-2363.35, AIC=4728.71, BIC=4733.17

ΔAIC / ΔBIC
truncated: ΔAIC = 0 ΔBIC = 0
powerlaw: ΔAIC = 21.7978 ΔBIC = 21.7978
shifted_exp: ΔAIC = 307.576 ΔBIC = 307.576
",truncated,4.705178439617157,True,,truncated,4.705178439617157,1.9568884566428149,276.87753146886826,,0.020739597393453213,4421.129921076809,4425.591389253163,-2209.5649605384046,640,True,,shifted_exp,4.705178439617157,0.06769528685547115,,,0.2185895064766029,4728.705561055916,4733.16702923227,-2363.352780527958,640,-307.5756399791071
/home/hpc/Desktop/resonant_swarm_runs/position_records/N300/kappa_2p5/okappa_1p8/pos_rep17_seed30000017.npz,300,2.5,1.8,17,30000017,com,-1,com,0.7782593727111816,0.5080064535140991,0.3847639262676239,2308,2308,True,,"Model comparison
----------------
truncated: xmin=3.05585, alpha=1.81346, xc=666.35, p=nan, KS=0.0372335, loglik=-2801.46, AIC=5604.91, BIC=5609.62
powerlaw: xmin=3.05585, alpha=1.8613, xc=nan, p=nan, KS=0.0469074, loglik=-2810.47, AIC=5622.95, BIC=5627.66
shifted_exp: xmin=3.05585, alpha=0.061617, xc=nan, p=nan, KS=0.270775, loglik=-3105.19, AIC=6212.38, BIC=6217.09

ΔAIC / ΔBIC
truncated: ΔAIC = 0 ΔBIC = 0
powerlaw: ΔAIC = 18.0379 ΔBIC = 18.0379
shifted_exp: ΔAIC = 607.469 ΔBIC = 607.469
",truncated,3.0558478832244873,True,,truncated,3.0558478832244873,1.8134580852316955,666.3499146103859,,0.03723348911339171,5604.9110444192165,5609.620348759475,-2801.4555222096083,820,True,,shifted_exp,3.0558478832244873,0.06161703968421131,,,0.2707747363673343,6212.379598648576,6217.088902988834,-3105.189799324288,820,-607.4685542293591
/home/hpc/Desktop/resonant_swarm_runs/position_records/N300/kappa_2p5/okappa_1p8/pos_rep18_seed30000018.npz,300,2.5,1.8,18,30000018,com,-1,com,0.7474170804023743,0.481200635433197,0.3348906636238098,2638,2638,True,,"Model comparison
----------------
truncated: xmin=4.84921, alpha=1.94667, xc=346.86, p=nan, KS=0.0157049, loglik=-2114.22, AIC=4230.44, BIC=4234.84
powerlaw: xmin=4.84921, alpha=2.02038, xc=nan, p=nan, KS=0.0316606, loglik=-2123.2, AIC=4248.4, BIC=4252.8
shifted_exp: xmin=4.84921, alpha=0.0607691, xc=nan, p=nan, KS=0.240391, loglik=-2280.4, AIC=4562.81, BIC=4567.21

ΔAIC / ΔBIC
truncated: ΔAIC = 0 ΔBIC = 0
powerlaw: ΔAIC = 17.9635 ΔBIC = 17.9635
shifted_exp: ΔAIC = 332.371 ΔBIC = 332.371
",truncated,4.849213182926178,True,,truncated,4.849213182926178,1.9466740873589714,346.8598156571388,,0.015704889143059342,4230.4386686877715,4234.835598342987,-2114.2193343438857,600,True,,shifted_exp,4.849213182926178,0.06076906724926867,,,0.24039145087651903,4562.809258185256,4567.206187840472,-2280.404629092628,600,-332.3705894974846
/home/hpc/Desktop/resonant_swarm_runs/position_records/N300/kappa_2p5/okappa_1p8/pos_rep19_seed30000019.npz,300,2.5,1.8,19,30000019,com,-1,com,0.7633409798145294,0.48782968521118164,0.32623177766799927,2566,2566,True,,"Model comparison
----------------
truncated: xmin=4.00503, alpha=1.8616, xc=232.727, p=nan, KS=0.0197643, loglik=-2501.23, AIC=5004.45, BIC=5009.04
powerlaw: xmin=4.00503, alpha=1.96697, xc=nan, p=nan, KS=0.0352495, loglik=-2518.91, AIC=5039.81, BIC=5044.4
shifted_exp: xmin=4.00503, alpha=0.0699899, xc=nan, p=nan, KS=0.224063, loglik=-2667.71, AIC=5337.41, BIC=5342

ΔAIC / ΔBIC
truncated: ΔAIC = 0 ΔBIC = 0
powerlaw: ΔAIC = 35.3599 ΔBIC = 35.3599
shifted_exp: ΔAIC = 332.96 ΔBIC = 332.96
",truncated,4.005033433437347,True,,truncated,4.005033433437347,1.8615981865084161,232.72661060094833,,0.01976430029388465,5004.450487720422,5009.04216145243,-2501.225243860211,729,True,,shifted_exp,4.005033433437347,0.06998993127569246,,,0.22406250706431602,5337.410866075615,5342.002539807623,-2667.7054330378073,729,-332.9603783551929
/home/hpc/Desktop/resonant_swarm_runs/position_records/N400/kappa_2p5/okappa_1p8/pos_rep00_seed40000000.npz,400,2.5,1.8,0,40000000,com,-1,com,0.6894314408302307,0.44575750827789307,0.3143799304962158,2452,2452,True,,"Model comparison
----------------
truncated: xmin=3.67341, alpha=1.93445, xc=471.314, p=nan, KS=0.024848, loglik=-2288.69, AIC=4579.38, BIC=4583.92
powerlaw: xmin=3.67341, alpha=1.98273, xc=nan, p=nan, KS=0.0313098, loglik=-2295.24, AIC=4592.49, BIC=4597.02
shifted_exp: xmin=3.67341, alpha=0.0687607, xc=nan, p=nan, KS=0.280852, loglik=-2529.86, AIC=5061.72, BIC=5066.26

ΔAIC / ΔBIC
truncated: ΔAIC = 0 ΔBIC = 0
powerlaw: ΔAIC = 13.1049 ΔBIC = 13.1049
shifted_exp: ΔAIC = 482.338 ΔBIC = 482.338
",truncated,3.6734135150909424,True,,truncated,3.6734135150909424,1.9344540203977139,471.31354719400406,,0.02484800105934659,4579.383324987719,4583.917113825652,-2288.6916624938594,688,True,,shifted_exp,3.6734135150909424,0.06876066734927329,,,0.28085174400986024,5061.721788806215,5066.255577644149,-2529.8608944031075,688,-482.33846381849617
/home/hpc/Desktop/resonant_swarm_runs/position_records/N400/kappa_2p5/okappa_1p8/pos_rep01_seed40000001.npz,400,2.5,1.8,1,40000001,com,-1,com,0.6987659633159639,0.45102375745773315,0.3143678307533264,2349,2349,True,,"Model comparison
----------------
truncated: xmin=4.3432, alpha=1.874, xc=311.111, p=nan, KS=0.0161864, loglik=-2059.85, AIC=4121.7, BIC=4126.07
powerlaw: xmin=4.3432, alpha=1.96198, xc=nan, p=nan, KS=0.035467, loglik=-2071.38, AIC=4144.76, BIC=4149.13
shifted_exp: xmin=4.3432, alpha=0.0585036, xc=nan, p=nan, KS=0.258495, loglik=-2241.78, AIC=4485.56, BIC=4489.93

ΔAIC / ΔBIC
truncated: ΔAIC = 0 ΔBIC = 0
powerlaw: ΔAIC = 23.0648 ΔBIC = 23.0648
shifted_exp: ΔAIC = 363.864 ΔBIC = 363.864
",truncated,4.343204498291016,True,,truncated,4.343204498291016,1.8739980449580875,311.11128211021423,,0.01618642849699481,4121.699501947756,4126.069402930584,-2059.849750973878,584,True,,shifted_exp,4.343204498291016,0.05850355933489168,,,0.2584946796666572,4485.56385405203,4489.933755034858,-2241.781927026015,584,-363.8643521042741
/home/hpc/Desktop/resonant_swarm_runs/position_records/N400/kappa_2p5/okappa_1p8/pos_rep02_seed40000002.npz,400,2.5,1.8,2,40000002,com,-1,com,0.7279441177845002,0.4741573929786682,0.36957478523254395,2029,2029,True,,"Model comparison
----------------
truncated: xmin=3.22448, alpha=1.75704, xc=463.188, p=nan, KS=0.0240094, loglik=-2310.67, AIC=4623.34, BIC=4627.83
powerlaw: xmin=3.22448, alpha=1.83154, xc=nan, p=nan, KS=0.0352987, loglik=-2323.26, AIC=4648.52, BIC=4653
shifted_exp: xmin=3.22448, alpha=0.0499215, xc=nan, p=nan, KS=0.324796, loglik=-2610.24, AIC=5222.48, BIC=5226.96

ΔAIC / ΔBIC
truncated: ΔAIC = 0 ΔBIC = 0
powerlaw: ΔAIC = 25.175 ΔBIC = 25.175
shifted_exp: ΔAIC = 599.134 ΔBIC = 599.134
",truncated,3.2244813442230225,True,,truncated,3.2244813442230225,1.7570365814449436,463.1875247955322,,0.024009396761186408,4623.343517755806,4627.825094885082,-2310.671758877903,653,True,,shifted_exp,3.2244813442230225,0.04992153194470989,,,0.32479633981039346,5222.477544820275,5226.959121949551,-2610.2387724101377,653,-599.1340270644696
/home/hpc/Desktop/resonant_swarm_runs/position_records/N400/kappa_2p5/okappa_1p8/pos_rep03_seed40000003.npz,400,2.5,1.8,3,40000003,com,-1,com,0.6781838595867157,0.4384045898914337,0.29085928201675415,2625,2625,True,,"Model comparison
----------------
truncated: xmin=3.72978, alpha=1.89347, xc=256.271, p=nan, KS=0.022693, loglik=-2276.46, AIC=4554.92, BIC=4559.44
powerlaw: xmin=3.72978, alpha=1.98004, xc=nan, p=nan, KS=0.0344275, loglik=-2289.39, AIC=4580.77, BIC=4585.3
shifted_exp: xmin=3.72978, alpha=0.07432, xc=nan, p=nan, KS=0.247939, loglik=-2454.77, AIC=4911.55, BIC=4916.07

ΔAIC / ΔBIC
truncated: ΔAIC = 0 ΔBIC = 0
powerlaw: ΔAIC = 25.8564 ΔBIC = 25.8564
shifted_exp: ΔAIC = 356.63 ΔBIC = 356.63
",truncated,3.7297815680503845,True,,truncated,3.7297815680503845,1.8934734229986452,256.2711989879608,,0.022693042830856935,4554.917602988153,4559.442632645996,-2276.4588014940764,682,True,,shifted_exp,3.7297815680503845,0.07432001768456299,,,0.24793919716520452,4911.547427060074,4916.072456717918,-2454.773713530037,682,-356.6298240719216
/home/hpc/Desktop/resonant_swarm_runs/position_records/N400/kappa_2p5/okappa_1p8/pos_rep04_seed40000004.npz,400,2.5,1.8,4,40000004,com,-1,com,0.690576058626175,0.4457181990146637,0.29896557331085205,2483,2483,True,,"Model comparison
----------------
truncated: xmin=4.62615, alpha=1.91421, xc=272.356, p=nan, KS=0.016168, loglik=-1983.51, AIC=3969.02, BIC=3973.36
powerlaw: xmin=4.62615, alpha=2.00683, xc=nan, p=nan, KS=0.0319536, loglik=-1994.78, AIC=3991.57, BIC=3995.91
shifted_exp: xmin=4.62615, alpha=0.0618847, xc=nan, p=nan, KS=0.244103, loglik=-2144.67, AIC=4291.34, BIC=4295.68

ΔAIC / ΔBIC
truncated: ΔAIC = 0 ΔBIC = 0
powerlaw: ΔAIC = 22.5438 ΔBIC = 22.5438
shifted_exp: ΔAIC = 322.312 ΔBIC = 322.312
",truncated,4.626145362854004,True,,truncated,4.626145362854004,1.914213304860909,272.3560397028923,,0.016167978372584768,3969.023416329693,3973.363775633421,-1983.5117081648466,567,True,,shifted_exp,4.626145362854004,0.06188466210265408,,,0.24410250042890036,4291.335625711863,4295.67598501559,-2144.6678128559315,567,-322.31220938216984
/home/hpc/Desktop/resonant_swarm_runs/position_records/N400/kappa_2p5/okappa_1p8/pos_rep05_seed40000005.npz,400,2.5,1.8,5,40000005,com,-1,com,0.6736851096153259,0.4401121735572815,0.31718015670776367,2523,2523,True,,"Model comparison
----------------
truncated: xmin=3.53666, alpha=1.97697, xc=584.874, p=nan, KS=0.0246068, loglik=-2283.26, AIC=4568.52, BIC=4573.08
powerlaw: xmin=3.53666, alpha=2.01154, xc=nan, p=nan, KS=0.02993, loglik=-2287.66, AIC=4577.31, BIC=4581.87
shifted_exp: xmin=3.53666, alpha=0.0707354, xc=nan, p=nan, KS=0.294015, loglik=-2576.06, AIC=5154.12, BIC=5158.68

ΔAIC / ΔBIC
truncated: ΔAIC = 0 ΔBIC = 0
powerlaw: ΔAIC = 8.79318 ΔBIC = 8.79318
shifted_exp: ΔAIC = 585.601 ΔBIC = 585.601
",truncated,3.536657691001892,True,,truncated,3.536657691001892,1.9769650479391234,584.8737171888351,,0.024606832219988273,4568.517805645464,4573.077420882957,-2283.258902822732,706,True,,shifted_exp,3.536657691001892,0.0707353948024019,,,0.29401539794455545,5154.118587092405,5158.678202329897,-2576.0592935462023,706,-585.6007814469403
/home/hpc/Desktop/resonant_swarm_runs/position_records/N400/kappa_2p5/okappa_1p8/pos_rep06_seed40000006.npz,400,2.5,1.8,6,40000006,com,-1,com,0.7053973734378814,0.4557807445526123,0.3317480683326721,2262,2262,True,,"Model comparison
----------------
truncated: xmin=4.78176, alpha=1.91216, xc=454.44, p=nan, KS=0.0173939, loglik=-1968.29, AIC=3938.58, BIC=3942.88
powerlaw: xmin=4.78176, alpha=1.97688, xc=nan, p=nan, KS=0.0334447, loglik=-1975.69, AIC=3953.38, BIC=3957.68
shifted_exp: xmin=4.78176, alpha=0.0536398, xc=nan, p=nan, KS=0.252289, loglik=-2147.23, AIC=4296.46, BIC=4300.76

ΔAIC / ΔBIC
truncated: ΔAIC = 0 ΔBIC = 0
powerlaw: ΔAIC = 14.7972 ΔBIC = 14.7972
shifted_exp: ΔAIC = 357.88 ΔBIC = 357.88
",truncated,4.781763255596161,True,,truncated,4.781763255596161,1.9121619473903666,454.4398213624954,,0.017393852641042207,3938.5781969020254,3942.8826457044474,-1968.2890984510127,547,True,,shifted_exp,4.781763255596161,0.05363978888137436,,,0.2522888861773732,4296.457787122974,4300.7622359253955,-2147.228893561487,547,-357.87959022094856
/home/hpc/Desktop/resonant_swarm_runs/position_records/N400/kappa_2p5/okappa_1p8/pos_rep07_seed40000007.npz,400,2.5,1.8,7,40000007,com,-1,com,0.7042858481407166,0.4493817090988159,0.29355621337890625,2445,2445,True,,"Model comparison
----------------
truncated: xmin=3.96535, alpha=1.8465, xc=212.518, p=nan, KS=0.0182969, loglik=-2259.6, AIC=4521.21, BIC=4525.7
powerlaw: xmin=3.96535, alpha=1.96193, xc=nan, p=nan, KS=0.0412042, loglik=-2277.5, AIC=4556.99, BIC=4561.49
shifted_exp: xmin=3.96535, alpha=0.0695369, xc=nan, p=nan, KS=0.233458, loglik=-2415.83, AIC=4833.65, BIC=4838.14

ΔAIC / ΔBIC
truncated: ΔAIC = 0 ΔBIC = 0
powerlaw: ΔAIC = 35.7863 ΔBIC = 35.7863
shifted_exp: ΔAIC = 312.446 ΔBIC = 312.446
",truncated,3.9653545022010803,True,,truncated,3.9653545022010803,1.8465012033330084,212.5178560614586,,0.01829694699755524,4521.208399558765,4525.699123093268,-2259.6041997793827,659,True,,shifted_exp,3.9653545022010803,0.06953685406884841,,,0.23345796923684003,4833.654081427349,4838.144804961852,-2415.8270407136747,659,-312.44568186858396
/home/hpc/Desktop/resonant_swarm_runs/position_records/N400/kappa_2p5/okappa_1p8/pos_rep08_seed40000008.npz,400,2.5,1.8,8,40000008,com,-1,com,0.6698321640491486,0.4308144748210907,0.2804882228374481,2612,2612,True,,"Model comparison
----------------
truncated: xmin=3.88475, alpha=1.90206, xc=186.638, p=nan, KS=0.0237458, loglik=-2202.33, AIC=4406.66, BIC=4411.16
powerlaw: xmin=3.88475, alpha=2.01305, xc=nan, p=nan, KS=0.0464343, loglik=-2218.58, AIC=4439.17, BIC=4443.67
shifted_exp: xmin=3.88475, alpha=0.0780714, xc=nan, p=nan, KS=0.215841, loglik=-2364.39, AIC=4730.78, BIC=4735.28

ΔAIC / ΔBIC
truncated: ΔAIC = 0 ΔBIC = 0
powerlaw: ΔAIC = 32.5082 ΔBIC = 32.5082
shifted_exp: ΔAIC = 324.115 ΔBIC = 324.115
",truncated,3.884752869606018,True,,truncated,3.884752869606018,1.9020602039093863,186.63787811994553,,0.023745758149444907,4406.66066551234,4411.16195518288,-2202.33033275617,666,True,,shifted_exp,3.884752869606018,0.07807137293871845,,,0.21584063397406134,4730.775601567231,4735.276891237771,-2364.3878007836156,666,-324.1149360548916
/home/hpc/Desktop/resonant_swarm_runs/position_records/N400/kappa_2p5/okappa_1p8/pos_rep09_seed40000009.npz,400,2.5,1.8,9,40000009,com,-1,com,0.6877165973186493,0.4397297203540802,0.2841975688934326,2508,2508,True,,"Model comparison
----------------
truncated: xmin=4.88151, alpha=1.88259, xc=206.418, p=nan, KS=0.0231976, loglik=-1945.55, AIC=3893.1, BIC=3897.41
powerlaw: xmin=4.88151, alpha=2.00975, xc=nan, p=nan, KS=0.0469045, loglik=-1961.35, AIC=3924.71, BIC=3929.02
shifted_exp: xmin=4.88151, alpha=0.0657899, xc=nan, p=nan, KS=0.20626, loglik=-2046.71, AIC=4095.42, BIC=4099.73

ΔAIC / ΔBIC
truncated: ΔAIC = 0 ΔBIC = 0
powerlaw: ΔAIC = 31.6048 ΔBIC = 31.6048
shifted_exp: ΔAIC = 202.317 ΔBIC = 202.317
",truncated,4.881506860256195,True,,truncated,4.881506860256195,1.8825943075055787,206.41777783632278,,0.023197634031186576,3893.100724320926,3897.4106425991527,-1945.550362160463,550,True,,shifted_exp,4.881506860256195,0.06578993168186802,,,0.20625981506171343,4095.417312943275,4099.727231221502,-2046.7086564716376,550,-202.31658862234917
/home/hpc/Desktop/resonant_swarm_runs/position_records/N400/kappa_2p5/okappa_1p8/pos_rep10_seed40000010.npz,400,2.5,1.8,10,40000010,com,-1,com,0.7130720496177674,0.4636606276035309,0.3273773193359375,2290,2290,True,,"Model comparison
----------------
truncated: xmin=3.19078, alpha=1.82954, xc=349.415, p=nan, KS=0.0311235, loglik=-2394.6, AIC=4791.2, BIC=4795.77
powerlaw: xmin=3.19078, alpha=1.90251, xc=nan, p=nan, KS=0.0393333, loglik=-2406.8, AIC=4815.6, BIC=4820.17
shifted_exp: xmin=3.19078, alpha=0.0627697, xc=nan, p=nan, KS=0.303209, loglik=-2690.55, AIC=5383.11, BIC=5387.68

ΔAIC / ΔBIC
truncated: ΔAIC = 0 ΔBIC = 0
powerlaw: ΔAIC = 24.3996 ΔBIC = 24.3996
shifted_exp: ΔAIC = 591.909 ΔBIC = 591.909
",truncated,3.190777361392975,True,,truncated,3.190777361392975,1.8295381540212798,349.41493475437164,,0.03112352122210693,4791.199077043561,4795.769960005901,-2394.5995385217807,714,True,,shifted_exp,3.190777361392975,0.06276967119930638,,,0.303208904923322,5383.108502203753,5387.679385166093,-2690.5542511018766,714,-591.9094251601919
/home/hpc/Desktop/resonant_swarm_runs/position_records/N400/kappa_2p5/okappa_1p8/pos_rep11_seed40000011.npz,400,2.5,1.8,11,40000011,com,-1,com,0.7078600466251375,0.4552856385707855,0.3245702087879181,2238,2238,True,,"Model comparison
----------------
truncated: xmin=3.70752, alpha=1.88448, xc=488.91, p=nan, KS=0.0214417, loglik=-2268.04, AIC=4538.08, BIC=4542.57
powerlaw: xmin=3.70752, alpha=1.93926, xc=nan, p=nan, KS=0.0319972, loglik=-2275.75, AIC=4553.5, BIC=4558
shifted_exp: xmin=3.70752, alpha=0.0608497, xc=nan, p=nan, KS=0.284009, loglik=-2515.17, AIC=5032.34, BIC=5036.83

ΔAIC / ΔBIC
truncated: ΔAIC = 0 ΔBIC = 0
powerlaw: ΔAIC = 15.4217 ΔBIC = 15.4217
shifted_exp: ΔAIC = 494.259 ΔBIC = 494.259
",truncated,3.7075178027153015,True,,truncated,3.7075178027153015,1.8844768152873446,488.91033816337585,,0.021441682895919523,4538.079134194183,4542.57439975012,-2268.0395670970915,662,True,,shifted_exp,3.7075178027153015,0.06084966209331275,,,0.28400914458710236,5032.338092779178,5036.833358335115,-2515.169046389589,662,-494.2589585849946
/home/hpc/Desktop/resonant_swarm_runs/position_records/N400/kappa_2p5/okappa_1p8/pos_rep12_seed40000012.npz,400,2.5,1.8,12,40000012,com,-1,com,0.7199382364749909,0.45997101068496704,0.3197861611843109,2248,2248,True,,"Model comparison
----------------
truncated: xmin=2.98724, alpha=1.84525, xc=549.755, p=nan, KS=0.0289038, loglik=-2641.79, AIC=5285.58, BIC=5290.26
powerlaw: xmin=2.98724, alpha=1.89382, xc=nan, p=nan, KS=0.03976, loglik=-2650.34, AIC=5302.67, BIC=5307.35
shifted_exp: xmin=2.98724, alpha=0.070574, xc=nan, p=nan, KS=0.269787, loglik=-2909.92, AIC=5821.84, BIC=5826.52

ΔAIC / ΔBIC
truncated: ΔAIC = 0 ΔBIC = 0
powerlaw: ΔAIC = 17.0893 ΔBIC = 17.0893
shifted_exp: ΔAIC = 536.26 ΔBIC = 536.26
",truncated,2.9872395396232605,True,,truncated,2.9872395396232605,1.8452455243118506,549.7551163434982,,0.028903818270756526,5285.582070461087,5290.262925139878,-2641.7910352305435,797,True,,shifted_exp,2.9872395396232605,0.0705740192741134,,,0.2697867823416985,5821.842562651281,5826.523417330071,-2909.9212813256404,797,-536.2604921901939
/home/hpc/Desktop/resonant_swarm_runs/position_records/N400/kappa_2p5/okappa_1p8/pos_rep13_seed40000013.npz,400,2.5,1.8,13,40000013,com,-1,com,0.7109702646732331,0.4586309492588043,0.3212503492832184,2333,2333,True,,"Model comparison
----------------
truncated: xmin=3.21846, alpha=1.86453, xc=275.153, p=nan, KS=0.0319033, loglik=-2500.37, AIC=5002.75, BIC=5007.39
powerlaw: xmin=3.21846, alpha=1.94378, xc=nan, p=nan, KS=0.0402289, loglik=-2514.04, AIC=5030.08, BIC=5034.72
shifted_exp: xmin=3.21846, alpha=0.0698256, xc=nan, p=nan, KS=0.299165, loglik=-2801.24, AIC=5604.49, BIC=5609.12

ΔAIC / ΔBIC
truncated: ΔAIC = 0 ΔBIC = 0
powerlaw: ΔAIC = 27.3326 ΔBIC = 27.3326
shifted_exp: ΔAIC = 601.738 ΔBIC = 601.738
",truncated,3.2184634804725647,True,,truncated,3.2184634804725647,1.864527147571816,275.1525459289551,,0.031903345644849535,5002.7466448172,5007.386520651026,-2500.3733224086,765,True,,shifted_exp,3.2184634804725647,0.06982557622096412,,,0.2991651000547173,5604.485019683765,5609.1248955175915,-2801.2425098418826,765,-601.7383748665652
/home/hpc/Desktop/resonant_swarm_runs/position_records/N400/kappa_2p5/okappa_1p8/pos_rep14_seed40000014.npz,400,2.5,1.8,14,40000014,com,-1,com,0.6709666490554811,0.43687203526496887,0.30368494987487793,2566,2566,True,,"Model comparison
----------------
truncated: xmin=3.62872, alpha=1.91208, xc=369.664, p=nan, KS=0.0221744, loglik=-2164.62, AIC=4331.24, BIC=4335.71
powerlaw: xmin=3.62872, alpha=1.9735, xc=nan, p=nan, KS=0.0328732, loglik=-2172.92, AIC=4347.84, BIC=4352.32
shifted_exp: xmin=3.62872, alpha=0.0670856, xc=nan, p=nan, KS=0.286575, loglik=-2406.16, AIC=4814.32, BIC=4818.8

ΔAIC / ΔBIC
truncated: ΔAIC = 0 ΔBIC = 0
powerlaw: ΔAIC = 16.6027 ΔBIC = 16.6027
shifted_exp: ΔAIC = 483.084 ΔBIC = 483.084
",truncated,3.6287224888801575,True,,truncated,3.6287224888801575,1.912084138847321,369.6638209223747,,0.022174356863951417,4331.237685231239,4335.714657594129,-2164.6188426156195,650,True,,shifted_exp,3.6287224888801575,0.06708559246539429,,,0.28657491942537194,4814.321768040595,4818.798740403485,-2406.1608840202975,650,-483.084082809356
/home/hpc/Desktop/resonant_swarm_runs/position_records/N400/kappa_2p5/okappa_1p8/pos_rep15_seed40000015.npz,400,2.5,1.8,15,40000015,com,-1,com,0.6873348951339722,0.4400741755962372,0.29781830310821533,2412,2412,True,,"Model comparison
----------------
truncated: xmin=3.89103, alpha=1.85839, xc=293.538, p=nan, KS=0.0191583, loglik=-2180.54, AIC=4363.07, BIC=4367.52
powerlaw: xmin=3.89103, alpha=1.94642, xc=nan, p=nan, KS=0.0361191, loglik=-2193.27, AIC=4388.53, BIC=4392.98
shifted_exp: xmin=3.89103, alpha=0.0655248, xc=nan, p=nan, KS=0.250932, loglik=-2354.41, AIC=4710.81, BIC=4715.26

ΔAIC / ΔBIC
truncated: ΔAIC = 0 ΔBIC = 0
powerlaw: ΔAIC = 25.4572 ΔBIC = 25.4572
shifted_exp: ΔAIC = 347.738 ΔBIC = 347.738
",truncated,3.891031861305237,True,,truncated,3.891031861305237,1.8583909005120078,293.53757786750793,,0.019158318944297786,4363.074674075226,4367.523563469373,-2180.537337037613,632,True,,shifted_exp,3.891031861305237,0.06552480909993803,,,0.250932481866626,4710.81262416649,4715.2615135606375,-2354.406312083245,632,-347.7379500912648
/home/hpc/Desktop/resonant_swarm_runs/position_records/N400/kappa_2p5/okappa_1p8/pos_rep16_seed40000016.npz,400,2.5,1.8,16,40000016,com,-1,com,0.6695023596286773,0.4303526282310486,0.2871021032333374,2595,2595,True,,"Model comparison
----------------
truncated: xmin=3.0099, alpha=1.92028, xc=438.649, p=nan, KS=0.0256228, loglik=-2555.45, AIC=5112.91, BIC=5117.6
powerlaw: xmin=3.0099, alpha=1.96595, xc=nan, p=nan, KS=0.0371303, loglik=-2562.81, AIC=5127.62, BIC=5132.32
shifted_exp: xmin=3.0099, alpha=0.0860998, xc=nan, p=nan, KS=0.238257, loglik=-2789.42, AIC=5580.83, BIC=5585.53

ΔAIC / ΔBIC
truncated: ΔAIC = 0 ΔBIC = 0
powerlaw: ΔAIC = 14.7145 ΔBIC = 14.7145
shifted_exp: ΔAIC = 467.927 ΔBIC = 467.927
",truncated,3.009896457195282,True,,truncated,3.009896457195282,1.9202822279751333,438.6487916111946,,0.025622800177590777,5112.906600046059,5117.60116210458,-2555.4533000230294,808,True,,shifted_exp,3.009896457195282,0.08609979322645632,,,0.23825670481767647,5580.833202869423,5585.527764927944,-2789.4166014347115,808,-467.9266028233642
/home/hpc/Desktop/resonant_swarm_runs/position_records/N400/kappa_2p5/okappa_1p8/pos_rep17_seed40000017.npz,400,2.5,1.8,17,40000017,com,-1,com,0.6807173252105714,0.438274621963501,0.29214826226234436,2517,2517,True,,"Model comparison
----------------
truncated: xmin=3.57198, alpha=1.93329, xc=347.756, p=nan, KS=0.0230226, loglik=-2393.63, AIC=4789.25, BIC=4793.85
powerlaw: xmin=3.57198, alpha=1.9933, xc=nan, p=nan, KS=0.0375651, loglik=-2402.5, AIC=4807, BIC=4811.59
shifted_exp: xmin=3.57198, alpha=0.0782046, xc=nan, p=nan, KS=0.242933, loglik=-2593.9, AIC=5189.8, BIC=5194.39

ΔAIC / ΔBIC
truncated: ΔAIC = 0 ΔBIC = 0
powerlaw: ΔAIC = 17.744 ΔBIC = 17.744
shifted_exp: ΔAIC = 400.545 ΔBIC = 400.545
",truncated,3.57197767496109,True,,truncated,3.57197767496109,1.9332936999289334,347.7555608153343,,0.023022565524454475,4789.254250914635,4793.8486643743845,-2393.6271254573176,731,True,,shifted_exp,3.57197767496109,0.0782046312704094,,,0.2429331759461799,5189.799411095053,5194.393824554802,-2593.8997055475265,731,-400.54516018041795
/home/hpc/Desktop/resonant_swarm_runs/position_records/N400/kappa_2p5/okappa_1p8/pos_rep18_seed40000018.npz,400,2.5,1.8,18,40000018,com,-1,com,0.6808668315410614,0.44270145893096924,0.3167172372341156,2490,2490,True,,"Model comparison
----------------
truncated: xmin=4.32628, alpha=1.98382, xc=427.406, p=nan, KS=0.0217931, loglik=-2055.34, AIC=4112.69, BIC=4117.09
powerlaw: xmin=4.32628, alpha=2.03539, xc=nan, p=nan, KS=0.0258574, loglik=-2061.22, AIC=4124.44, BIC=4128.84
shifted_exp: xmin=4.32628, alpha=0.0632057, xc=nan, p=nan, KS=0.280398, loglik=-2283.15, AIC=4568.29, BIC=4572.7

ΔAIC / ΔBIC
truncated: ΔAIC = 0 ΔBIC = 0
powerlaw: ΔAIC = 11.7511 ΔBIC = 11.7511
shifted_exp: ΔAIC = 455.606 ΔBIC = 455.606
",truncated,4.326279401779175,True,,truncated,4.326279401779175,1.983817289519532,427.40622782707214,,0.021793119087448576,4112.6852249666645,4117.093753757724,-2055.3426124833322,607,True,,shifted_exp,4.326279401779175,0.0632057202812151,,,0.2803981248740174,4568.291611971801,4572.70014076286,-2283.1458059859006,607,-455.60638700513664
/home/hpc/Desktop/resonant_swarm_runs/position_records/N400/kappa_2p5/okappa_1p8/pos_rep19_seed40000019.npz,400,2.5,1.8,19,40000019,com,-1,com,0.6853865921497345,0.4408639371395111,0.3046601414680481,2443,2443,True,,"Model comparison
----------------
truncated: xmin=4.8946, alpha=1.90303, xc=295.732, p=nan, KS=0.0184484, loglik=-1884.26, AIC=3770.52, BIC=3774.79
powerlaw: xmin=4.8946, alpha=1.99622, xc=nan, p=nan, KS=0.0384004, loglik=-1894.95, AIC=3791.89, BIC=3796.16
shifted_exp: xmin=4.8946, alpha=0.0580652, xc=nan, p=nan, KS=0.243865, loglik=-2026.94, AIC=4055.88, BIC=4060.15

ΔAIC / ΔBIC
truncated: ΔAIC = 0 ΔBIC = 0
powerlaw: ΔAIC = 21.3692 ΔBIC = 21.3692
shifted_exp: ΔAIC = 285.361 ΔBIC = 285.361
",truncated,4.894599556922913,True,,truncated,4.894599556922913,1.903029594399715,295.73220843076706,,0.018448414687408543,3770.52196874901,3774.7891692975513,-1884.260984374505,527,True,,shifted_exp,4.894599556922913,0.058065183876942615,,,0.243865338685326,4055.88324768175,4060.1504482302917,-2026.941623840875,527,-285.36127893274033
/home/hpc/Desktop/resonant_swarm_runs/position_records/N500/kappa_2p5/okappa_1p8/pos_rep00_seed50000000.npz,500,2.5,1.8,0,50000000,com,-1,com,0.6958410620689393,0.4481993317604065,0.33811166882514954,1901,1901,True,,"Model comparison
----------------
truncated: xmin=3.07303, alpha=1.73825, xc=438.591, p=nan, KS=0.0342456, loglik=-2366.94, AIC=4735.88, BIC=4740.39
powerlaw: xmin=3.07303, alpha=1.8171, xc=nan, p=nan, KS=0.0543828, loglik=-2381.05, AIC=4764.1, BIC=4768.61
shifted_exp: xmin=3.07303, alpha=0.0549072, xc=nan, p=nan, KS=0.275378, loglik=-2618.32, AIC=5238.63, BIC=5243.14

ΔAIC / ΔBIC
truncated: ΔAIC = 0 ΔBIC = 0
powerlaw: ΔAIC = 28.2192 ΔBIC = 28.2192
shifted_exp: ΔAIC = 502.755 ΔBIC = 502.755
",truncated,3.073031485080719,True,,truncated,3.073031485080719,1.738251312604211,438.5907887816429,,0.034245641949638084,4735.878387732599,4740.38715686957,-2366.9391938662993,671,True,,shifted_exp,3.073031485080719,0.054907158801331915,,,0.2753784953909019,5238.633689173093,5243.142458310065,-2618.3168445865467,671,-502.7553014404948
/home/hpc/Desktop/resonant_swarm_runs/position_records/N500/kappa_2p5/okappa_1p8/pos_rep01_seed50000001.npz,500,2.5,1.8,1,50000001,com,-1,com,0.6634358108043671,0.42687466740608215,0.2891422510147095,2265,2265,True,,"Model comparison
----------------
truncated: xmin=3.50254, alpha=1.83428, xc=241.848, p=nan, KS=0.0167176, loglik=-2244.34, AIC=4490.67, BIC=4495.18
powerlaw: xmin=3.50254, alpha=1.93355, xc=nan, p=nan, KS=0.0344132, loglik=-2260.03, AIC=4522.06, BIC=4526.56
shifted_exp: xmin=3.50254, alpha=0.0679104, xc=nan, p=nan, KS=0.260476, loglik=-2457.25, AIC=4916.5, BIC=4921

ΔAIC / ΔBIC
truncated: ΔAIC = 0 ΔBIC = 0
powerlaw: ΔAIC = 31.3856 ΔBIC = 31.3856
shifted_exp: ΔAIC = 425.828 ΔBIC = 425.828
",truncated,3.5025364756584167,True,,truncated,3.5025364756584167,1.8342838302095654,241.84776937961578,,0.016717612681772354,4490.674511476897,4495.175801147438,-2244.3372557384487,666,True,,shifted_exp,3.5025364756584167,0.06791035692250998,,,0.26047569285397976,4916.502876439368,4921.0041661099085,-2457.251438219684,666,-425.8283649624709
/home/hpc/Desktop/resonant_swarm_runs/position_records/N500/kappa_2p5/okappa_1p8/pos_rep02_seed50000002.npz,500,2.5,1.8,2,50000002,com,-1,com,0.6751248836517335,0.42914098501205444,0.2852990925312042,2191,2191,True,,"Model comparison
----------------
truncated: xmin=2.77439, alpha=1.79875, xc=318.401, p=nan, KS=0.0382269, loglik=-2578.72, AIC=5159.43, BIC=5164.1
powerlaw: xmin=2.77439, alpha=1.87556, xc=nan, p=nan, KS=0.058866, loglik=-2593.52, AIC=5189.03, BIC=5193.7
shifted_exp: xmin=2.77439, alpha=0.0756745, xc=nan, p=nan, KS=0.233804, loglik=-2818.49, AIC=5638.99, BIC=5643.66

ΔAIC / ΔBIC
truncated: ΔAIC = 0 ΔBIC = 0
powerlaw: ΔAIC = 29.5964 ΔBIC = 29.5964
shifted_exp: ΔAIC = 479.554 ΔBIC = 479.554
",truncated,2.7743875980377197,True,,truncated,2.7743875980377197,1.798753188624993,318.40115064382553,,0.0382268650786205,5159.434424022126,5164.102652270543,-2578.717212011063,787,True,,shifted_exp,2.7743875980377197,0.07567448753803445,,,0.23380350427934427,5638.988544467133,5643.65677271555,-2818.4942722335663,787,-479.55412044500645
/home/hpc/Desktop/resonant_swarm_runs/position_records/N500/kappa_2p5/okappa_1p8/pos_rep03_seed50000003.npz,500,2.5,1.8,3,50000003,com,-1,com,0.6432941377162934,0.41731345653533936,0.27624571323394775,2509,2509,True,,"Model comparison
----------------
truncated: xmin=2.82002, alpha=1.89558, xc=217.111, p=nan, KS=0.0321299, loglik=-2432.34, AIC=4866.67, BIC=4871.35
powerlaw: xmin=2.82002, alpha=1.97471, xc=nan, p=nan, KS=0.0280085, loglik=-2445.93, AIC=4893.87, BIC=4898.54
shifted_exp: xmin=2.82002, alpha=0.0838289, xc=nan, p=nan, KS=0.304854, loglik=-2755.35, AIC=5512.7, BIC=5517.37

ΔAIC / ΔBIC
truncated: ΔAIC = 0 ΔBIC = 0
powerlaw: ΔAIC = 27.1968 ΔBIC = 27.1968
shifted_exp: ΔAIC = 646.028 ΔBIC = 646.028
",truncated,2.820017457008362,True,,truncated,2.820017457008362,1.8955780487059246,217.11073821783066,,0.032129922325940474,4866.671844491724,4871.346405883539,-2432.335922245862,792,True,,shifted_exp,2.820017457008362,0.08382892355482797,,,0.30485411751707714,5512.6998550614235,5517.374416453238,-2755.3499275307117,792,-646.0280105696993
/home/hpc/Desktop/resonant_swarm_runs/position_records/N500/kappa_2p5/okappa_1p8/pos_rep04_seed50000004.npz,500,2.5,1.8,4,50000004,com,-1,com,0.6662365674972535,0.4303652346134186,0.29019033908843994,2280,2280,True,,"Model comparison
----------------
truncated: xmin=2.99768, alpha=1.84454, xc=425.698, p=nan, KS=0.0277438, loglik=-2408.14, AIC=4818.28, BIC=4822.87
powerlaw: xmin=2.99768, alpha=1.90293, xc=nan, p=nan, KS=0.0387423, loglik=-2417.75, AIC=4837.5, BIC=4842.09
shifted_exp: xmin=2.99768, alpha=0.0718928, xc=nan, p=nan, KS=0.271233, loglik=-2655.42, AIC=5312.83, BIC=5317.42

ΔAIC / ΔBIC
truncated: ΔAIC = 0 ΔBIC = 0
powerlaw: ΔAIC = 19.2203 ΔBIC = 19.2203
shifted_exp: ΔAIC = 494.553 ΔBIC = 494.553
",truncated,2.9976819157600403,True,,truncated,2.9976819157600403,1.8445406972168439,425.6981166601181,,0.0277437588537678,4818.277428506477,4822.871841966226,-2408.1387142532385,731,True,,shifted_exp,2.9976819157600403,0.07189281511286635,,,0.2712328250585313,5312.830422177116,5317.424835636865,-2655.415211088558,731,-494.5529936706389
/home/hpc/Desktop/resonant_swarm_runs/position_records/N500/kappa_2p5/okappa_1p8/pos_rep05_seed50000005.npz,500,2.5,1.8,5,50000005,com,-1,com,0.6408817291259766,0.41064488887786865,0.2717200815677643,2333,2333,True,,"Model comparison
----------------
truncated: xmin=4.06842, alpha=1.90425, xc=284.861, p=nan, KS=0.0239929, loglik=-1981.64, AIC=3965.29, BIC=3969.65
powerlaw: xmin=4.06842, alpha=1.98741, xc=nan, p=nan, KS=0.0437817, loglik=-1992.06, AIC=3986.12, BIC=3990.48
shifted_exp: xmin=4.06842, alpha=0.0672996, xc=nan, p=nan, KS=0.23663, loglik=-2148.89, AIC=4299.77, BIC=4304.14

ΔAIC / ΔBIC
truncated: ΔAIC = 0 ΔBIC = 0
powerlaw: ΔAIC = 20.8305 ΔBIC = 20.8305
shifted_exp: ΔAIC = 334.486 ΔBIC = 334.486
",truncated,4.06841653585434,True,,truncated,4.06841653585434,1.904245037359567,284.8612924218178,,0.02399294031302024,3965.2879511754827,3969.652701932335,-1981.6439755877414,581,True,,shifted_exp,4.06841653585434,0.06729963834412117,,,0.23662961965388268,4299.773683546659,4304.1384343035115,-2148.8868417733297,581,-334.4857323711767
/home/hpc/Desktop/resonant_swarm_runs/position_records/N500/kappa_2p5/okappa_1p8/pos_rep06_seed50000006.npz,500,2.5,1.8,6,50000006,com,-1,com,0.646962171792984,0.419568806886673,0.2958710789680481,2266,2266,True,,"Model comparison
----------------
truncated: xmin=4.16781, alpha=1.9646, xc=996.978, p=nan, KS=0.0206228, loglik=-1902.4, AIC=3806.81, BIC=3811.12
powerlaw: xmin=4.16781, alpha=1.99132, xc=nan, p=nan, KS=0.0226538, loglik=-1905.01, AIC=3812.02, BIC=3816.34
shifted_exp: xmin=4.16781, alpha=0.0583612, xc=nan, p=nan, KS=0.287721, loglik=-2124.13, AIC=4250.26, BIC=4254.58

ΔAIC / ΔBIC
truncated: ΔAIC = 0 ΔBIC = 0
powerlaw: ΔAIC = 5.21809 ΔBIC = 5.21809
shifted_exp: ΔAIC = 443.456 ΔBIC = 443.456
",truncated,4.1678078174591064,True,,truncated,4.1678078174591064,1.9646029492921522,996.9778884649277,,0.020622820625394667,3806.805026540552,3811.120384542074,-1902.402513270276,553,True,,shifted_exp,4.1678078174591064,0.05836120407050288,,,0.2877213978731863,4250.260939682357,4254.57629768388,-2124.1304698411786,553,-443.45591314180547
/home/hpc/Desktop/resonant_swarm_runs/position_records/N500/kappa_2p5/okappa_1p8/pos_rep07_seed50000007.npz,500,2.5,1.8,7,50000007,com,-1,com,0.6729502379894257,0.4351303279399872,0.3156778812408447,2108,2108,True,,"Model comparison
----------------
truncated: xmin=3.4304, alpha=1.85846, xc=554.181, p=nan, KS=0.0267723, loglik=-2189.45, AIC=4380.9, BIC=4385.36
powerlaw: xmin=3.4304, alpha=1.90959, xc=nan, p=nan, KS=0.0312421, loglik=-2196.6, AIC=4395.2, BIC=4399.66
shifted_exp: xmin=3.4304, alpha=0.0595123, xc=nan, p=nan, KS=0.303019, loglik=-2449.63, AIC=4901.26, BIC=4905.72

ΔAIC / ΔBIC
truncated: ΔAIC = 0 ΔBIC = 0
powerlaw: ΔAIC = 14.2981 ΔBIC = 14.2981
shifted_exp: ΔAIC = 520.357 ΔBIC = 520.357
",truncated,3.430396616458893,True,,truncated,3.430396616458893,1.8584649877989952,554.1807138323784,,0.0267722658646235,4380.897982337619,4385.36101179454,-2189.4489911688097,641,True,,shifted_exp,3.430396616458893,0.05951231002284709,,,0.3030190058745813,4901.255427955665,4905.718457412586,-2449.6277139778326,641,-520.3574456180459
/home/hpc/Desktop/resonant_swarm_runs/position_records/N500/kappa_2p5/okappa_1p8/pos_rep08_seed50000008.npz,500,2.5,1.8,8,50000008,com,-1,com,0.6662901878356934,0.42811819911003113,0.30061018466949463,2076,2076,True,,"Model comparison
----------------
truncated: xmin=3.77206, alpha=1.80015, xc=363.444, p=nan, KS=0.0201992, loglik=-2055.28, AIC=4112.57, BIC=4116.92
powerlaw: xmin=3.77206, alpha=1.88613, xc=nan, p=nan, KS=0.036951, loglik=-2067.52, AIC=4137.03, BIC=4141.39
shifted_exp: xmin=3.77206, alpha=0.0561483, xc=nan, p=nan, KS=0.256143, loglik=-2242.5, AIC=4487, BIC=4491.36

ΔAIC / ΔBIC
truncated: ΔAIC = 0 ΔBIC = 0
powerlaw: ΔAIC = 24.4651 ΔBIC = 24.4651
shifted_exp: ΔAIC = 374.437 ΔBIC = 374.437
",truncated,3.7720648646354675,True,,truncated,3.7720648646354675,1.8001529243800714,363.4441023468971,,0.020199173433230966,4112.565084540394,4116.924658409067,-2055.282542270197,578,True,,shifted_exp,3.7720648646354675,0.05614825616842644,,,0.2561432752770073,4487.002161112944,4491.361734981617,-2242.501080556472,578,-374.4370765725498
/home/hpc/Desktop/resonant_swarm_runs/position_records/N500/kappa_2p5/okappa_1p8/pos_rep09_seed50000009.npz,500,2.5,1.8,9,50000009,com,-1,com,0.663986599445343,0.42564845085144043,0.2880038917064667,2170,2170,True,,"Model comparison
----------------
truncated: xmin=3.46548, alpha=1.82668, xc=253.509, p=nan, KS=0.0217494, loglik=-2235.12, AIC=4472.25, BIC=4476.74
powerlaw: xmin=3.46548, alpha=1.92377, xc=nan, p=nan, KS=0.0411085, loglik=-2250.49, AIC=4502.98, BIC=4507.47
shifted_exp: xmin=3.46548, alpha=0.0663752, xc=nan, p=nan, KS=0.26647, loglik=-2453.92, AIC=4909.84, BIC=4914.33

ΔAIC / ΔBIC
truncated: ΔAIC = 0 ΔBIC = 0
powerlaw: ΔAIC = 30.7295 ΔBIC = 30.7295
shifted_exp: ΔAIC = 437.587 ΔBIC = 437.587
",truncated,3.465479552745819,True,,truncated,3.465479552745819,1.8266760947241831,253.50936269760132,,0.02174940984793805,4472.248457631585,4476.742211471436,-2235.1242288157923,661,True,,shifted_exp,3.465479552745819,0.06637518463500637,,,0.266470027463919,4909.835127437595,4914.328881277446,-2453.9175637187973,661,-437.5866698060099
/home/hpc/Desktop/resonant_swarm_runs/position_records/N500/kappa_2p5/okappa_1p8/pos_rep10_seed50000010.npz,500,2.5,1.8,10,50000010,com,-1,com,0.6977861821651459,0.4459322690963745,0.328045517206192,1936,1936,True,,"Model comparison
----------------
truncated: xmin=3.54021, alpha=1.71968, xc=364.071, p=nan, KS=0.0242869, loglik=-2118.12, AIC=4238.23, BIC=4242.59
powerlaw: xmin=3.54021, alpha=1.82082, xc=nan, p=nan, KS=0.0383972, loglik=-2134.36, AIC=4270.72, BIC=4275.08
shifted_exp: xmin=3.54021, alpha=0.0492367, xc=nan, p=nan, KS=0.290466, loglik=-2326.45, AIC=4654.9, BIC=4659.26

ΔAIC / ΔBIC
truncated: ΔAIC = 0 ΔBIC = 0
powerlaw: ΔAIC = 32.489 ΔBIC = 32.489
shifted_exp: ΔAIC = 416.664 ΔBIC = 416.664
",truncated,3.540205180644989,True,,truncated,3.540205180644989,1.7196822778395464,364.0714017152786,,0.024286929396919676,4238.231901507036,4242.594929610576,-2118.115950753518,580,True,,shifted_exp,3.540205180644989,0.04923665337781701,,,0.290465593944055,4654.8956567744335,4659.258684877974,-2326.4478283872168,580,-416.6637552673974
/home/hpc/Desktop/resonant_swarm_runs/position_records/N500/kappa_2p5/okappa_1p8/pos_rep11_seed50000011.npz,500,2.5,1.8,11,50000011,com,-1,com,0.6609798669815063,0.4285622537136078,0.3144276440143585,2210,2210,True,,"Model comparison
----------------
truncated: xmin=4.16087, alpha=1.90413, xc=558.987, p=nan, KS=0.0220296, loglik=-1939.99, AIC=3881.97, BIC=3886.29
powerlaw: xmin=4.16087, alpha=1.95513, xc=nan, p=nan, KS=0.0313765, loglik=-1945.79, AIC=3893.59, BIC=3897.9
shifted_exp: xmin=4.16087, alpha=0.0553485, xc=nan, p=nan, KS=0.297292, loglik=-2153.44, AIC=4308.88, BIC=4313.2

ΔAIC / ΔBIC
truncated: ΔAIC = 0 ΔBIC = 0
powerlaw: ΔAIC = 11.6135 ΔBIC = 11.6135
shifted_exp: ΔAIC = 426.91 ΔBIC = 426.91
",truncated,4.160870790481567,True,,truncated,4.160870790481567,1.9041327750180828,558.9873871207237,,0.02202963900071353,3881.971942104603,3886.2873001061253,-1939.9859710523015,553,True,,shifted_exp,4.160870790481567,0.05534847162852871,,,0.29729215401993014,4308.881493767431,4313.196851768953,-2153.4407468837153,553,-426.90955166282765
/home/hpc/Desktop/resonant_swarm_runs/position_records/N500/kappa_2p5/okappa_1p8/pos_rep12_seed50000012.npz,500,2.5,1.8,12,50000012,com,-1,com,0.6838537335395813,0.44078707695007324,0.3149524927139282,2073,2073,True,,"Model comparison
----------------
truncated: xmin=3.66176, alpha=1.8147, xc=319.677, p=nan, KS=0.026341, loglik=-2146.98, AIC=4295.96, BIC=4300.38
powerlaw: xmin=3.66176, alpha=1.90327, xc=nan, p=nan, KS=0.0386845, loglik=-2160.18, AIC=4322.35, BIC=4326.77
shifted_exp: xmin=3.66176, alpha=0.0562126, xc=nan, p=nan, KS=0.282945, loglik=-2389.23, AIC=4780.45, BIC=4784.88

ΔAIC / ΔBIC
truncated: ΔAIC = 0 ΔBIC = 0
powerlaw: ΔAIC = 26.3953 ΔBIC = 26.3953
shifted_exp: ΔAIC = 484.497 ΔBIC = 484.497
",truncated,3.6617629528045654,True,,truncated,3.6617629528045654,1.814704903869692,319.6772146821022,,0.026340995267240604,4295.955546269516,4300.37879323305,-2146.977773134758,616,True,,shifted_exp,3.6617629528045654,0.056212635354034375,,,0.28294472159972506,4780.452101794448,4784.875348757982,-2389.226050897224,616,-484.49655552493186
/home/hpc/Desktop/resonant_swarm_runs/position_records/N500/kappa_2p5/okappa_1p8/pos_rep13_seed50000013.npz,500,2.5,1.8,13,50000013,com,-1,com,0.6520898163318635,0.4212445616722107,0.2892943322658539,2272,2272,True,,"Model comparison
----------------
truncated: xmin=3.72982, alpha=1.85752, xc=396.61, p=nan, KS=0.0184666, loglik=-2028.86, AIC=4059.72, BIC=4064.1
powerlaw: xmin=3.72982, alpha=1.92658, xc=nan, p=nan, KS=0.0355546, loglik=-2037.98, AIC=4077.96, BIC=4082.33
shifted_exp: xmin=3.72982, alpha=0.0613332, xc=nan, p=nan, KS=0.263312, loglik=-2225.57, AIC=4453.14, BIC=4457.52

ΔAIC / ΔBIC
truncated: ΔAIC = 0 ΔBIC = 0
powerlaw: ΔAIC = 18.2323 ΔBIC = 18.2323
shifted_exp: ΔAIC = 393.421 ΔBIC = 393.421
",truncated,3.729820430278778,True,,truncated,3.729820430278778,1.8575198108994806,396.6097112894058,,0.018466643785434722,4059.722962421286,4064.097987241114,-2028.861481210643,587,True,,shifted_exp,3.729820430278778,0.0613331872578211,,,0.263312387703434,4453.143741067607,4457.518765887436,-2225.5718705338036,587,-393.4207786463212
/home/hpc/Desktop/resonant_swarm_runs/position_records/N500/kappa_2p5/okappa_1p8/pos_rep14_seed50000014.npz,500,2.5,1.8,14,50000014,com,-1,com,0.6646431982517242,0.42645058035850525,0.282970130443573,2249,2249,True,,"Model comparison
----------------
truncated: xmin=3.40972, alpha=1.82016, xc=230.371, p=nan, KS=0.0214337, loglik=-2286.19, AIC=4574.38, BIC=4578.9
powerlaw: xmin=3.40972, alpha=1.92429, xc=nan, p=nan, KS=0.0405152, loglik=-2303.34, AIC=4608.67, BIC=4613.2
shifted_exp: xmin=3.40972, alpha=0.0698136, xc=nan, p=nan, KS=0.259319, loglik=-2490.11, AIC=4982.22, BIC=4986.74

ΔAIC / ΔBIC
truncated: ΔAIC = 0 ΔBIC = 0
powerlaw: ΔAIC = 34.2949 ΔBIC = 34.2949
shifted_exp: ΔAIC = 407.842 ΔBIC = 407.842
",truncated,3.4097195863723755,True,,truncated,3.4097195863723755,1.8201636118840137,230.3710662126541,,0.021433726872803538,4574.378538673585,4578.900631471755,-2286.1892693367927,680,True,,shifted_exp,3.4097195863723755,0.0698135760578043,,,0.25931915649691095,4982.2204326740075,4986.7425254721775,-2490.1102163370037,680,-407.84189400042214
/home/hpc/Desktop/resonant_swarm_runs/position_records/N500/kappa_2p5/okappa_1p8/pos_rep15_seed50000015.npz,500,2.5,1.8,15,50000015,com,-1,com,0.6467649281024933,0.412406861782074,0.27758538722991943,2243,2243,True,,"Model comparison
----------------
truncated: xmin=3.48022, alpha=1.86054, xc=373.593, p=nan, KS=0.0217189, loglik=-2209.03, AIC=4420.06, BIC=4424.54
powerlaw: xmin=3.48022, alpha=1.92858, xc=nan, p=nan, KS=0.037614, loglik=-2218.97, AIC=4439.93, BIC=4444.42
shifted_exp: xmin=3.48022, alpha=0.0698056, xc=nan, p=nan, KS=0.251842, loglik=-2391.31, AIC=4784.62, BIC=4789.11

ΔAIC / ΔBIC
truncated: ΔAIC = 0 ΔBIC = 0
powerlaw: ΔAIC = 19.8786 ΔBIC = 19.8786
shifted_exp: ΔAIC = 364.569 ΔBIC = 364.569
",truncated,3.4802191853523254,True,,truncated,3.4802191853523254,1.8605444141223832,373.5931804180145,,0.021718876775429163,4420.055710184242,4424.537287313518,-2209.027855092121,653,True,,shifted_exp,3.4802191853523254,0.06980563942729387,,,0.25184197966804134,4784.624864777565,4789.106441906841,-2391.3124323887823,653,-364.5691545933223
/home/hpc/Desktop/resonant_swarm_runs/position_records/N500/kappa_2p5/okappa_1p8/pos_rep16_seed50000016.npz,500,2.5,1.8,16,50000016,com,-1,com,0.6580081462860108,0.421691358089447,0.3033240735530853,2132,2132,True,,"Model comparison
----------------
truncated: xmin=3.71626, alpha=1.81906, xc=339.201, p=nan, KS=0.0183548, loglik=-2078.61, AIC=4159.23, BIC=4163.61
powerlaw: xmin=3.71626, alpha=1.90404, xc=nan, p=nan, KS=0.0393225, loglik=-2090.73, AIC=4183.45, BIC=4187.84
shifted_exp: xmin=3.71626, alpha=0.0584051, xc=nan, p=nan, KS=0.262725, loglik=-2281.17, AIC=4564.34, BIC=4568.73

ΔAIC / ΔBIC
truncated: ΔAIC = 0 ΔBIC = 0
powerlaw: ΔAIC = 24.2243 ΔBIC = 24.2243
shifted_exp: ΔAIC = 405.113 ΔBIC = 405.113
",truncated,3.716255784034729,True,,truncated,3.716255784034729,1.8190641072319318,339.20100075006485,,0.01835475415998722,4159.225749839344,4163.612629158706,-2078.612874919672,594,True,,shifted_exp,3.716255784034729,0.05840507712274886,,,0.26272503278496007,4564.338717601347,4568.725596920709,-2281.1693588006733,594,-405.1129677620029
/home/hpc/Desktop/resonant_swarm_runs/position_records/N500/kappa_2p5/okappa_1p8/pos_rep17_seed50000017.npz,500,2.5,1.8,17,50000017,com,-1,com,0.6704499065876007,0.4314807653427124,0.3080337345600128,2089,2089,True,,"Model comparison
----------------
truncated: xmin=3.01787, alpha=1.77984, xc=267.843, p=nan, KS=0.0279078, loglik=-2365.81, AIC=4733.63, BIC=4738.19
powerlaw: xmin=3.01787, alpha=1.87536, xc=nan, p=nan, KS=0.0377794, loglik=-2382.94, AIC=4767.88, BIC=4772.44
shifted_exp: xmin=3.01787, alpha=0.0640533, xc=nan, p=nan, KS=0.293218, loglik=-2642.37, AIC=5286.74, BIC=5291.3

ΔAIC / ΔBIC
truncated: ΔAIC = 0 ΔBIC = 0
powerlaw: ΔAIC = 34.2513 ΔBIC = 34.2513
shifted_exp: ΔAIC = 553.109 ΔBIC = 553.109
",truncated,3.0178714394569397,True,,truncated,3.0178714394569397,1.7798366391810787,267.8427947163582,,0.027907757513139397,4733.628175936612,4738.186373739424,-2365.814087968306,705,True,,shifted_exp,3.0178714394569397,0.06405326106678584,,,0.29321753403256434,5286.736875936796,5291.295073739609,-2642.368437968398,705,-553.1087000001844
/home/hpc/Desktop/resonant_swarm_runs/position_records/N500/kappa_2p5/okappa_1p8/pos_rep18_seed50000018.npz,500,2.5,1.8,18,50000018,com,-1,com,0.6329689860343933,0.40605428814888,0.26935797929763794,2455,2455,True,,"Model comparison
----------------
truncated: xmin=4.22179, alpha=1.97159, xc=336.04, p=nan, KS=0.0199575, loglik=-1958.56, AIC=3919.12, BIC=3923.49
powerlaw: xmin=4.22179, alpha=2.03512, xc=nan, p=nan, KS=0.0333405, loglik=-1965.77, AIC=3933.54, BIC=3937.91
shifted_exp: xmin=4.22179, alpha=0.071954, xc=nan, p=nan, KS=0.242579, loglik=-2117.3, AIC=4236.6, BIC=4240.96

ΔAIC / ΔBIC
truncated: ΔAIC = 0 ΔBIC = 0
powerlaw: ΔAIC = 14.4177 ΔBIC = 14.4177
shifted_exp: ΔAIC = 317.472 ΔBIC = 317.472
",truncated,4.221785366535187,True,,truncated,4.221785366535187,1.971585130561109,336.0395407676697,,0.019957497906182807,3919.12381966699,3923.4920068533406,-1958.561909833495,583,True,,shifted_exp,4.221785366535187,0.07195397701768799,,,0.2425788138296785,4236.595515458437,4240.963702644787,-2117.2977577292186,583,-317.471695791447
/home/hpc/Desktop/resonant_swarm_runs/position_records/N500/kappa_2p5/okappa_1p8/pos_rep19_seed50000019.npz,500,2.5,1.8,19,50000019,com,-1,com,0.660680228471756,0.4180392324924469,0.2744068503379822,2219,2219,True,,"Model comparison
----------------
truncated: xmin=3.55442, alpha=1.83819, xc=234.048, p=nan, KS=0.0352861, loglik=-2217.54, AIC=4437.08, BIC=4441.57
powerlaw: xmin=3.55442, alpha=1.93988, xc=nan, p=nan, KS=0.0576828, loglik=-2233.36, AIC=4468.72, BIC=4473.21
shifted_exp: xmin=3.55442, alpha=0.0706173, xc=nan, p=nan, KS=0.234182, loglik=-2402.02, AIC=4806.03, BIC=4810.52

ΔAIC / ΔBIC
truncated: ΔAIC = 0 ΔBIC = 0
powerlaw: ΔAIC = 31.6461 ΔBIC = 31.6461
shifted_exp: ΔAIC = 368.956 ΔBIC = 368.956
",truncated,3.5544230341911316,True,,truncated,3.5544230341911316,1.8381936997430692,234.04809552431107,,0.03528614589939749,4437.077182937072,4441.566387868398,-2217.538591468536,658,True,,shifted_exp,3.5544230341911316,0.07061725347822943,,,0.23418162009213173,4806.032707526758,4810.5219124580835,-2402.016353763379,658,-368.9555245896854
