path,N,percept_kappa,option_kappa,rep,seed,level,individual,kind,threshold,series_mean,series_std,flight_count,n_positive_flights,comparison_ok,comparison_error,comparison_summary,best_model,fixed_xmin_for_comparison,truncated_ok,truncated_error,truncated_model,truncated_xmin,truncated_alpha,truncated_xc,truncated_p_value,truncated_ks_D,truncated_aic,truncated_bic,truncated_loglik,truncated_n_used,shifted_exp_ok,shifted_exp_error,shifted_exp_model,shifted_exp_xmin,shifted_exp_alpha,shifted_exp_xc,shifted_exp_p_value,shifted_exp_ks_D,shifted_exp_aic,shifted_exp_bic,shifted_exp_loglik,shifted_exp_n_used,delta_aic_trunc_minus_exp
/home/hpc/Desktop/resonant_swarm_runs/position_records/N100/kappa_0p5/okappa_1p5/pos_rep00_seed10000000.npz,100,0.5,1.5,0,10000000,com,-1,com,2.9489686965942385,2.156489610671997,0.7715229392051697,4434,4434,True,,"Model comparison
----------------
truncated: xmin=21.6834, alpha=3.60027, xc=100.672, p=nan, KS=0.0544487, loglik=-2066.97, AIC=4135.94, BIC=4140.35
powerlaw: xmin=21.6834, alpha=3.81134, xc=nan, p=nan, KS=0.0724297, loglik=-2076.54, AIC=4155.08, BIC=4159.49
shifted_exp: xmin=21.6834, alpha=0.0924429, xc=nan, p=nan, KS=0.0736526, loglik=-2065.89, AIC=4133.78, BIC=4138.2

ΔAIC / ΔBIC
truncated: ΔAIC = 2.15526 ΔBIC = 2.15526
powerlaw: ΔAIC = 21.2956 ΔBIC = 21.2956
shifted_exp: ΔAIC = 0 ΔBIC = 0
",shifted_exp,21.68344473838806,True,,truncated,21.68344473838806,3.6002726246601955,100.67156624794006,,0.05444873779935755,4135.938301928307,4140.353398887479,-2066.9691509641534,611,True,,shifted_exp,21.68344473838806,0.09244286349323651,,,0.07365261808785872,4133.783040114993,4138.198137074165,-2065.8915200574966,611,2.1552618133137003
/home/hpc/Desktop/resonant_swarm_runs/position_records/N100/kappa_0p5/okappa_1p5/pos_rep01_seed10000001.npz,100,0.5,1.5,1,10000001,com,-1,com,2.9282012701034548,2.105539560317993,0.7888798713684082,4234,4234,True,,"Model comparison
----------------
truncated: xmin=21.7044, alpha=3.38076, xc=123.096, p=nan, KS=0.0564862, loglik=-2086.3, AIC=4174.59, BIC=4178.98
powerlaw: xmin=21.7044, alpha=3.55287, xc=nan, p=nan, KS=0.07248, loglik=-2094.48, AIC=4190.97, BIC=4195.35
shifted_exp: xmin=21.7044, alpha=0.081169, xc=nan, p=nan, KS=0.0775694, loglik=-2082.15, AIC=4166.31, BIC=4170.69

ΔAIC / ΔBIC
truncated: ΔAIC = 8.28465 ΔBIC = 8.28465
powerlaw: ΔAIC = 24.6583 ΔBIC = 24.6583
shifted_exp: ΔAIC = 0 ΔBIC = 0
",shifted_exp,21.704427242279053,True,,truncated,21.704427242279053,3.3807572261277854,123.09624791145325,,0.05648616008805013,4174.593909116211,4178.979103515208,-2086.2969545581054,593,True,,shifted_exp,21.704427242279053,0.08116899260058472,,,0.0775694248626356,4166.309255552023,4170.694449951021,-2082.1546277760117,593,8.284653564187465
/home/hpc/Desktop/resonant_swarm_runs/position_records/N100/kappa_0p5/okappa_1p5/pos_rep02_seed10000002.npz,100,0.5,1.5,2,10000002,com,-1,com,2.9420633554458617,2.113722324371338,0.7936981916427612,4260,4260,True,,"Model comparison
----------------
truncated: xmin=21.5447, alpha=3.26993, xc=103.72, p=nan, KS=0.0506063, loglik=-2125.36, AIC=4252.72, BIC=4257.13
powerlaw: xmin=21.5447, alpha=3.53238, xc=nan, p=nan, KS=0.0737513, loglik=-2139.19, AIC=4280.39, BIC=4284.8
shifted_exp: xmin=21.5447, alpha=0.0809375, xc=nan, p=nan, KS=0.0677593, loglik=-2126.02, AIC=4254.03, BIC=4258.44

ΔAIC / ΔBIC
truncated: ΔAIC = 0 ΔBIC = 0
powerlaw: ΔAIC = 27.6661 ΔBIC = 27.6661
shifted_exp: ΔAIC = 1.3111 ΔBIC = 1.3111
",truncated,21.54473638534546,True,,truncated,21.54473638534546,3.2699329981000176,103.71957921981812,,0.050606294478814706,4252.723874730998,4257.12910318903,-2125.361937365499,605,True,,shifted_exp,21.54473638534546,0.08093746258632659,,,0.06775933803355771,4254.034972104143,4258.440200562174,-2126.0174860520715,605,-1.3110973731445483
/home/hpc/Desktop/resonant_swarm_runs/position_records/N100/kappa_0p5/okappa_1p5/pos_rep03_seed10000003.npz,100,0.5,1.5,3,10000003,com,-1,com,2.937136244773865,2.1155970096588135,0.78712397813797,4223,4223,True,,"Model comparison
----------------
truncated: xmin=18.1831, alpha=3.00692, xc=107.887, p=nan, KS=0.0540366, loglik=-2808.28, AIC=5618.56, BIC=5623.25
powerlaw: xmin=18.1831, alpha=3.23776, xc=nan, p=nan, KS=0.0770873, loglik=-2826.43, AIC=5654.86, BIC=5659.54
shifted_exp: xmin=18.1831, alpha=0.0805528, xc=nan, p=nan, KS=0.0933455, loglik=-2808.04, AIC=5618.07, BIC=5622.75

ΔAIC / ΔBIC
truncated: ΔAIC = 0.490663 ΔBIC = 0.490663
powerlaw: ΔAIC = 36.7851 ΔBIC = 36.7851
shifted_exp: ΔAIC = 0 ΔBIC = 0
",shifted_exp,18.183102130889893,True,,truncated,18.183102130889893,3.0069220305777735,107.88699340820312,,0.05403662085798264,5618.563133031994,5623.245241629444,-2808.281566515997,798,True,,shifted_exp,18.183102130889893,0.08055280074638052,,,0.09334552805098034,5618.072469888597,5622.754578486047,-2808.0362349442985,798,0.4906631433968869
/home/hpc/Desktop/resonant_swarm_runs/position_records/N100/kappa_0p5/okappa_1p5/pos_rep04_seed10000004.npz,100,0.5,1.5,4,10000004,com,-1,com,2.95262610912323,2.1440114974975586,0.7821894288063049,4296,4296,True,,"Model comparison
----------------
truncated: xmin=21.4318, alpha=3.16223, xc=93.3114, p=nan, KS=0.0471562, loglik=-2100.24, AIC=4202.47, BIC=4206.86
powerlaw: xmin=21.4318, alpha=3.5081, xc=nan, p=nan, KS=0.0721915, loglik=-2119.35, AIC=4240.69, BIC=4245.08
shifted_exp: xmin=21.4318, alpha=0.0812046, xc=nan, p=nan, KS=0.074616, loglik=-2099.45, AIC=4200.9, BIC=4205.29

ΔAIC / ΔBIC
truncated: ΔAIC = 1.57354 ΔBIC = 1.57354
powerlaw: ΔAIC = 39.7937 ΔBIC = 39.7937
shifted_exp: ΔAIC = 0 ΔBIC = 0
",shifted_exp,21.431797981262207,True,,truncated,21.431797981262207,3.1622332589568565,93.31138896942139,,0.047156179330628545,4202.471088721251,4206.864679475202,-2100.2355443606257,598,True,,shifted_exp,21.431797981262207,0.08120455771468203,,,0.07461596327726264,4200.8975490626635,4205.291139816614,-2099.4487745313318,598,1.5735396585878334
/home/hpc/Desktop/resonant_swarm_runs/position_records/N100/kappa_0p5/okappa_1p5/pos_rep05_seed10000005.npz,100,0.5,1.5,5,10000005,com,-1,com,2.9514705896377564,2.149709701538086,0.7753735184669495,4457,4457,True,,"Model comparison
----------------
truncated: xmin=21.845, alpha=3.58604, xc=100.339, p=nan, KS=0.0562916, loglik=-2001.75, AIC=4005.5, BIC=4009.88
powerlaw: xmin=21.845, alpha=3.80478, xc=nan, p=nan, KS=0.07117, loglik=-2011.42, AIC=4024.83, BIC=4029.21
shifted_exp: xmin=21.845, alpha=0.0907977, xc=nan, p=nan, KS=0.0672261, loglik=-2005.48, AIC=4012.96, BIC=4017.34

ΔAIC / ΔBIC
truncated: ΔAIC = 0 ΔBIC = 0
powerlaw: ΔAIC = 19.3266 ΔBIC = 19.3266
shifted_exp: ΔAIC = 7.45904 ΔBIC = 7.45904
",truncated,21.844966650009155,True,,truncated,21.844966650009155,3.586042967515954,100.33913779258728,,0.05629162657022571,4005.50442826391,4009.88455080081,-2001.752214131955,590,True,,shifted_exp,21.844966650009155,0.09079767656100161,,,0.06722611008947443,4012.963467040257,4017.3435895771568,-2005.4817335201285,590,-7.459038776346915
/home/hpc/Desktop/resonant_swarm_runs/position_records/N100/kappa_0p5/okappa_1p5/pos_rep06_seed10000006.npz,100,0.5,1.5,6,10000006,com,-1,com,2.9510965824127195,2.1527786254882812,0.768894374370575,4383,4383,True,,"Model comparison
----------------
truncated: xmin=18.183, alpha=3.21102, xc=92.9648, p=nan, KS=0.0600115, loglik=-2769.6, AIC=5541.2, BIC=5545.9
powerlaw: xmin=18.183, alpha=3.45816, xc=nan, p=nan, KS=0.083314, loglik=-2787.65, AIC=5577.29, BIC=5582
shifted_exp: xmin=18.183, alpha=0.092162, xc=nan, p=nan, KS=0.0894895, loglik=-2768.28, AIC=5538.56, BIC=5543.27

ΔAIC / ΔBIC
truncated: ΔAIC = 2.63298 ΔBIC = 2.63298
powerlaw: ΔAIC = 38.7317 ΔBIC = 38.7317
shifted_exp: ΔAIC = 0 ΔBIC = 0
",shifted_exp,18.18298888206482,True,,truncated,18.18298888206482,3.211021015154342,92.96482157707214,,0.060011504157983786,5541.195510417003,5545.902372753606,-2769.5977552085014,818,True,,shifted_exp,18.18298888206482,0.09216204218073473,,,0.0894895403982609,5538.562526356691,5543.269388693294,-2768.2812631783454,818,2.632984060312083
/home/hpc/Desktop/resonant_swarm_runs/position_records/N100/kappa_0p5/okappa_1p5/pos_rep07_seed10000007.npz,100,0.5,1.5,7,10000007,com,-1,com,2.954406476020813,2.1425395011901855,0.7791563272476196,4300,4300,True,,"Model comparison
----------------
truncated: xmin=21.4751, alpha=3.42157, xc=113.332, p=nan, KS=0.0490853, loglik=-2098.46, AIC=4198.92, BIC=4203.33
powerlaw: xmin=21.4751, alpha=3.61236, xc=nan, p=nan, KS=0.0665828, loglik=-2107.62, AIC=4217.24, BIC=4221.64
shifted_exp: xmin=21.4751, alpha=0.084159, xc=nan, p=nan, KS=0.0860657, loglik=-2098.93, AIC=4199.86, BIC=4204.26

ΔAIC / ΔBIC
truncated: ΔAIC = 0 ΔBIC = 0
powerlaw: ΔAIC = 18.3185 ΔBIC = 18.3185
shifted_exp: ΔAIC = 0.934352 ΔBIC = 0.934352
",truncated,21.475104331970215,True,,truncated,21.475104331970215,3.4215650327733003,113.33180069923401,,0.04908532548577338,4198.922799996557,4203.326374194492,-2098.4613999982785,604,True,,shifted_exp,21.475104331970215,0.0841590084866051,,,0.08606572047820876,4199.857152113791,4204.260726311726,-2098.9285760568955,604,-0.9343521172340843
/home/hpc/Desktop/resonant_swarm_runs/position_records/N100/kappa_0p5/okappa_1p5/pos_rep08_seed10000008.npz,100,0.5,1.5,8,10000008,com,-1,com,2.9490426540374757,2.160269021987915,0.7704417705535889,4435,4435,True,,"Model comparison
----------------
truncated: xmin=21.6866, alpha=3.57639, xc=95.0439, p=nan, KS=0.0424565, loglik=-1961.41, AIC=3924.81, BIC=3929.18
powerlaw: xmin=21.6866, alpha=3.82033, xc=nan, p=nan, KS=0.0615012, loglik=-1972.15, AIC=3946.3, BIC=3950.67
shifted_exp: xmin=21.6866, alpha=0.0927434, xc=nan, p=nan, KS=0.0690644, loglik=-1962.57, AIC=3927.14, BIC=3931.51

ΔAIC / ΔBIC
truncated: ΔAIC = 0 ΔBIC = 0
powerlaw: ΔAIC = 21.4901 ΔBIC = 21.4901
shifted_exp: ΔAIC = 2.33036 ΔBIC = 2.33036
",truncated,21.686552047729492,True,,truncated,21.686552047729492,3.576393529964271,95.04393339157104,,0.04245647321386492,3924.8106753086176,3929.1754260654698,-1961.4053376543088,581,True,,shifted_exp,21.686552047729492,0.09274344299923232,,,0.06906439212003504,3927.1410360376894,3931.5057867945416,-1962.5705180188447,581,-2.330360729071799
/home/hpc/Desktop/resonant_swarm_runs/position_records/N100/kappa_0p5/okappa_1p5/pos_rep09_seed10000009.npz,100,0.5,1.5,9,10000009,com,-1,com,2.934090828895569,2.1236491203308105,0.7805204391479492,4353,4353,True,,"Model comparison
----------------
truncated: xmin=18.2542, alpha=3.28616, xc=139.082, p=nan, KS=0.071701, loglik=-2779.79, AIC=5561.59, BIC=5566.28
powerlaw: xmin=18.2542, alpha=3.39429, xc=nan, p=nan, KS=0.0829766, loglik=-2786.77, AIC=5575.53, BIC=5580.23
shifted_exp: xmin=18.2542, alpha=0.0877853, xc=nan, p=nan, KS=0.0942305, loglik=-2773.75, AIC=5549.5, BIC=5554.2

ΔAIC / ΔBIC
truncated: ΔAIC = 12.0838 ΔBIC = 12.0838
powerlaw: ΔAIC = 26.0287 ΔBIC = 26.0287
shifted_exp: ΔAIC = 0 ΔBIC = 0
",shifted_exp,18.25419306755066,True,,truncated,18.25419306755066,3.2861620276866557,139.0824580192566,,0.07170104850790487,5561.587023862481,5566.281585921002,-2779.7935119312406,808,True,,shifted_exp,18.25419306755066,0.08778532677376671,,,0.09423051845780075,5549.503235949449,5554.19779800797,-2773.7516179747245,808,12.08378791303221
/home/hpc/Desktop/resonant_swarm_runs/position_records/N100/kappa_0p5/okappa_1p5/pos_rep10_seed10000010.npz,100,0.5,1.5,10,10000010,com,-1,com,2.949254608154297,2.1494932174682617,0.7763375639915466,4282,4282,True,,"Model comparison
----------------
truncated: xmin=22.0552, alpha=3.16561, xc=100.175, p=nan, KS=0.0678917, loglik=-2009.32, AIC=4020.65, BIC=4024.98
powerlaw: xmin=22.0552, alpha=3.4849, xc=nan, p=nan, KS=0.0886675, loglik=-2025.95, AIC=4053.89, BIC=4058.23
shifted_exp: xmin=22.0552, alpha=0.0782128, xc=nan, p=nan, KS=0.0500969, loglik=-2004.8, AIC=4011.6, BIC=4015.94

ΔAIC / ΔBIC
truncated: ΔAIC = 9.04465 ΔBIC = 9.04465
powerlaw: ΔAIC = 42.2883 ΔBIC = 42.2883
shifted_exp: ΔAIC = 0 ΔBIC = 0
",shifted_exp,22.05521512031555,True,,truncated,22.05521512031555,3.1656051115033317,100.17484045028687,,0.06789173559098885,4020.648022680836,4024.9848484119825,-2009.324011340418,565,True,,shifted_exp,22.05521512031555,0.07821283057485139,,,0.05009689223622531,4011.6033752778085,4015.940201008955,-2004.8016876389042,565,9.044647403027739
/home/hpc/Desktop/resonant_swarm_runs/position_records/N100/kappa_0p5/okappa_1p5/pos_rep11_seed10000011.npz,100,0.5,1.5,11,10000011,com,-1,com,2.9397056102752686,2.133758306503296,0.777284562587738,4310,4310,True,,"Model comparison
----------------
truncated: xmin=21.6067, alpha=3.45105, xc=110.869, p=nan, KS=0.0560972, loglik=-2132.43, AIC=4266.86, BIC=4271.28
powerlaw: xmin=21.6067, alpha=3.64736, xc=nan, p=nan, KS=0.0698195, loglik=-2141.94, AIC=4285.88, BIC=4290.3
shifted_exp: xmin=21.6067, alpha=0.0849856, xc=nan, p=nan, KS=0.0711991, loglik=-2134.61, AIC=4271.22, BIC=4275.64

ΔAIC / ΔBIC
truncated: ΔAIC = 0 ΔBIC = 0
powerlaw: ΔAIC = 19.0191 ΔBIC = 19.0191
shifted_exp: ΔAIC = 4.35991 ΔBIC = 4.35991
",truncated,21.60665988922119,True,,truncated,21.60665988922119,3.451050205292994,110.86887001991272,,0.05609723347845577,4266.857282878294,4271.280529841828,-2132.428641439147,616,True,,shifted_exp,21.60665988922119,0.08498557877594082,,,0.07119910070086569,4271.217196361624,4275.640443325157,-2134.608598180812,616,-4.359913483329365
/home/hpc/Desktop/resonant_swarm_runs/position_records/N100/kappa_0p5/okappa_1p5/pos_rep12_seed10000012.npz,100,0.5,1.5,12,10000012,com,-1,com,2.9297866582870484,2.127688407897949,0.7761480808258057,4387,4387,True,,"Model comparison
----------------
truncated: xmin=18.33, alpha=3.14844, xc=102.199, p=nan, KS=0.0662131, loglik=-2797.91, AIC=5597.82, BIC=5602.52
powerlaw: xmin=18.33, alpha=3.37233, xc=nan, p=nan, KS=0.0873001, loglik=-2814.55, AIC=5631.09, BIC=5635.79
shifted_exp: xmin=18.33, alpha=0.0878771, xc=nan, p=nan, KS=0.0837336, loglik=-2786.64, AIC=5575.27, BIC=5579.97

ΔAIC / ΔBIC
truncated: ΔAIC = 22.5533 ΔBIC = 22.5533
powerlaw: ΔAIC = 55.8241 ΔBIC = 55.8241
shifted_exp: ΔAIC = 0 ΔBIC = 0
",shifted_exp,18.329988479614258,True,,truncated,18.329988479614258,3.1484431949002096,102.1987452507019,,0.06621309764793959,5597.823311641458,5602.522811981619,-2797.911655820729,812,True,,shifted_exp,18.329988479614258,0.08787705651204879,,,0.08373355737703136,5575.270038918388,5579.96953925855,-2786.635019459194,812,22.553272723069313
/home/hpc/Desktop/resonant_swarm_runs/position_records/N100/kappa_0p5/okappa_1p5/pos_rep13_seed10000013.npz,100,0.5,1.5,13,10000013,com,-1,com,2.9498021602630615,2.148451566696167,0.7750284075737,4323,4323,True,,"Model comparison
----------------
truncated: xmin=19.2211, alpha=3.06576, xc=115.93, p=nan, KS=0.0608254, loglik=-2436.63, AIC=4875.25, BIC=4879.79
powerlaw: xmin=19.2211, alpha=3.27743, xc=nan, p=nan, KS=0.0806412, loglik=-2450.43, AIC=4902.86, BIC=4907.39
shifted_exp: xmin=19.2211, alpha=0.0789991, xc=nan, p=nan, KS=0.0753523, loglik=-2427.29, AIC=4856.57, BIC=4861.1

ΔAIC / ΔBIC
truncated: ΔAIC = 18.6808 ΔBIC = 18.6808
powerlaw: ΔAIC = 46.2883 ΔBIC = 46.2883
shifted_exp: ΔAIC = 0 ΔBIC = 0
",shifted_exp,19.221131086349487,True,,truncated,19.221131086349487,3.0657589492196577,115.93015336990356,,0.06082543550729602,4875.254391663531,4879.7852692912575,-2436.6271958317657,686,True,,shifted_exp,19.221131086349487,0.07899908885987804,,,0.0753522612865209,4856.5736131212225,4861.104490748949,-2427.2868065606112,686,18.68077854230887
/home/hpc/Desktop/resonant_swarm_runs/position_records/N100/kappa_0p5/okappa_1p5/pos_rep14_seed10000014.npz,100,0.5,1.5,14,10000014,com,-1,com,2.9420075654983524,2.13331937789917,0.7789788246154785,4333,4333,True,,"Model comparison
----------------
truncated: xmin=18.4838, alpha=3.23065, xc=111.995, p=nan, KS=0.0618608, loglik=-2678.37, AIC=5358.74, BIC=5363.4
powerlaw: xmin=18.4838, alpha=3.40778, xc=nan, p=nan, KS=0.07533, loglik=-2690.28, AIC=5382.57, BIC=5387.23
shifted_exp: xmin=18.4838, alpha=0.0875108, xc=nan, p=nan, KS=0.0906505, loglik=-2676.64, AIC=5355.28, BIC=5359.93

ΔAIC / ΔBIC
truncated: ΔAIC = 3.46274 ΔBIC = 3.46274
powerlaw: ΔAIC = 27.2912 ΔBIC = 27.2912
shifted_exp: ΔAIC = 0 ΔBIC = 0
",shifted_exp,18.483787775039673,True,,truncated,18.483787775039673,3.2306480314107993,111.99522519111633,,0.06186080584698685,5358.739266104651,5363.397277150521,-2678.3696330523253,779,True,,shifted_exp,18.483787775039673,0.08751083734548139,,,0.0906504570032435,5355.276529865466,5359.934540911337,-2676.638264932733,779,3.4627362391847782
/home/hpc/Desktop/resonant_swarm_runs/position_records/N100/kappa_0p5/okappa_1p5/pos_rep15_seed10000015.npz,100,0.5,1.5,15,10000015,com,-1,com,2.9399540901184085,2.120715856552124,0.7881391644477844,4251,4251,True,,"Model comparison
----------------
truncated: xmin=21.262, alpha=3.32379, xc=105.04, p=nan, KS=0.0489051, loglik=-2199.9, AIC=4401.81, BIC=4406.26
powerlaw: xmin=21.262, alpha=3.56191, xc=nan, p=nan, KS=0.0697203, loglik=-2212.6, AIC=4427.2, BIC=4431.65
shifted_exp: xmin=21.262, alpha=0.0829237, xc=nan, p=nan, KS=0.0825389, loglik=-2202.09, AIC=4406.17, BIC=4410.62

ΔAIC / ΔBIC
truncated: ΔAIC = 0 ΔBIC = 0
powerlaw: ΔAIC = 25.3952 ΔBIC = 25.3952
shifted_exp: ΔAIC = 4.36153 ΔBIC = 4.36153
",truncated,21.261981964111328,True,,truncated,21.261981964111328,3.323793358225101,105.03975033760071,,0.04890510507825829,4401.809551931496,4406.2568577940365,-2199.904775965748,631,True,,shifted_exp,21.261981964111328,0.0829236930007795,,,0.08253886447264544,4406.171082833248,4410.618388695789,-2202.085541416624,631,-4.361530901752303
/home/hpc/Desktop/resonant_swarm_runs/position_records/N100/kappa_0p5/okappa_1p5/pos_rep16_seed10000016.npz,100,0.5,1.5,16,10000016,com,-1,com,2.936401605606079,2.130066394805908,0.7774577140808105,4268,4268,True,,"Model comparison
----------------
truncated: xmin=18.0522, alpha=3.00003, xc=90.2347, p=nan, KS=0.0613803, loglik=-2835.56, AIC=5673.11, BIC=5677.82
powerlaw: xmin=18.0522, alpha=3.30997, xc=nan, p=nan, KS=0.0897187, loglik=-2860.93, AIC=5723.87, BIC=5728.58
shifted_exp: xmin=18.0522, alpha=0.0859227, xc=nan, p=nan, KS=0.0778534, loglik=-2832.53, AIC=5667.06, BIC=5671.77

ΔAIC / ΔBIC
truncated: ΔAIC = 6.05071 ΔBIC = 6.05071
powerlaw: ΔAIC = 56.8042 ΔBIC = 56.8042
shifted_exp: ΔAIC = 0 ΔBIC = 0
",shifted_exp,18.052242755889893,True,,truncated,18.052242755889893,3.000033068613704,90.23465514183044,,0.06138034481332488,5673.113647150689,5677.822951490947,-2835.5568235753444,820,True,,shifted_exp,18.052242755889893,0.08592274746596641,,,0.07785341536928017,5667.062941601264,5671.772245941523,-2832.531470800632,820,6.050705549424492
/home/hpc/Desktop/resonant_swarm_runs/position_records/N100/kappa_0p5/okappa_1p5/pos_rep17_seed10000017.npz,100,0.5,1.5,17,10000017,com,-1,com,2.9434834957122806,2.1273751258850098,0.7873198390007019,4347,4347,True,,"Model comparison
----------------
truncated: xmin=18.3288, alpha=3.11717, xc=103.881, p=nan, KS=0.0592147, loglik=-2715.8, AIC=5433.6, BIC=5438.26
powerlaw: xmin=18.3288, alpha=3.34133, xc=nan, p=nan, KS=0.079178, loglik=-2732.13, AIC=5466.27, BIC=5470.93
shifted_exp: xmin=18.3288, alpha=0.0854518, xc=nan, p=nan, KS=0.0814894, loglik=-2712.49, AIC=5426.97, BIC=5431.64

ΔAIC / ΔBIC
truncated: ΔAIC = 6.62895 ΔBIC = 6.62895
powerlaw: ΔAIC = 39.2981 ΔBIC = 39.2981
shifted_exp: ΔAIC = 0 ΔBIC = 0
",shifted_exp,18.32883906364441,True,,truncated,18.32883906364441,3.1171700452621107,103.88134264945984,,0.059214726399521245,5433.599618343345,5438.264027363696,-2715.7998091716727,784,True,,shifted_exp,18.32883906364441,0.0854518070406203,,,0.08148938568516462,5426.970668565233,5431.6350775855835,-2712.4853342826163,784,6.628949778112656
/home/hpc/Desktop/resonant_swarm_runs/position_records/N100/kappa_0p5/okappa_1p5/pos_rep18_seed10000018.npz,100,0.5,1.5,18,10000018,com,-1,com,2.946097707748413,2.130129814147949,0.7869793772697449,4349,4349,True,,"Model comparison
----------------
truncated: xmin=18.4835, alpha=3.27191, xc=128.124, p=nan, KS=0.0649241, loglik=-2704.48, AIC=5410.96, BIC=5415.63
powerlaw: xmin=18.4835, alpha=3.4035, xc=nan, p=nan, KS=0.077944, loglik=-2712.97, AIC=5427.94, BIC=5432.61
shifted_exp: xmin=18.4835, alpha=0.0876489, xc=nan, p=nan, KS=0.0794909, loglik=-2696.02, AIC=5394.03, BIC=5398.7

ΔAIC / ΔBIC
truncated: ΔAIC = 16.9292 ΔBIC = 16.9292
powerlaw: ΔAIC = 33.9068 ΔBIC = 33.9068
shifted_exp: ΔAIC = 0 ΔBIC = 0
",shifted_exp,18.48347759246826,True,,truncated,18.48347759246826,3.271914600532686,128.12437915802002,,0.06492412173786932,5410.961978721816,5415.627662439599,-2704.480989360908,785,True,,shifted_exp,18.48347759246826,0.0876489362825685,,,0.07949090075688398,5394.032811737828,5398.69849545561,-2696.016405868914,785,16.92916698398858
/home/hpc/Desktop/resonant_swarm_runs/position_records/N100/kappa_0p5/okappa_1p5/pos_rep19_seed10000019.npz,100,0.5,1.5,19,10000019,com,-1,com,2.9395920515060423,2.1155312061309814,0.7918198108673096,4273,4273,True,,"Model comparison
----------------
truncated: xmin=21.8546, alpha=3.37479, xc=107.155, p=nan, KS=0.0521199, loglik=-2087.93, AIC=4177.86, BIC=4182.25
powerlaw: xmin=21.8546, alpha=3.6056, xc=nan, p=nan, KS=0.071687, loglik=-2099.3, AIC=4200.6, BIC=4205
shifted_exp: xmin=21.8546, alpha=0.0827279, xc=nan, p=nan, KS=0.0690798, loglik=-2088.33, AIC=4178.67, BIC=4183.06

ΔAIC / ΔBIC
truncated: ΔAIC = 0 ΔBIC = 0
powerlaw: ΔAIC = 22.7466 ΔBIC = 22.7466
shifted_exp: ΔAIC = 0.811587 ΔBIC = 0.811587
",truncated,21.8545823097229,True,,truncated,21.8545823097229,3.3747913146175126,107.15452671051025,,0.05211991912963623,4177.85710563744,4182.250696391391,-2087.92855281872,598,True,,shifted_exp,21.8545823097229,0.08272793857965263,,,0.06907979684945786,4178.668692630217,4183.062283384168,-2088.3343463151086,598,-0.8115869927769381
/home/hpc/Desktop/resonant_swarm_runs/position_records/N200/kappa_0p5/okappa_1p5/pos_rep00_seed20000000.npz,200,0.5,1.5,0,20000000,com,-1,com,2.873762130737305,1.984222650527954,0.8263652324676514,3083,3083,True,,"Model comparison
----------------
truncated: xmin=23.9981, alpha=2.76556, xc=152.886, p=nan, KS=0.0501874, loglik=-2451.29, AIC=4904.59, BIC=4909.02
powerlaw: xmin=23.9981, alpha=3.02764, xc=nan, p=nan, KS=0.0786556, loglik=-2469.75, AIC=4941.5, BIC=4945.93
shifted_exp: xmin=23.9981, alpha=0.0528222, xc=nan, p=nan, KS=0.0755826, loglik=-2455.13, AIC=4912.27, BIC=4916.7

ΔAIC / ΔBIC
truncated: ΔAIC = 0 ΔBIC = 0
powerlaw: ΔAIC = 36.911 ΔBIC = 36.911
shifted_exp: ΔAIC = 7.67785 ΔBIC = 7.67785
",truncated,23.99814462661743,True,,truncated,23.99814462661743,2.7655555619912238,152.8857023715973,,0.05018739165025626,4904.589319098477,4909.023865617264,-2451.2946595492385,623,True,,shifted_exp,23.99814462661743,0.052822165609579426,,,0.07558257844290714,4912.267168946028,4916.701715464815,-2455.133584473014,623,-7.677849847550533
/home/hpc/Desktop/resonant_swarm_runs/position_records/N200/kappa_0p5/okappa_1p5/pos_rep01_seed20000001.npz,200,0.5,1.5,1,20000001,com,-1,com,2.85132098197937,1.9698386192321777,0.8233439922332764,3103,3103,True,,"Model comparison
----------------
truncated: xmin=17.6421, alpha=2.2587, xc=132.575, p=nan, KS=0.0512406, loglik=-3379.41, AIC=6760.82, BIC=6765.57
powerlaw: xmin=17.6421, alpha=2.60893, xc=nan, p=nan, KS=0.0967347, loglik=-3425.86, AIC=6853.72, BIC=6858.47
shifted_exp: xmin=17.6421, alpha=0.0517034, xc=nan, p=nan, KS=0.0683797, loglik=-3379.78, AIC=6761.57, BIC=6766.32

ΔAIC / ΔBIC
truncated: ΔAIC = 0 ΔBIC = 0
powerlaw: ΔAIC = 92.9036 ΔBIC = 92.9036
shifted_exp: ΔAIC = 0.75031 ΔBIC = 0.75031
",truncated,17.64208960533142,True,,truncated,17.64208960533142,2.25869984956566,132.57511353492737,,0.051240635151747316,6760.817382110259,6765.56614165775,-3379.4086910551296,853,True,,shifted_exp,17.64208960533142,0.05170338934597343,,,0.06837969936654309,6761.56769248456,6766.3164520320515,-3379.78384624228,853,-0.7503103743010797
/home/hpc/Desktop/resonant_swarm_runs/position_records/N200/kappa_0p5/okappa_1p5/pos_rep02_seed20000002.npz,200,0.5,1.5,2,20000002,com,-1,com,2.840800333023071,1.9298299551010132,0.8352768421173096,2974,2974,True,,"Model comparison
----------------
truncated: xmin=26.5782, alpha=2.77812, xc=180.173, p=nan, KS=0.0754676, loglik=-2174.9, AIC=4351.8, BIC=4356.09
powerlaw: xmin=26.5782, alpha=3.01401, xc=nan, p=nan, KS=0.0990029, loglik=-2189.07, AIC=4380.14, BIC=4384.43
shifted_exp: xmin=26.5782, alpha=0.0483594, xc=nan, p=nan, KS=0.045361, loglik=-2163.62, AIC=4329.25, BIC=4333.53

ΔAIC / ΔBIC
truncated: ΔAIC = 22.5523 ΔBIC = 22.5523
powerlaw: ΔAIC = 50.8977 ΔBIC = 50.8977
shifted_exp: ΔAIC = 0 ΔBIC = 0
",shifted_exp,26.578238248825073,True,,truncated,26.578238248825073,2.778120833065035,180.17293500900269,,0.07546764773425957,4351.799246489494,4356.085244584003,-2174.899623244747,537,True,,shifted_exp,26.578238248825073,0.048359434167692526,,,0.04536100191508141,4329.246906299489,4333.532904393997,-2163.6234531497444,537,22.552340190005452
/home/hpc/Desktop/resonant_swarm_runs/position_records/N200/kappa_0p5/okappa_1p5/pos_rep03_seed20000003.npz,200,0.5,1.5,3,20000003,com,-1,com,2.8735547780990602,1.9856613874435425,0.8268813490867615,3025,3025,True,,"Model comparison
----------------
truncated: xmin=27.2782, alpha=2.90581, xc=211.363, p=nan, KS=0.063621, loglik=-2049.72, AIC=4101.43, BIC=4105.66
powerlaw: xmin=27.2782, alpha=3.07253, xc=nan, p=nan, KS=0.082236, loglik=-2058.33, AIC=4118.66, BIC=4122.89
shifted_exp: xmin=27.2782, alpha=0.0476311, xc=nan, p=nan, KS=0.0599422, loglik=-2050.44, AIC=4102.89, BIC=4107.12

ΔAIC / ΔBIC
truncated: ΔAIC = 0 ΔBIC = 0
powerlaw: ΔAIC = 17.2231 ΔBIC = 17.2231
shifted_exp: ΔAIC = 1.45537 ΔBIC = 1.45537
",truncated,27.278241634368896,True,,truncated,27.278241634368896,2.9058114233086556,211.36349630355835,,0.06362095479881041,4101.433473465631,4105.661984469222,-2049.7167367328157,507,True,,shifted_exp,27.278241634368896,0.04763111409273311,,,0.05994224402447895,4102.888840909613,4107.1173519132035,-2050.4444204548063,507,-1.4553674439812312
/home/hpc/Desktop/resonant_swarm_runs/position_records/N200/kappa_0p5/okappa_1p5/pos_rep04_seed20000004.npz,200,0.5,1.5,4,20000004,com,-1,com,2.8717844009399416,1.990830898284912,0.8231894373893738,3178,3178,True,,"Model comparison
----------------
truncated: xmin=26.775, alpha=2.79969, xc=159.175, p=nan, KS=0.0528846, loglik=-2001.96, AIC=4005.92, BIC=4010.14
powerlaw: xmin=26.775, alpha=3.08102, xc=nan, p=nan, KS=0.0812983, loglik=-2017.57, AIC=4037.14, BIC=4041.36
shifted_exp: xmin=26.775, alpha=0.0499287, xc=nan, p=nan, KS=0.0387286, loglik=-1998.58, AIC=3999.16, BIC=4003.37

ΔAIC / ΔBIC
truncated: ΔAIC = 6.76199 ΔBIC = 6.76199
powerlaw: ΔAIC = 37.9839 ΔBIC = 37.9839
shifted_exp: ΔAIC = 0 ΔBIC = 0
",shifted_exp,26.775044679641724,True,,truncated,26.775044679641724,2.7996929098962697,159.17509651184082,,0.05288458795034445,4005.9215322150767,4010.136140313499,-2001.9607661075383,500,True,,shifted_exp,26.775044679641724,0.04992868763162986,,,0.03872862450373393,3999.159538980288,4003.37414707871,-1998.579769490144,500,6.761993234788861
/home/hpc/Desktop/resonant_swarm_runs/position_records/N200/kappa_0p5/okappa_1p5/pos_rep05_seed20000005.npz,200,0.5,1.5,5,20000005,com,-1,com,2.903034520149231,2.0246169567108154,0.8352246284484863,3293,3293,True,,"Model comparison
----------------
truncated: xmin=24.0478, alpha=2.89151, xc=151.677, p=nan, KS=0.0508072, loglik=-2322.91, AIC=4647.83, BIC=4652.23
powerlaw: xmin=24.0478, alpha=3.12606, xc=nan, p=nan, KS=0.0755234, loglik=-2337.68, AIC=4677.35, BIC=4681.75
shifted_exp: xmin=24.0478, alpha=0.0567554, xc=nan, p=nan, KS=0.0651599, loglik=-2321.4, AIC=4644.81, BIC=4649.2

ΔAIC / ΔBIC
truncated: ΔAIC = 3.02309 ΔBIC = 3.02309
powerlaw: ΔAIC = 32.5475 ΔBIC = 32.5475
shifted_exp: ΔAIC = 0 ΔBIC = 0
",shifted_exp,24.047755002975464,True,,truncated,24.047755002975464,2.8915095622342033,151.67726135253906,,0.050807172589754646,4647.828386815817,4652.225316471033,-2322.9141934079084,600,True,,shifted_exp,24.047755002975464,0.05675540320020892,,,0.06515989432111613,4644.805299891795,4649.202229547011,-2321.4026499458973,600,3.023086924022209
/home/hpc/Desktop/resonant_swarm_runs/position_records/N200/kappa_0p5/okappa_1p5/pos_rep06_seed20000006.npz,200,0.5,1.5,6,20000006,com,-1,com,2.833265852928162,1.9287254810333252,0.8309852480888367,2884,2884,True,,"Model comparison
----------------
truncated: xmin=23.4401, alpha=2.65192, xc=222.078, p=nan, KS=0.0684121, loglik=-2569, AIC=5140, BIC=5144.44
powerlaw: xmin=23.4401, alpha=2.82085, xc=nan, p=nan, KS=0.0897406, loglik=-2581.63, AIC=5165.26, BIC=5169.7
shifted_exp: xmin=23.4401, alpha=0.0467179, xc=nan, p=nan, KS=0.0512046, loglik=-2556.02, AIC=5114.04, BIC=5118.49

ΔAIC / ΔBIC
truncated: ΔAIC = 25.9501 ΔBIC = 25.9501
powerlaw: ΔAIC = 51.2107 ΔBIC = 51.2107
shifted_exp: ΔAIC = 0 ΔBIC = 0
",shifted_exp,23.440145254135132,True,,truncated,23.440145254135132,2.6519242829868417,222.07834219932556,,0.06841213804833557,5139.995040486954,5144.439171743655,-2568.997520243477,629,True,,shifted_exp,23.440145254135132,0.04671785952778655,,,0.05120459502781549,5114.044975568219,5118.48910682492,-2556.0224877841097,629,25.950064918734824
/home/hpc/Desktop/resonant_swarm_runs/position_records/N200/kappa_0p5/okappa_1p5/pos_rep07_seed20000007.npz,200,0.5,1.5,7,20000007,com,-1,com,2.869660425186157,1.9940627813339233,0.8209952712059021,3166,3166,True,,"Model comparison
----------------
truncated: xmin=17.5558, alpha=2.47831, xc=163.878, p=nan, KS=0.0644119, loglik=-3445.39, AIC=6892.77, BIC=6897.56
powerlaw: xmin=17.5558, alpha=2.69177, xc=nan, p=nan, KS=0.0920737, loglik=-3470.81, AIC=6943.63, BIC=6948.41
shifted_exp: xmin=17.5558, alpha=0.0551434, xc=nan, p=nan, KS=0.0952452, loglik=-3441.77, AIC=6885.55, BIC=6890.33

ΔAIC / ΔBIC
truncated: ΔAIC = 7.2248 ΔBIC = 7.2248
powerlaw: ΔAIC = 58.0817 ΔBIC = 58.0817
shifted_exp: ΔAIC = 0 ΔBIC = 0
",shifted_exp,17.555818796157837,True,,truncated,17.555818796157837,2.4783106752777244,163.87835025787354,,0.0644119295063319,6892.772904960315,6897.556230160919,-3445.3864524801575,883,True,,shifted_exp,17.555818796157837,0.055143364328231546,,,0.09524515649918475,6885.5481084424455,6890.331433643049,-3441.7740542212227,883,7.224796517869436
/home/hpc/Desktop/resonant_swarm_runs/position_records/N200/kappa_0p5/okappa_1p5/pos_rep08_seed20000008.npz,200,0.5,1.5,8,20000008,com,-1,com,2.892623448371887,1.9957835674285889,0.8348112106323242,3083,3083,True,,"Model comparison
----------------
truncated: xmin=20.6852, alpha=2.54286, xc=155.982, p=nan, KS=0.0535127, loglik=-2986.27, AIC=5974.54, BIC=5979.16
powerlaw: xmin=20.6852, alpha=2.80334, xc=nan, p=nan, KS=0.0852403, loglik=-3011.71, AIC=6025.42, BIC=6030.04
shifted_exp: xmin=20.6852, alpha=0.0521023, xc=nan, p=nan, KS=0.0698983, loglik=-2981.73, AIC=5965.46, BIC=5970.08

ΔAIC / ΔBIC
truncated: ΔAIC = 9.08331 ΔBIC = 9.08331
powerlaw: ΔAIC = 59.96 ΔBIC = 59.96
shifted_exp: ΔAIC = 0 ΔBIC = 0
",shifted_exp,20.685199737548828,True,,truncated,20.685199737548828,2.542861634234687,155.98186445236206,,0.05351268347306698,5974.538591313731,5979.1639836817385,-2986.2692956568653,754,True,,shifted_exp,20.685199737548828,0.05210231256921265,,,0.0698982838672261,5965.455283677002,5970.08067604501,-2981.727641838501,754,9.083307636728932
/home/hpc/Desktop/resonant_swarm_runs/position_records/N200/kappa_0p5/okappa_1p5/pos_rep09_seed20000009.npz,200,0.5,1.5,9,20000009,com,-1,com,2.8751260280609134,1.9916688203811646,0.8314136266708374,3125,3125,True,,"Model comparison
----------------
truncated: xmin=20.7749, alpha=2.57893, xc=151.23, p=nan, KS=0.062135, loglik=-2918.16, AIC=5838.33, BIC=5842.93
powerlaw: xmin=20.7749, alpha=2.84164, xc=nan, p=nan, KS=0.0938012, loglik=-2942.83, AIC=5887.67, BIC=5892.28
shifted_exp: xmin=20.7749, alpha=0.0533053, xc=nan, p=nan, KS=0.0839817, loglik=-2917.34, AIC=5836.67, BIC=5841.28

ΔAIC / ΔBIC
truncated: ΔAIC = 1.65317 ΔBIC = 1.65317
powerlaw: ΔAIC = 50.9942 ΔBIC = 50.9942
shifted_exp: ΔAIC = 0 ΔBIC = 0
",shifted_exp,20.774850368499756,True,,truncated,20.774850368499756,2.5789291211396725,151.22990608215332,,0.062134966836141614,5838.325632387838,5842.934981631005,-2918.162816193919,742,True,,shifted_exp,20.774850368499756,0.053305274949450046,,,0.08398171260329074,5836.672458557095,5841.281807800262,-2917.3362292785473,742,1.6531738307430714
/home/hpc/Desktop/resonant_swarm_runs/position_records/N200/kappa_0p5/okappa_1p5/pos_rep10_seed20000010.npz,200,0.5,1.5,10,20000010,com,-1,com,2.8389031410217287,1.913987159729004,0.8385217189788818,2878,2878,True,,"Model comparison
----------------
truncated: xmin=20.4714, alpha=2.39357, xc=159.569, p=nan, KS=0.0538742, loglik=-2991.32, AIC=5984.65, BIC=5989.25
powerlaw: xmin=20.4714, alpha=2.68619, xc=nan, p=nan, KS=0.0908948, loglik=-3022.22, AIC=6046.45, BIC=6051.05
shifted_exp: xmin=20.4714, alpha=0.0477728, xc=nan, p=nan, KS=0.0679077, loglik=-2986.52, AIC=5975.04, BIC=5979.65

ΔAIC / ΔBIC
truncated: ΔAIC = 9.60857 ΔBIC = 9.60857
powerlaw: ΔAIC = 71.4066 ΔBIC = 71.4066
shifted_exp: ΔAIC = 0 ΔBIC = 0
",shifted_exp,20.47144389152527,True,,truncated,20.47144389152527,2.3935736576000597,159.56929969787598,,0.053874224599264164,5984.648537033046,5989.253834953994,-2991.324268516523,739,True,,shifted_exp,20.47144389152527,0.04777279085225713,,,0.06790768290283133,5975.03996721107,5979.645265132018,-2986.519983605535,739,9.608569821975834
/home/hpc/Desktop/resonant_swarm_runs/position_records/N200/kappa_0p5/okappa_1p5/pos_rep11_seed20000011.npz,200,0.5,1.5,11,20000011,com,-1,com,2.870522212982178,2.008260488510132,0.805694043636322,3088,3088,True,,"Model comparison
----------------
truncated: xmin=17.7539, alpha=2.3954, xc=160.783, p=nan, KS=0.0775401, loglik=-3454.53, AIC=6911.06, BIC=6915.83
powerlaw: xmin=17.7539, alpha=2.63961, xc=nan, p=nan, KS=0.110416, loglik=-3485.06, AIC=6972.12, BIC=6976.89
shifted_exp: xmin=17.7539, alpha=0.0526403, xc=nan, p=nan, KS=0.0729193, loglik=-3443.35, AIC=6888.7, BIC=6893.47

ΔAIC / ΔBIC
truncated: ΔAIC = 22.3558 ΔBIC = 22.3558
powerlaw: ΔAIC = 83.4163 ΔBIC = 83.4163
shifted_exp: ΔAIC = 0 ΔBIC = 0
",shifted_exp,17.753949880599976,True,,truncated,17.753949880599976,2.3954028496984776,160.78346967697144,,0.07754005737316527,6911.056576952181,6915.82851250802,-3454.5282884760904,873,True,,shifted_exp,17.753949880599976,0.05264031235978851,,,0.07291926199601706,6888.7007594358265,6893.472694991666,-3443.3503797179133,873,22.355817516354364
/home/hpc/Desktop/resonant_swarm_runs/position_records/N200/kappa_0p5/okappa_1p5/pos_rep12_seed20000012.npz,200,0.5,1.5,12,20000012,com,-1,com,2.8893219232559204,2.033856153488159,0.8117798566818237,3278,3278,True,,"Model comparison
----------------
truncated: xmin=27.2922, alpha=2.8755, xc=141.228, p=nan, KS=0.0459419, loglik=-1980.31, AIC=3962.62, BIC=3966.84
powerlaw: xmin=27.2922, alpha=3.20145, xc=nan, p=nan, KS=0.0743481, loglik=-1997.78, AIC=3997.56, BIC=4001.78
shifted_exp: xmin=27.2922, alpha=0.0525976, xc=nan, p=nan, KS=0.0495552, loglik=-1984.38, AIC=3970.76, BIC=3974.98

ΔAIC / ΔBIC
truncated: ΔAIC = 0 ΔBIC = 0
powerlaw: ΔAIC = 34.9382 ΔBIC = 34.9382
shifted_exp: ΔAIC = 8.13478 ΔBIC = 8.13478
",truncated,27.292168617248535,True,,truncated,27.292168617248535,2.8754983923360333,141.22792673110962,,0.045941883319204624,3962.620707754414,3966.8412979245136,-1980.310353877207,503,True,,shifted_exp,27.292168617248535,0.052597590245860366,,,0.049555169199994975,3970.75548294288,3974.9760731129795,-1984.37774147144,503,-8.134775188465937
/home/hpc/Desktop/resonant_swarm_runs/position_records/N200/kappa_0p5/okappa_1p5/pos_rep13_seed20000013.npz,200,0.5,1.5,13,20000013,com,-1,com,2.845109057426453,1.9425781965255737,0.8305810689926147,2925,2925,True,,"Model comparison
----------------
truncated: xmin=14.4379, alpha=2.15576, xc=143.282, p=nan, KS=0.0611487, loglik=-4186.52, AIC=8375.04, BIC=8380.01
powerlaw: xmin=14.4379, alpha=2.44672, xc=nan, p=nan, KS=0.100526, loglik=-4239.26, AIC=8480.53, BIC=8485.5
shifted_exp: xmin=14.4379, alpha=0.0524617, xc=nan, p=nan, KS=0.0930882, loglik=-4192.43, AIC=8386.86, BIC=8391.82

ΔAIC / ΔBIC
truncated: ΔAIC = 0 ΔBIC = 0
powerlaw: ΔAIC = 105.485 ΔBIC = 105.485
shifted_exp: ΔAIC = 11.8133 ΔBIC = 11.8133
",truncated,14.437851667404175,True,,truncated,14.437851667404175,2.1557563144876655,143.28187203407288,,0.061148669529258015,8375.043380382249,8380.01128958405,-4186.521690191124,1062,True,,shifted_exp,14.437851667404175,0.052461660457065976,,,0.09308815006449883,8386.85671534364,8391.824624545441,-4192.42835767182,1062,-11.813334961390865
/home/hpc/Desktop/resonant_swarm_runs/position_records/N200/kappa_0p5/okappa_1p5/pos_rep14_seed20000014.npz,200,0.5,1.5,14,20000014,com,-1,com,2.8968141317367557,2.028533697128296,0.8237305283546448,3266,3266,True,,"Model comparison
----------------
truncated: xmin=26.4735, alpha=2.88435, xc=176.68, p=nan, KS=0.0530846, loglik=-1993.69, AIC=3989.38, BIC=3993.59
powerlaw: xmin=26.4735, alpha=3.10049, xc=nan, p=nan, KS=0.0744459, loglik=-2005.03, AIC=4012.05, BIC=4016.27
shifted_exp: xmin=26.4735, alpha=0.051149, xc=nan, p=nan, KS=0.048316, loglik=-1986.51, AIC=3975.01, BIC=3979.23

ΔAIC / ΔBIC
truncated: ΔAIC = 14.3672 ΔBIC = 14.3672
powerlaw: ΔAIC = 37.0409 ΔBIC = 37.0409
shifted_exp: ΔAIC = 0 ΔBIC = 0
",shifted_exp,26.473478317260742,True,,truncated,26.473478317260742,2.884354897511476,176.6800501346588,,0.053084609047202636,3989.3790666484474,3993.5936747468695,-1993.6895333242237,500,True,,shifted_exp,26.473478317260742,0.05114902645616327,,,0.048315995134073975,3975.0118198807213,3979.2264279791434,-1986.5059099403607,500,14.367246767726101
/home/hpc/Desktop/resonant_swarm_runs/position_records/N200/kappa_0p5/okappa_1p5/pos_rep15_seed20000015.npz,200,0.5,1.5,15,20000015,com,-1,com,2.8822939157485963,2.0191214084625244,0.8209474682807922,3222,3222,True,,"Model comparison
----------------
truncated: xmin=27.6826, alpha=2.89117, xc=155.503, p=nan, KS=0.0614404, loglik=-2011.35, AIC=4024.7, BIC=4028.93
powerlaw: xmin=27.6826, alpha=3.17319, xc=nan, p=nan, KS=0.089798, loglik=-2026.41, AIC=4054.82, BIC=4059.05
shifted_exp: xmin=27.6826, alpha=0.051291, xc=nan, p=nan, KS=0.0398312, loglik=-2008.94, AIC=4019.88, BIC=4024.11

ΔAIC / ΔBIC
truncated: ΔAIC = 4.82038 ΔBIC = 4.82038
powerlaw: ΔAIC = 34.9389 ΔBIC = 34.9389
shifted_exp: ΔAIC = 0 ΔBIC = 0
",shifted_exp,27.682624578475952,True,,truncated,27.682624578475952,2.891172105001811,155.50347208976746,,0.06144038951652514,4024.7027095437534,4028.9292462130406,-2011.3513547718767,506,True,,shifted_exp,27.682624578475952,0.051291027120612454,,,0.03983115986344249,4019.882325457923,4024.10886212721,-2008.9411627289614,506,4.820384085830483
/home/hpc/Desktop/resonant_swarm_runs/position_records/N200/kappa_0p5/okappa_1p5/pos_rep16_seed20000016.npz,200,0.5,1.5,16,20000016,com,-1,com,2.893343710899353,2.005382537841797,0.8307573199272156,3134,3134,True,,"Model comparison
----------------
truncated: xmin=27.324, alpha=2.87804, xc=154.304, p=nan, KS=0.0385961, loglik=-2040.46, AIC=4082.93, BIC=4087.17
powerlaw: xmin=27.324, alpha=3.16112, xc=nan, p=nan, KS=0.0680326, loglik=-2055.93, AIC=4113.86, BIC=4118.1
shifted_exp: xmin=27.324, alpha=0.050986, xc=nan, p=nan, KS=0.056029, loglik=-2043.77, AIC=4089.54, BIC=4093.78

ΔAIC / ΔBIC
truncated: ΔAIC = 0 ΔBIC = 0
powerlaw: ΔAIC = 30.9306 ΔBIC = 30.9306
shifted_exp: ΔAIC = 6.60786 ΔBIC = 6.60786
",truncated,27.324016571044922,True,,truncated,27.324016571044922,2.878042575490712,154.3038091659546,,0.038596109843248516,4082.929682484977,4087.1719057504324,-2040.4648412424885,514,True,,shifted_exp,27.324016571044922,0.05098601841480506,,,0.056028991203922796,4089.537539884793,4093.7797631502485,-2043.7687699423966,514,-6.607857399816112
/home/hpc/Desktop/resonant_swarm_runs/position_records/N200/kappa_0p5/okappa_1p5/pos_rep17_seed20000017.npz,200,0.5,1.5,17,20000017,com,-1,com,2.8750664234161376,2.0101706981658936,0.819405198097229,3181,3181,True,,"Model comparison
----------------
truncated: xmin=27.165, alpha=2.98342, xc=154.329, p=nan, KS=0.0607326, loglik=-2072.71, AIC=4147.42, BIC=4151.69
powerlaw: xmin=27.165, alpha=3.23734, xc=nan, p=nan, KS=0.0838797, loglik=-2086.17, AIC=4174.33, BIC=4178.6
shifted_exp: xmin=27.165, alpha=0.054388, xc=nan, p=nan, KS=0.0604221, loglik=-2069.24, AIC=4140.49, BIC=4144.76

ΔAIC / ΔBIC
truncated: ΔAIC = 6.93533 ΔBIC = 6.93533
powerlaw: ΔAIC = 33.8456 ΔBIC = 33.8456
shifted_exp: ΔAIC = 0 ΔBIC = 0
",shifted_exp,27.16501784324646,True,,truncated,27.16501784324646,2.983419098157639,154.32866835594177,,0.06073264287194152,4147.421360031654,4151.692348463513,-2072.710680015827,529,True,,shifted_exp,27.16501784324646,0.054387958146014055,,,0.06042214910949548,4140.48603265303,4144.757021084888,-2069.243016326515,529,6.935327378624606
/home/hpc/Desktop/resonant_swarm_runs/position_records/N200/kappa_0p5/okappa_1p5/pos_rep18_seed20000018.npz,200,0.5,1.5,18,20000018,com,-1,com,2.85346474647522,1.9608254432678223,0.8305391669273376,3082,3082,True,,"Model comparison
----------------
truncated: xmin=27.3482, alpha=2.80578, xc=172.947, p=nan, KS=0.0343971, loglik=-2037.67, AIC=4077.34, BIC=4081.56
powerlaw: xmin=27.3482, alpha=3.06039, xc=nan, p=nan, KS=0.0590347, loglik=-2051.83, AIC=4105.67, BIC=4109.89
shifted_exp: xmin=27.3482, alpha=0.0473184, xc=nan, p=nan, KS=0.0674967, loglik=-2041.63, AIC=4085.26, BIC=4089.48

ΔAIC / ΔBIC
truncated: ΔAIC = 0 ΔBIC = 0
powerlaw: ΔAIC = 28.3279 ΔBIC = 28.3279
shifted_exp: ΔAIC = 7.92175 ΔBIC = 7.92175
",truncated,27.348154544830322,True,,truncated,27.348154544830322,2.805781178568978,172.947265625,,0.03439706358368781,4077.3402553420483,4081.5628316101197,-2037.6701276710241,504,True,,shifted_exp,27.348154544830322,0.04731844190317605,,,0.06749671064209778,4085.262008565565,4089.4845848336363,-2041.6310042827824,504,-7.921753223516589
/home/hpc/Desktop/resonant_swarm_runs/position_records/N200/kappa_0p5/okappa_1p5/pos_rep19_seed20000019.npz,200,0.5,1.5,19,20000019,com,-1,com,2.852307176589966,1.9469550848007202,0.8361068964004517,2975,2975,True,,"Model comparison
----------------
truncated: xmin=14.9182, alpha=2.15098, xc=177.213, p=nan, KS=0.0637985, loglik=-3849.64, AIC=7701.28, BIC=7706.14
powerlaw: xmin=14.9182, alpha=2.39542, xc=nan, p=nan, KS=0.10013, loglik=-3889.89, AIC=7781.77, BIC=7786.63
shifted_exp: xmin=14.9182, alpha=0.0479483, xc=nan, p=nan, KS=0.0847894, loglik=-3843.83, AIC=7689.65, BIC=7694.51

ΔAIC / ΔBIC
truncated: ΔAIC = 11.6312 ΔBIC = 11.6312
powerlaw: ΔAIC = 92.1197 ΔBIC = 92.1197
shifted_exp: ΔAIC = 0 ΔBIC = 0
",shifted_exp,14.918245553970337,True,,truncated,14.918245553970337,2.1509790976585617,177.21319150924683,,0.06379847490205826,7701.284033825361,7706.142598860152,-3849.6420169126804,952,True,,shifted_exp,14.918245553970337,0.04794825781286469,,,0.08478938539341091,7689.652873525138,7694.511438559929,-3843.826436762569,952,11.6311603002232
/home/hpc/Desktop/resonant_swarm_runs/position_records/N300/kappa_0p5/okappa_1p5/pos_rep00_seed30000000.npz,300,0.5,1.5,0,30000000,com,-1,com,2.792789173126221,1.8244930505752563,0.8573047518730164,2282,2282,True,,"Model comparison
----------------
truncated: xmin=20.0689, alpha=2.1192, xc=251.907, p=nan, KS=0.0618838, loglik=-3064.14, AIC=6130.29, BIC=6134.84
powerlaw: xmin=20.0689, alpha=2.36039, xc=nan, p=nan, KS=0.0973323, loglik=-3094.11, AIC=6190.22, BIC=6194.77
shifted_exp: xmin=20.0689, alpha=0.0345141, xc=nan, p=nan, KS=0.0751586, loglik=-3052.11, AIC=6106.21, BIC=6110.76

ΔAIC / ΔBIC
truncated: ΔAIC = 24.075 ΔBIC = 24.075
powerlaw: ΔAIC = 84.0101 ΔBIC = 84.0101
shifted_exp: ΔAIC = 0 ΔBIC = 0
",shifted_exp,20.06892681121826,True,,truncated,20.06892681121826,2.119196969000986,251.90729928016663,,0.061883843039827635,6130.286459885163,6134.836110627397,-3064.1432299425815,699,True,,shifted_exp,20.06892681121826,0.03451405061989624,,,0.07515857866902359,6106.211505366445,6110.761156108679,-3052.1057526832224,699,24.074954518718187
/home/hpc/Desktop/resonant_swarm_runs/position_records/N300/kappa_0p5/okappa_1p5/pos_rep01_seed30000001.npz,300,0.5,1.5,1,30000001,com,-1,com,2.8083494186401365,1.8488264083862305,0.8520286679267883,2291,2291,True,,"Model comparison
----------------
truncated: xmin=26.2433, alpha=2.30486, xc=269.672, p=nan, KS=0.0677134, loglik=-2424.66, AIC=4851.32, BIC=4855.62
powerlaw: xmin=26.2433, alpha=2.54005, xc=nan, p=nan, KS=0.0999964, loglik=-2444.29, AIC=4890.57, BIC=4894.87
shifted_exp: xmin=26.2433, alpha=0.0322836, xc=nan, p=nan, KS=0.0472508, loglik=-2416.09, AIC=4834.18, BIC=4838.48

ΔAIC / ΔBIC
truncated: ΔAIC = 17.1367 ΔBIC = 17.1367
powerlaw: ΔAIC = 56.3885 ΔBIC = 56.3885
shifted_exp: ΔAIC = 0 ΔBIC = 0
",shifted_exp,26.243332862854004,True,,truncated,26.243332862854004,2.3048552921225065,269.67206358909607,,0.0677133824193139,4851.319228565582,4855.6200143602455,-2424.659614282791,545,True,,shifted_exp,26.243332862854004,0.03228363080789239,,,0.04725083944358466,4834.182510047558,4838.483295842221,-2416.091255023779,545,17.13671851802428
/home/hpc/Desktop/resonant_swarm_runs/position_records/N300/kappa_0p5/okappa_1p5/pos_rep02_seed30000002.npz,300,0.5,1.5,2,30000002,com,-1,com,2.8322608947753913,1.8777657747268677,0.8575043082237244,2409,2409,True,,"Model comparison
----------------
truncated: xmin=20.3676, alpha=2.25744, xc=268.4, p=nan, KS=0.0641213, loglik=-3072.77, AIC=6147.54, BIC=6152.11
powerlaw: xmin=20.3676, alpha=2.44839, xc=nan, p=nan, KS=0.0935629, loglik=-3094.42, AIC=6190.83, BIC=6195.41
shifted_exp: xmin=20.3676, alpha=0.0371321, xc=nan, p=nan, KS=0.082793, loglik=-3065.4, AIC=6132.79, BIC=6137.36

ΔAIC / ΔBIC
truncated: ΔAIC = 14.7479 ΔBIC = 14.7479
powerlaw: ΔAIC = 58.0412 ΔBIC = 58.0412
shifted_exp: ΔAIC = 0 ΔBIC = 0
",shifted_exp,20.367583751678467,True,,truncated,20.367583751678467,2.257435282277658,268.3996539115906,,0.06412130121289261,6147.541152062077,6152.112035024417,-3072.7705760310387,714,True,,shifted_exp,20.367583751678467,0.03713213297394107,,,0.0827929612930306,6132.793224728424,6137.364107690764,-3065.396612364212,714,14.747927333653024
/home/hpc/Desktop/resonant_swarm_runs/position_records/N300/kappa_0p5/okappa_1p5/pos_rep03_seed30000003.npz,300,0.5,1.5,3,30000003,com,-1,com,2.8207962989807127,1.8370436429977417,0.8714573979377747,2295,2295,True,,"Model comparison
----------------
truncated: xmin=14.2976, alpha=1.95824, xc=331.52, p=nan, KS=0.0792821, loglik=-3839.08, AIC=7680.16, BIC=7684.93
powerlaw: xmin=14.2976, alpha=2.13508, xc=nan, p=nan, KS=0.111512, loglik=-3871.41, AIC=7744.81, BIC=7749.59
shifted_exp: xmin=14.2976, alpha=0.0345787, xc=nan, p=nan, KS=0.0891179, loglik=-3827.68, AIC=7657.36, BIC=7662.14

ΔAIC / ΔBIC
truncated: ΔAIC = 22.7946 ΔBIC = 22.7946
powerlaw: ΔAIC = 87.4509 ΔBIC = 87.4509
shifted_exp: ΔAIC = 0 ΔBIC = 0
",shifted_exp,14.29755449295044,True,,truncated,14.29755449295044,1.9582367182758091,331.5197207927704,,0.0792821159074576,7680.15575862826,7684.932265620632,-3839.07787931413,877,True,,shifted_exp,14.29755449295044,0.03457874601745594,,,0.08911789040986601,7657.361173828437,7662.13768082081,-3827.6805869142186,877,22.794584799822587
/home/hpc/Desktop/resonant_swarm_runs/position_records/N300/kappa_0p5/okappa_1p5/pos_rep04_seed30000004.npz,300,0.5,1.5,4,30000004,com,-1,com,2.8174984216690064,1.8420673608779907,0.8716363310813904,2433,2433,True,,"Model comparison
----------------
truncated: xmin=23.1684, alpha=2.34119, xc=254.607, p=nan, KS=0.0677096, loglik=-2746.89, AIC=5495.79, BIC=5500.24
powerlaw: xmin=23.1684, alpha=2.54966, xc=nan, p=nan, KS=0.0973524, loglik=-2766.64, AIC=5535.27, BIC=5539.73
shifted_exp: xmin=23.1684, alpha=0.0370973, xc=nan, p=nan, KS=0.0568986, loglik=-2731.12, AIC=5464.24, BIC=5468.69

ΔAIC / ΔBIC
truncated: ΔAIC = 31.5516 ΔBIC = 31.5516
powerlaw: ΔAIC = 71.0381 ΔBIC = 71.0381
shifted_exp: ΔAIC = 0 ΔBIC = 0
",shifted_exp,23.168410539627075,True,,truncated,23.168410539627075,2.3411891218243337,254.60679459571838,,0.06770962678279696,5495.787775813026,5500.242974376366,-2746.893887906513,636,True,,shifted_exp,23.168410539627075,0.03709731011295774,,,0.056898614093007616,5464.236157559116,5468.6913561224555,-2731.118078779558,636,31.55161825391042
/home/hpc/Desktop/resonant_swarm_runs/position_records/N300/kappa_0p5/okappa_1p5/pos_rep05_seed30000005.npz,300,0.5,1.5,5,30000005,com,-1,com,2.817204785346985,1.818465232849121,0.8766133785247803,2328,2328,True,,"Model comparison
----------------
truncated: xmin=20.224, alpha=2.11773, xc=264.114, p=nan, KS=0.0640496, loglik=-3004.63, AIC=6011.26, BIC=6015.78
powerlaw: xmin=20.224, alpha=2.35034, xc=nan, p=nan, KS=0.0985199, loglik=-3032.9, AIC=6067.8, BIC=6072.33
shifted_exp: xmin=20.224, alpha=0.0336303, xc=nan, p=nan, KS=0.0683259, loglik=-2995.57, AIC=5993.13, BIC=5997.66

ΔAIC / ΔBIC
truncated: ΔAIC = 18.1255 ΔBIC = 18.1255
powerlaw: ΔAIC = 74.6665 ΔBIC = 74.6665
shifted_exp: ΔAIC = 0 ΔBIC = 0
",shifted_exp,20.223982095718384,True,,truncated,20.223982095718384,2.1177319204442577,264.1137912273407,,0.0640495931634546,6011.259204167309,6015.784233825152,-3004.6296020836544,682,True,,shifted_exp,20.223982095718384,0.033630336649338094,,,0.06832588861265049,5993.133677305193,5997.658706963036,-2995.5668386525963,682,18.125526862116203
/home/hpc/Desktop/resonant_swarm_runs/position_records/N300/kappa_0p5/okappa_1p5/pos_rep06_seed30000006.npz,300,0.5,1.5,6,30000006,com,-1,com,2.804635190963745,1.81174635887146,0.8709672689437866,2289,2289,True,,"Model comparison
----------------
truncated: xmin=26.0983, alpha=2.30699, xc=242.813, p=nan, KS=0.0514843, loglik=-2455.64, AIC=4913.28, BIC=4917.6
powerlaw: xmin=26.0983, alpha=2.5691, xc=nan, p=nan, KS=0.0879103, loglik=-2477.92, AIC=4957.83, BIC=4962.15
shifted_exp: xmin=26.0983, alpha=0.0330474, xc=nan, p=nan, KS=0.0530527, loglik=-2456.27, AIC=4914.53, BIC=4918.85

ΔAIC / ΔBIC
truncated: ΔAIC = 0 ΔBIC = 0
powerlaw: ΔAIC = 44.5494 ΔBIC = 44.5494
shifted_exp: ΔAIC = 1.25027 ΔBIC = 1.25027
",truncated,26.09831738471985,True,,truncated,26.09831738471985,2.3069860856043145,242.81254029273987,,0.05148428800865723,4913.281536271107,4917.604101511034,-2455.6407681355536,557,True,,shifted_exp,26.09831738471985,0.033047375852771656,,,0.05305265772826284,4914.531810274569,4918.854375514496,-2456.2659051372843,557,-1.2502740034615272
/home/hpc/Desktop/resonant_swarm_runs/position_records/N300/kappa_0p5/okappa_1p5/pos_rep07_seed30000007.npz,300,0.5,1.5,7,30000007,com,-1,com,2.819652795791626,1.8577131032943726,0.8599727153778076,2389,2389,True,,"Model comparison
----------------
truncated: xmin=26.3716, alpha=2.39178, xc=252.459, p=nan, KS=0.0545794, loglik=-2439.98, AIC=4881.96, BIC=4886.28
powerlaw: xmin=26.3716, alpha=2.62145, xc=nan, p=nan, KS=0.0861171, loglik=-2458.38, AIC=4918.76, BIC=4923.08
shifted_exp: xmin=26.3716, alpha=0.0345113, xc=nan, p=nan, KS=0.066158, loglik=-2436.49, AIC=4874.98, BIC=4879.3

ΔAIC / ΔBIC
truncated: ΔAIC = 6.97616 ΔBIC = 6.97616
powerlaw: ΔAIC = 43.7763 ΔBIC = 43.7763
shifted_exp: ΔAIC = 0 ΔBIC = 0
",shifted_exp,26.37158489227295,True,,truncated,26.37158489227295,2.3917812404443453,252.45895910263062,,0.05457936699231003,4881.955066572905,4886.2794255352865,-2439.9775332864524,558,True,,shifted_exp,26.37158489227295,0.034511297285239634,,,0.06615800399875643,4874.978902920649,4879.30326188303,-2436.4894514603243,558,6.9761636522562185
/home/hpc/Desktop/resonant_swarm_runs/position_records/N300/kappa_0p5/okappa_1p5/pos_rep08_seed30000008.npz,300,0.5,1.5,8,30000008,com,-1,com,2.8312423706054686,1.8764631748199463,0.85782390832901,2445,2445,True,,"Model comparison
----------------
truncated: xmin=23.4248, alpha=2.47302, xc=404.616, p=nan, KS=0.0680955, loglik=-2714.59, AIC=5431.18, BIC=5435.62
powerlaw: xmin=23.4248, alpha=2.5739, xc=nan, p=nan, KS=0.0834932, loglik=-2722.76, AIC=5447.52, BIC=5451.96
shifted_exp: xmin=23.4248, alpha=0.0362473, xc=nan, p=nan, KS=0.0724469, loglik=-2711.32, AIC=5424.64, BIC=5429.08

ΔAIC / ΔBIC
truncated: ΔAIC = 6.53588 ΔBIC = 6.53588
powerlaw: ΔAIC = 22.8776 ΔBIC = 22.8776
shifted_exp: ΔAIC = 0 ΔBIC = 0
",shifted_exp,23.42483425140381,True,,truncated,23.42483425140381,2.4730164065988203,404.6162519454956,,0.06809545076759027,5431.177899695261,5435.620439861729,-2714.5889498476304,628,True,,shifted_exp,23.42483425140381,0.03624730873921011,,,0.07244688500194502,5424.642018495769,5429.084558662237,-2711.3210092478844,628,6.535881199491996
/home/hpc/Desktop/resonant_swarm_runs/position_records/N300/kappa_0p5/okappa_1p5/pos_rep09_seed30000009.npz,300,0.5,1.5,9,30000009,com,-1,com,2.854109597206116,1.9015674591064453,0.8606871366500854,2496,2496,True,,"Model comparison
----------------
truncated: xmin=23.6393, alpha=2.38904, xc=260.665, p=nan, KS=0.0620375, loglik=-2699.84, AIC=5401.68, BIC=5406.12
powerlaw: xmin=23.6393, alpha=2.58428, xc=nan, p=nan, KS=0.0896832, loglik=-2717.4, AIC=5436.81, BIC=5441.25
shifted_exp: xmin=23.6393, alpha=0.0372643, xc=nan, p=nan, KS=0.0648553, loglik=-2689.65, AIC=5381.31, BIC=5385.75

ΔAIC / ΔBIC
truncated: ΔAIC = 20.3714 ΔBIC = 20.3714
powerlaw: ΔAIC = 55.501 ΔBIC = 55.501
shifted_exp: ΔAIC = 0 ΔBIC = 0
",shifted_exp,23.639299154281616,True,,truncated,23.639299154281616,2.3890390074601457,260.6650884151459,,0.06203753634336434,5401.679243594431,5406.120190135063,-2699.8396217972154,627,True,,shifted_exp,23.639299154281616,0.037264313084735844,,,0.06485528851891709,5381.30783174857,5385.748778289202,-2689.653915874285,627,20.371411845861076
/home/hpc/Desktop/resonant_swarm_runs/position_records/N300/kappa_0p5/okappa_1p5/pos_rep10_seed30000010.npz,300,0.5,1.5,10,30000010,com,-1,com,2.7853267431259154,1.7864630222320557,0.867016613483429,2187,2187,True,,"Model comparison
----------------
truncated: xmin=29.3765, alpha=2.38277, xc=245.954, p=nan, KS=0.0627268, loglik=-2238.65, AIC=4479.3, BIC=4483.52
powerlaw: xmin=29.3765, alpha=2.65462, xc=nan, p=nan, KS=0.0935701, loglik=-2258.42, AIC=4518.84, BIC=4523.06
shifted_exp: xmin=29.3765, alpha=0.0325282, xc=nan, p=nan, KS=0.0439727, loglik=-2230.53, AIC=4463.05, BIC=4467.27

ΔAIC / ΔBIC
truncated: ΔAIC = 16.2505 ΔBIC = 16.2505
powerlaw: ΔAIC = 55.7874 ΔBIC = 55.7874
shifted_exp: ΔAIC = 0 ΔBIC = 0
",shifted_exp,29.37648606300354,True,,truncated,29.37648606300354,2.3827697217967865,245.95441794395447,,0.06272679793527425,4479.302208360828,4483.524784628899,-2238.651104180414,504,True,,shifted_exp,29.37648606300354,0.03252824198491024,,,0.04397274482278529,4463.051755506245,4467.274331774316,-2230.5258777531226,504,16.250452854583273
/home/hpc/Desktop/resonant_swarm_runs/position_records/N300/kappa_0p5/okappa_1p5/pos_rep11_seed30000011.npz,300,0.5,1.5,11,30000011,com,-1,com,2.8242177724838258,1.8590396642684937,0.8649848103523254,2412,2412,True,,"Model comparison
----------------
truncated: xmin=23.1638, alpha=2.32397, xc=244.156, p=nan, KS=0.0538098, loglik=-2703.5, AIC=5409, BIC=5413.44
powerlaw: xmin=23.1638, alpha=2.54727, xc=nan, p=nan, KS=0.085873, loglik=-2724.6, AIC=5451.2, BIC=5455.64
shifted_exp: xmin=23.1638, alpha=0.0365026, xc=nan, p=nan, KS=0.068376, loglik=-2698.29, AIC=5398.58, BIC=5403.02

ΔAIC / ΔBIC
truncated: ΔAIC = 10.4164 ΔBIC = 10.4164
powerlaw: ΔAIC = 52.6147 ΔBIC = 52.6147
shifted_exp: ΔAIC = 0 ΔBIC = 0
",shifted_exp,23.163761377334595,True,,truncated,23.163761377334595,2.32396952659386,244.15568828582764,,0.05380975825028328,5409.001384233895,5413.440734604995,-2703.5006921169474,626,True,,shifted_exp,23.163761377334595,0.036502615820328516,,,0.06837599308835712,5398.584936023338,5403.024286394438,-2698.292468011669,626,10.416448210557064
/home/hpc/Desktop/resonant_swarm_runs/position_records/N300/kappa_0p5/okappa_1p5/pos_rep12_seed30000012.npz,300,0.5,1.5,12,30000012,com,-1,com,2.8128643274307255,1.818267583847046,0.8751149773597717,2369,2369,True,,"Model comparison
----------------
truncated: xmin=23.1658, alpha=2.36996, xc=266.78, p=nan, KS=0.063348, loglik=-2780.59, AIC=5563.19, BIC=5567.66
powerlaw: xmin=23.1658, alpha=2.56032, xc=nan, p=nan, KS=0.0909009, loglik=-2798.45, AIC=5598.9, BIC=5603.37
shifted_exp: xmin=23.1658, alpha=0.0366007, xc=nan, p=nan, KS=0.065584, loglik=-2778.46, AIC=5558.92, BIC=5563.39

ΔAIC / ΔBIC
truncated: ΔAIC = 4.2687 ΔBIC = 4.2687
powerlaw: ΔAIC = 39.982 ΔBIC = 39.982
shifted_exp: ΔAIC = 0 ΔBIC = 0
",shifted_exp,23.16575598716736,True,,truncated,23.16575598716736,2.369955845891101,266.77997851371765,,0.06334797269357101,5563.186183317787,5567.6554336345835,-2780.5930916588936,645,True,,shifted_exp,23.16575598716736,0.03660069780218912,,,0.06558397549170186,5558.917485328645,5563.386735645441,-2778.4587426643225,645,4.268697989142311
/home/hpc/Desktop/resonant_swarm_runs/position_records/N300/kappa_0p5/okappa_1p5/pos_rep13_seed30000013.npz,300,0.5,1.5,13,30000013,com,-1,com,2.8319825649261476,1.8535575866699219,0.8648821115493774,2287,2287,True,,"Model comparison
----------------
truncated: xmin=17.3701, alpha=2.07043, xc=249.296, p=nan, KS=0.0576546, loglik=-3484.59, AIC=6971.19, BIC=6975.88
powerlaw: xmin=17.3701, alpha=2.29716, xc=nan, p=nan, KS=0.0934348, loglik=-3518.58, AIC=7039.16, BIC=7043.85
shifted_exp: xmin=17.3701, alpha=0.0358582, xc=nan, p=nan, KS=0.0907555, loglik=-3488.52, AIC=6979.03, BIC=6983.72

ΔAIC / ΔBIC
truncated: ΔAIC = 0 ΔBIC = 0
powerlaw: ΔAIC = 67.9692 ΔBIC = 67.9692
shifted_exp: ΔAIC = 7.84383 ΔBIC = 7.84383
",truncated,17.370052337646484,True,,truncated,17.370052337646484,2.0704321038889817,249.29555869102478,,0.05765461684206363,6971.187350839682,6975.879434582189,-3484.593675419841,806,True,,shifted_exp,17.370052337646484,0.03585819612935826,,,0.0907555429479884,6979.031181721016,6983.723265463523,-3488.515590860508,806,-7.843830881333815
/home/hpc/Desktop/resonant_swarm_runs/position_records/N300/kappa_0p5/okappa_1p5/pos_rep14_seed30000014.npz,300,0.5,1.5,14,30000014,com,-1,com,2.8273338317871093,1.8613542318344116,0.8628731369972229,2432,2432,True,,"Model comparison
----------------
truncated: xmin=29.702, alpha=2.61947, xc=286.972, p=nan, KS=0.0792165, loglik=-2173.04, AIC=4348.07, BIC=4352.29
powerlaw: xmin=29.702, alpha=2.79087, xc=nan, p=nan, KS=0.0996314, loglik=-2183.45, AIC=4368.9, BIC=4373.12
shifted_exp: xmin=29.702, alpha=0.036087, xc=nan, p=nan, KS=0.0362932, loglik=-2160.91, AIC=4323.82, BIC=4328.04

ΔAIC / ΔBIC
truncated: ΔAIC = 24.2505 ΔBIC = 24.2505
powerlaw: ΔAIC = 45.0778 ΔBIC = 45.0778
shifted_exp: ΔAIC = 0 ΔBIC = 0
",shifted_exp,29.702043294906616,True,,truncated,29.702043294906616,2.6194671799971605,286.9724209308624,,0.07921651880582703,4348.074327438454,4352.288935536876,-2173.037163719227,500,True,,shifted_exp,29.702043294906616,0.03608695641642861,,,0.03629323319672395,4323.823797038886,4328.0384051373085,-2160.911898519443,500,24.25053039956765
/home/hpc/Desktop/resonant_swarm_runs/position_records/N300/kappa_0p5/okappa_1p5/pos_rep15_seed30000015.npz,300,0.5,1.5,15,30000015,com,-1,com,2.798513984680176,1.8127497434616089,0.8651699423789978,2194,2194,True,,"Model comparison
----------------
truncated: xmin=22.7882, alpha=2.11042, xc=281.253, p=nan, KS=0.0684704, loglik=-2734.17, AIC=5470.33, BIC=5474.74
powerlaw: xmin=22.7882, alpha=2.35834, xc=nan, p=nan, KS=0.106534, loglik=-2761.04, AIC=5524.08, BIC=5528.49
shifted_exp: xmin=22.7882, alpha=0.0303177, xc=nan, p=nan, KS=0.0421388, loglik=-2724.59, AIC=5451.18, BIC=5455.59

ΔAIC / ΔBIC
truncated: ΔAIC = 19.153 ΔBIC = 19.153
powerlaw: ΔAIC = 72.9026 ΔBIC = 72.9026
shifted_exp: ΔAIC = 0 ΔBIC = 0
",shifted_exp,22.7881760597229,True,,truncated,22.7881760597229,2.110422576749161,281.253390789032,,0.06847036326910083,5470.332937138318,5474.739817124388,-2734.166468569159,606,True,,shifted_exp,22.7881760597229,0.030317716488741587,,,0.04213882342061209,5451.179918104932,5455.586798091002,-2724.589959052466,606,19.153019033386045
/home/hpc/Desktop/resonant_swarm_runs/position_records/N300/kappa_0p5/okappa_1p5/pos_rep16_seed30000016.npz,300,0.5,1.5,16,30000016,com,-1,com,2.83105628490448,1.8638595342636108,0.8581827878952026,2325,2325,True,,"Model comparison
----------------
truncated: xmin=26.4904, alpha=2.36081, xc=217.368, p=nan, KS=0.0636738, loglik=-2454.55, AIC=4911.1, BIC=4915.44
powerlaw: xmin=26.4904, alpha=2.64591, xc=nan, p=nan, KS=0.0927058, loglik=-2478.12, AIC=4958.25, BIC=4962.58
shifted_exp: xmin=26.4904, alpha=0.0349041, xc=nan, p=nan, KS=0.0550972, loglik=-2460.66, AIC=4923.32, BIC=4927.66

ΔAIC / ΔBIC
truncated: ΔAIC = 0 ΔBIC = 0
powerlaw: ΔAIC = 47.1448 ΔBIC = 47.1448
shifted_exp: ΔAIC = 12.22 ΔBIC = 12.22
",truncated,26.49043846130371,True,,truncated,26.49043846130371,2.3608145717407814,217.36755418777466,,0.06367382926685822,4911.100910284889,4915.437736016036,-2454.5504551424447,565,True,,shifted_exp,26.49043846130371,0.034904090083131493,,,0.0550972363065928,4923.320926377992,4927.6577521091385,-2460.660463188996,565,-12.220016093102458
/home/hpc/Desktop/resonant_swarm_runs/position_records/N300/kappa_0p5/okappa_1p5/pos_rep17_seed30000017.npz,300,0.5,1.5,17,30000017,com,-1,com,2.8524465322494508,1.877784252166748,0.8676102161407471,2455,2455,True,,"Model comparison
----------------
truncated: xmin=26.6176, alpha=2.40147, xc=230.172, p=nan, KS=0.0687348, loglik=-2418.97, AIC=4839.95, BIC=4844.27
powerlaw: xmin=26.6176, alpha=2.6577, xc=nan, p=nan, KS=0.0995931, loglik=-2439.32, AIC=4880.63, BIC=4884.95
shifted_exp: xmin=26.6176, alpha=0.0364048, xc=nan, p=nan, KS=0.0534959, loglik=-2402.37, AIC=4806.74, BIC=4811.07

ΔAIC / ΔBIC
truncated: ΔAIC = 33.2041 ΔBIC = 33.2041
powerlaw: ΔAIC = 73.8892 ΔBIC = 73.8892
shifted_exp: ΔAIC = 0 ΔBIC = 0
",shifted_exp,26.617563247680664,True,,truncated,26.617563247680664,2.4014744688674248,230.17186331748962,,0.06873480642237095,4839.946852649716,4844.269417889643,-2418.973426324858,557,True,,shifted_exp,26.617563247680664,0.03640480557749018,,,0.05349589364858999,4806.742703746976,4811.065268986903,-2402.371351873488,557,33.20414890273969
/home/hpc/Desktop/resonant_swarm_runs/position_records/N300/kappa_0p5/okappa_1p5/pos_rep18_seed30000018.npz,300,0.5,1.5,18,30000018,com,-1,com,2.8128671407699586,1.8266807794570923,0.868586540222168,2349,2349,True,,"Model comparison
----------------
truncated: xmin=29.2128, alpha=2.46897, xc=246.27, p=nan, KS=0.0614267, loglik=-2192.97, AIC=4387.94, BIC=4392.15
powerlaw: xmin=29.2128, alpha=2.71394, xc=nan, p=nan, KS=0.0780386, loglik=-2209.63, AIC=4421.26, BIC=4425.48
shifted_exp: xmin=29.2128, alpha=0.0337067, xc=nan, p=nan, KS=0.0820891, loglik=-2195.03, AIC=4392.06, BIC=4396.27

ΔAIC / ΔBIC
truncated: ΔAIC = 0 ΔBIC = 0
powerlaw: ΔAIC = 33.3247 ΔBIC = 33.3247
shifted_exp: ΔAIC = 4.11939 ΔBIC = 4.11939
",truncated,29.212820529937744,True,,truncated,29.212820529937744,2.468968138682715,246.2700219154358,,0.061426723662938845,4387.939911825136,4392.154519923558,-2192.969955912568,500,True,,shifted_exp,29.212820529937744,0.033706677941095095,,,0.08208907358399675,4392.059302765153,4396.273910863575,-2195.0296513825765,500,-4.119390940017183
/home/hpc/Desktop/resonant_swarm_runs/position_records/N300/kappa_0p5/okappa_1p5/pos_rep19_seed30000019.npz,300,0.5,1.5,19,30000019,com,-1,com,2.8249357461929323,1.8813447952270508,0.8515848517417908,2375,2375,True,,"Model comparison
----------------
truncated: xmin=26.5269, alpha=2.31591, xc=239.849, p=nan, KS=0.0515477, loglik=-2363.27, AIC=4728.55, BIC=4732.83
powerlaw: xmin=26.5269, alpha=2.58385, xc=nan, p=nan, KS=0.0840348, loglik=-2385.03, AIC=4772.06, BIC=4776.34
shifted_exp: xmin=26.5269, alpha=0.0335564, xc=nan, p=nan, KS=0.063871, loglik=-2355.47, AIC=4712.93, BIC=4717.22

ΔAIC / ΔBIC
truncated: ΔAIC = 15.6159 ΔBIC = 15.6159
powerlaw: ΔAIC = 59.1229 ΔBIC = 59.1229
shifted_exp: ΔAIC = 0 ΔBIC = 0
",shifted_exp,26.526944398880005,True,,truncated,26.526944398880005,2.315910558096857,239.84875345230103,,0.05154769426857647,4728.549037547648,4732.833171708719,-2363.274518773824,536,True,,shifted_exp,26.526944398880005,0.03355641499631053,,,0.06387096030547468,4712.933187128153,4717.217321289224,-2355.4665935640764,536,15.615850419495473
/home/hpc/Desktop/resonant_swarm_runs/position_records/N400/kappa_0p5/okappa_1p5/pos_rep00_seed40000000.npz,400,0.5,1.5,0,40000000,com,-1,com,2.701893448829651,1.6850688457489014,0.8609896302223206,1723,1723,True,,"Model comparison
----------------
truncated: xmin=24.9323, alpha=1.89419, xc=300.464, p=nan, KS=0.0547984, loglik=-2452.07, AIC=4906.13, BIC=4910.38
powerlaw: xmin=24.9323, alpha=2.22398, xc=nan, p=nan, KS=0.109245, loglik=-2487.99, AIC=4977.99, BIC=4982.23
shifted_exp: xmin=24.9323, alpha=0.0230058, xc=nan, p=nan, KS=0.0565614, loglik=-2457.58, AIC=4917.17, BIC=4921.41

ΔAIC / ΔBIC
truncated: ΔAIC = 0 ΔBIC = 0
powerlaw: ΔAIC = 71.8577 ΔBIC = 71.8577
shifted_exp: ΔAIC = 11.0376 ΔBIC = 11.0376
",truncated,24.93231987953186,True,,truncated,24.93231987953186,1.8941948208268045,300.4637117385864,,0.05479837019327927,4906.131906949682,4910.376073850346,-2452.065953474841,515,True,,shifted_exp,24.93231987953186,0.02300579334556896,,,0.05656141663318626,4917.169486486049,4921.413653386713,-2457.5847432430246,515,-11.037579536367048
/home/hpc/Desktop/resonant_swarm_runs/position_records/N400/kappa_0p5/okappa_1p5/pos_rep01_seed40000001.npz,400,0.5,1.5,1,40000001,com,-1,com,2.758127474784851,1.6860603094100952,0.9028376340866089,1870,1870,True,,"Model comparison
----------------
truncated: xmin=22.7001, alpha=1.9702, xc=337.344, p=nan, KS=0.0572326, loglik=-2658.87, AIC=5319.74, BIC=5324.08
powerlaw: xmin=22.7001, alpha=2.22186, xc=nan, p=nan, KS=0.0976175, loglik=-2687.82, AIC=5377.64, BIC=5381.98
shifted_exp: xmin=22.7001, alpha=0.0251577, xc=nan, p=nan, KS=0.0732227, loglik=-2655.03, AIC=5312.06, BIC=5316.4

ΔAIC / ΔBIC
truncated: ΔAIC = 7.67729 ΔBIC = 7.67729
powerlaw: ΔAIC = 65.5784 ΔBIC = 65.5784
shifted_exp: ΔAIC = 0 ΔBIC = 0
",shifted_exp,22.700122356414795,True,,truncated,22.700122356414795,1.9702040617488998,337.3441381454468,,0.057232639134847996,5319.73615102479,5324.0765103285175,-2658.868075512395,567,True,,shifted_exp,22.700122356414795,0.02515769191904675,,,0.07322269290662148,5312.058860207798,5316.399219511525,-2655.029430103899,567,7.677290816992354
/home/hpc/Desktop/resonant_swarm_runs/position_records/N400/kappa_0p5/okappa_1p5/pos_rep02_seed40000002.npz,400,0.5,1.5,2,40000002,com,-1,com,2.731577968597412,1.6730420589447021,0.8789268136024475,1666,1666,True,,"Model comparison
----------------
truncated: xmin=25.5278, alpha=1.91998, xc=374.597, p=nan, KS=0.0690344, loglik=-2427.82, AIC=4857.64, BIC=4861.86
powerlaw: xmin=25.5278, alpha=2.19176, xc=nan, p=nan, KS=0.112829, loglik=-2456.62, AIC=4915.24, BIC=4919.46
shifted_exp: xmin=25.5278, alpha=0.0218102, xc=nan, p=nan, KS=0.0502693, loglik=-2417.51, AIC=4837.03, BIC=4841.24

ΔAIC / ΔBIC
truncated: ΔAIC = 20.6127 ΔBIC = 20.6127
powerlaw: ΔAIC = 78.2148 ΔBIC = 78.2148
shifted_exp: ΔAIC = 0 ΔBIC = 0
",shifted_exp,25.52778196334839,True,,truncated,25.52778196334839,1.919975016170703,374.59736680984497,,0.06903438430666442,4857.639487536671,4861.856093637756,-2427.8197437683357,501,True,,shifted_exp,25.52778196334839,0.021810232812999358,,,0.05026927500463807,4837.026776275247,4841.243382376332,-2417.5133881376237,501,20.61271126142401
/home/hpc/Desktop/resonant_swarm_runs/position_records/N400/kappa_0p5/okappa_1p5/pos_rep03_seed40000003.npz,400,0.5,1.5,3,40000003,com,-1,com,2.7560222148895264,1.743424415588379,0.8632775545120239,1884,1884,True,,"Model comparison
----------------
truncated: xmin=25.7016, alpha=2.15487, xc=430.203, p=nan, KS=0.0612914, loglik=-2403.5, AIC=4809.01, BIC=4813.25
powerlaw: xmin=25.7016, alpha=2.32852, xc=nan, p=nan, KS=0.0883913, loglik=-2418.9, AIC=4839.8, BIC=4844.04
shifted_exp: xmin=25.7016, alpha=0.0247489, xc=nan, p=nan, KS=0.0856353, loglik=-2410.57, AIC=4823.15, BIC=4827.39

ΔAIC / ΔBIC
truncated: ΔAIC = 0 ΔBIC = 0
powerlaw: ΔAIC = 30.7936 ΔBIC = 30.7936
shifted_exp: ΔAIC = 14.1389 ΔBIC = 14.1389
",truncated,25.701622009277344,True,,truncated,25.701622009277344,2.1548738732166592,430.20319747924805,,0.061291419840119765,4809.006931875306,4813.247207720477,-2403.503465937653,513,True,,shifted_exp,25.701622009277344,0.024748940725853378,,,0.08563530304496891,4823.145877174566,4827.386153019736,-2410.572938587283,513,-14.13894529925983
/home/hpc/Desktop/resonant_swarm_runs/position_records/N400/kappa_0p5/okappa_1p5/pos_rep04_seed40000004.npz,400,0.5,1.5,4,40000004,com,-1,com,2.7000807523727417,1.6571611166000366,0.8715418577194214,1676,1676,True,,"Model comparison
----------------
truncated: xmin=13.6641, alpha=1.80303, xc=486.76, p=nan, KS=0.0694301, loglik=-3484.36, AIC=6970.72, BIC=6975.34
powerlaw: xmin=13.6641, alpha=1.97055, xc=nan, p=nan, KS=0.105789, loglik=-3515.6, AIC=7033.21, BIC=7037.83
shifted_exp: xmin=13.6641, alpha=0.0257127, xc=nan, p=nan, KS=0.122592, loglik=-3504.9, AIC=7011.8, BIC=7016.42

ΔAIC / ΔBIC
truncated: ΔAIC = 0 ΔBIC = 0
powerlaw: ΔAIC = 62.4887 ΔBIC = 62.4887
shifted_exp: ΔAIC = 41.0802 ΔBIC = 41.0802
",truncated,13.66407823562622,True,,truncated,13.66407823562622,1.8030341878766007,486.76006841659546,,0.06943009556806384,6970.716972107988,6975.339708431938,-3484.358486053994,752,True,,shifted_exp,13.66407823562622,0.025712721553757974,,,0.12259226616242408,7011.79718882335,7016.419925147299,-3504.898594411675,752,-41.08021671536153
/home/hpc/Desktop/resonant_swarm_runs/position_records/N400/kappa_0p5/okappa_1p5/pos_rep05_seed40000005.npz,400,0.5,1.5,5,40000005,com,-1,com,2.698778700828553,1.677382230758667,0.866288959980011,1611,1611,True,,"Model comparison
----------------
truncated: xmin=11.0977, alpha=1.63055, xc=421.348, p=nan, KS=0.0560845, loglik=-3604.8, AIC=7211.61, BIC=7216.25
powerlaw: xmin=11.0977, alpha=1.84921, xc=nan, p=nan, KS=0.108584, loglik=-3655.77, AIC=7313.54, BIC=7318.18
shifted_exp: xmin=11.0977, alpha=0.0241411, xc=nan, p=nan, KS=0.128647, loglik=-3637.36, AIC=7276.72, BIC=7281.36

ΔAIC / ΔBIC
truncated: ΔAIC = 0 ΔBIC = 0
powerlaw: ΔAIC = 101.93 ΔBIC = 101.93
shifted_exp: ΔAIC = 65.1088 ΔBIC = 65.1088
",truncated,11.09765887260437,True,,truncated,11.09765887260437,1.6305536485233514,421.34804487228394,,0.056084456226168644,7211.606693082649,7216.253083597497,-3604.8033465413246,770,True,,shifted_exp,11.09765887260437,0.024141057986121737,,,0.12864732876714446,7276.715505251232,7281.361895766079,-3637.357752625616,770,-65.10881216858252
/home/hpc/Desktop/resonant_swarm_runs/position_records/N400/kappa_0p5/okappa_1p5/pos_rep06_seed40000006.npz,400,0.5,1.5,6,40000006,com,-1,com,2.7450589895248414,1.6982929706573486,0.8767357468605042,1719,1719,True,,"Model comparison
----------------
truncated: xmin=25.4074, alpha=1.92215, xc=313.283, p=nan, KS=0.0543192, loglik=-2436.65, AIC=4875.3, BIC=4879.54
powerlaw: xmin=25.4074, alpha=2.23521, xc=nan, p=nan, KS=0.105878, loglik=-2469.86, AIC=4941.72, BIC=4945.95
shifted_exp: xmin=25.4074, alpha=0.0230086, xc=nan, p=nan, KS=0.0678405, loglik=-2438.43, AIC=4878.87, BIC=4883.1

ΔAIC / ΔBIC
truncated: ΔAIC = 0 ΔBIC = 0
powerlaw: ΔAIC = 66.4149 ΔBIC = 66.4149
shifted_exp: ΔAIC = 3.5647 ΔBIC = 3.5647
",truncated,25.40738558769226,True,,truncated,25.40738558769226,1.9221547890640773,313.2827744483948,,0.05431915182735847,4875.302710125492,4879.539079715696,-2436.651355062746,511,True,,shifted_exp,25.40738558769226,0.02300862984911358,,,0.06784047206263533,4878.867412893054,4883.103782483258,-2438.433706446527,511,-3.5647027675622667
/home/hpc/Desktop/resonant_swarm_runs/position_records/N400/kappa_0p5/okappa_1p5/pos_rep07_seed40000007.npz,400,0.5,1.5,7,40000007,com,-1,com,2.6326547861099243,1.555907130241394,0.865543782711029,1429,1429,True,,"Model comparison
----------------
truncated: xmin=13.3086, alpha=1.6552, xc=486.822, p=nan, KS=0.0591478, loglik=-3163.99, AIC=6329.99, BIC=6334.48
powerlaw: xmin=13.3086, alpha=1.86935, xc=nan, p=nan, KS=0.107233, loglik=-3205.3, AIC=6412.61, BIC=6417.09
shifted_exp: xmin=13.3086, alpha=0.0211561, xc=nan, p=nan, KS=0.123172, loglik=-3190.28, AIC=6382.55, BIC=6387.04

ΔAIC / ΔBIC
truncated: ΔAIC = 0 ΔBIC = 0
powerlaw: ΔAIC = 82.6188 ΔBIC = 82.6188
shifted_exp: ΔAIC = 52.5666 ΔBIC = 52.5666
",truncated,13.308574914932251,True,,truncated,13.308574914932251,1.6552002070732543,486.8223125934601,,0.05914781057050178,6329.988274825834,6334.4759588443185,-3163.994137412917,657,True,,shifted_exp,13.308574914932251,0.021156128665648328,,,0.12317167325084782,6382.554896268596,6387.04258028708,-3190.277448134298,657,-52.56662144276197
/home/hpc/Desktop/resonant_swarm_runs/position_records/N400/kappa_0p5/okappa_1p5/pos_rep08_seed40000008.npz,400,0.5,1.5,8,40000008,com,-1,com,2.7915905952453612,1.7575569152832031,0.8858407735824585,1896,1896,True,,"Model comparison
----------------
truncated: xmin=11.4946, alpha=1.70382, xc=353.408, p=nan, KS=0.0604278, loglik=-3912.95, AIC=7827.9, BIC=7832.66
powerlaw: xmin=11.4946, alpha=1.9232, xc=nan, p=nan, KS=0.103642, loglik=-3964.87, AIC=7931.75, BIC=7936.51
shifted_exp: xmin=11.4946, alpha=0.0284839, xc=nan, p=nan, KS=0.121296, loglik=-3924.8, AIC=7851.59, BIC=7856.35

ΔAIC / ΔBIC
truncated: ΔAIC = 0 ΔBIC = 0
powerlaw: ΔAIC = 103.843 ΔBIC = 103.843
shifted_exp: ΔAIC = 23.6891 ΔBIC = 23.6891
",truncated,11.494566679000854,True,,truncated,11.494566679000854,1.703819421625314,353.40845823287964,,0.060427805035109645,7827.904582644491,7832.662677148918,-3912.9522913222454,861,True,,shifted_exp,11.494566679000854,0.028483885364982996,,,0.12129598146893028,7851.593690701823,7856.3517852062505,-3924.7968453509116,861,-23.689108057332305
/home/hpc/Desktop/resonant_swarm_runs/position_records/N400/kappa_0p5/okappa_1p5/pos_rep09_seed40000009.npz,400,0.5,1.5,9,40000009,com,-1,com,2.698661541938782,1.6403995752334595,0.8765708804130554,1615,1615,True,,"Model comparison
----------------
truncated: xmin=16.4162, alpha=1.74956, xc=425.995, p=nan, KS=0.0489513, loglik=-2976.88, AIC=5955.76, BIC=5960.2
powerlaw: xmin=16.4162, alpha=1.97709, xc=nan, p=nan, KS=0.0948523, loglik=-3013.52, AIC=6029.04, BIC=6033.47
shifted_exp: xmin=16.4162, alpha=0.0220117, xc=nan, p=nan, KS=0.123654, loglik=-2995.67, AIC=5993.33, BIC=5997.76

ΔAIC / ΔBIC
truncated: ΔAIC = 0 ΔBIC = 0
powerlaw: ΔAIC = 73.2736 ΔBIC = 73.2736
shifted_exp: ΔAIC = 37.5695 ΔBIC = 37.5695
",truncated,16.416189908981323,True,,truncated,16.416189908981323,1.7495570672388163,425.9953601360321,,0.04895127983203673,5955.762314404799,5960.195254497538,-2976.8811572023997,622,True,,shifted_exp,16.416189908981323,0.022011656561734823,,,0.12365389173976787,5993.33180404942,5997.764744142159,-2995.66590202471,622,-37.56948964462026
/home/hpc/Desktop/resonant_swarm_runs/position_records/N400/kappa_0p5/okappa_1p5/pos_rep10_seed40000010.npz,400,0.5,1.5,10,40000010,com,-1,com,2.713562273979187,1.6796642541885376,0.8663255572319031,1715,1715,True,,"Model comparison
----------------
truncated: xmin=11.1315, alpha=1.64952, xc=392.641, p=nan, KS=0.0641419, loglik=-3715.05, AIC=7432.1, BIC=7436.79
powerlaw: xmin=11.1315, alpha=1.87046, xc=nan, p=nan, KS=0.11485, loglik=-3767.26, AIC=7536.51, BIC=7541.2
shifted_exp: xmin=11.1315, alpha=0.0256003, xc=nan, p=nan, KS=0.121715, loglik=-3741.45, AIC=7484.9, BIC=7489.59

ΔAIC / ΔBIC
truncated: ΔAIC = 0 ΔBIC = 0
powerlaw: ΔAIC = 104.415 ΔBIC = 104.415
shifted_exp: ΔAIC = 52.8006 ΔBIC = 52.8006
",truncated,11.131513357162476,True,,truncated,11.131513357162476,1.6495246013820593,392.64118814468384,,0.06414188374329272,7432.098868725219,7436.785977333086,-3715.0494343626096,802,True,,shifted_exp,11.131513357162476,0.025600349705330344,,,0.12171459919238004,7484.899424629631,7489.586533237497,-3741.4497123148153,802,-52.80055590441134
/home/hpc/Desktop/resonant_swarm_runs/position_records/N400/kappa_0p5/okappa_1p5/pos_rep11_seed40000011.npz,400,0.5,1.5,11,40000011,com,-1,com,2.7535183906555174,1.707185983657837,0.8871180415153503,1915,1915,True,,"Model comparison
----------------
truncated: xmin=16.7405, alpha=1.80791, xc=306.926, p=nan, KS=0.0552591, loglik=-3170.01, AIC=6342.03, BIC=6346.56
powerlaw: xmin=16.7405, alpha=2.07398, xc=nan, p=nan, KS=0.104344, loglik=-3213.5, AIC=6428.99, BIC=6433.52
shifted_exp: xmin=16.7405, alpha=0.026383, xc=nan, p=nan, KS=0.112833, loglik=-3184.27, AIC=6370.54, BIC=6375.07

ΔAIC / ΔBIC
truncated: ΔAIC = 0 ΔBIC = 0
powerlaw: ΔAIC = 86.9628 ΔBIC = 86.9628
shifted_exp: ΔAIC = 28.5114 ΔBIC = 28.5114
",truncated,16.740458965301514,True,,truncated,16.740458965301514,1.8079113173561965,306.92609763145447,,0.05525907423821802,6342.029455597443,6346.561789889665,-3170.0147277987217,687,True,,shifted_exp,16.740458965301514,0.026382957206425087,,,0.11283271993449681,6370.5408897398465,6375.0732240320685,-3184.2704448699233,687,-28.511434142403232
/home/hpc/Desktop/resonant_swarm_runs/position_records/N400/kappa_0p5/okappa_1p5/pos_rep12_seed40000012.npz,400,0.5,1.5,12,40000012,com,-1,com,2.7506325721740725,1.7014853954315186,0.8831364512443542,1859,1859,True,,"Model comparison
----------------
truncated: xmin=16.9397, alpha=1.86582, xc=341.95, p=nan, KS=0.0613718, loglik=-3152.85, AIC=6307.71, BIC=6312.24
powerlaw: xmin=16.9397, alpha=2.09368, xc=nan, p=nan, KS=0.103838, loglik=-3188.3, AIC=6378.6, BIC=6383.13
shifted_exp: xmin=16.9397, alpha=0.026333, xc=nan, p=nan, KS=0.100271, loglik=-3176.3, AIC=6354.6, BIC=6359.13

ΔAIC / ΔBIC
truncated: ΔAIC = 0 ΔBIC = 0
powerlaw: ΔAIC = 70.8955 ΔBIC = 70.8955
shifted_exp: ΔAIC = 46.8921 ΔBIC = 46.8921
",truncated,16.939748287200928,True,,truncated,16.939748287200928,1.8658185126109947,341.9498038291931,,0.061371839423741414,6307.70581787909,6312.235236717353,-3152.852908939545,685,True,,shifted_exp,16.939748287200928,0.026332989227777957,,,0.10027116783566287,6354.597912118398,6359.12733095666,-3176.298956059199,685,-46.89209423930788
/home/hpc/Desktop/resonant_swarm_runs/position_records/N400/kappa_0p5/okappa_1p5/pos_rep13_seed40000013.npz,400,0.5,1.5,13,40000013,com,-1,com,2.7203304290771486,1.644541621208191,0.8842713832855225,1718,1718,True,,"Model comparison
----------------
truncated: xmin=13.9972, alpha=1.72237, xc=366.897, p=nan, KS=0.0576221, loglik=-3366.13, AIC=6734.26, BIC=6738.85
powerlaw: xmin=13.9972, alpha=1.95826, xc=nan, p=nan, KS=0.106303, loglik=-3411.49, AIC=6824.98, BIC=6829.56
shifted_exp: xmin=13.9972, alpha=0.0248934, xc=nan, p=nan, KS=0.113098, loglik=-3388.46, AIC=6778.91, BIC=6783.49

ΔAIC / ΔBIC
truncated: ΔAIC = 0 ΔBIC = 0
powerlaw: ΔAIC = 90.7175 ΔBIC = 90.7175
shifted_exp: ΔAIC = 44.6469 ΔBIC = 44.6469
",truncated,13.99722933769226,True,,truncated,13.99722933769226,1.7223739713300137,366.89745116233826,,0.05762212600014183,6734.263237290075,6738.845262428968,-3366.1316186450376,722,True,,shifted_exp,13.99722933769226,0.02489343710439499,,,0.11309837149175817,6778.910160035217,6783.49218517411,-3388.4550800176085,722,-44.64692274514164
/home/hpc/Desktop/resonant_swarm_runs/position_records/N400/kappa_0p5/okappa_1p5/pos_rep14_seed40000014.npz,400,0.5,1.5,14,40000014,com,-1,com,2.782499837875366,1.7583346366882324,0.876171886920929,1915,1915,True,,"Model comparison
----------------
truncated: xmin=11.3694, alpha=1.76221, xc=391.736, p=nan, KS=0.0697724, loglik=-3986.48, AIC=7974.95, BIC=7979.74
powerlaw: xmin=11.3694, alpha=1.94661, xc=nan, p=nan, KS=0.111181, loglik=-4028.92, AIC=8059.84, BIC=8064.63
shifted_exp: xmin=11.3694, alpha=0.0294129, xc=nan, p=nan, KS=0.13232, loglik=-4014.85, AIC=8031.7, BIC=8036.48

ΔAIC / ΔBIC
truncated: ΔAIC = 0 ΔBIC = 0
powerlaw: ΔAIC = 84.889 ΔBIC = 84.889
shifted_exp: ΔAIC = 56.7411 ΔBIC = 56.7411
",truncated,11.369438171386719,True,,truncated,11.369438171386719,1.762205897499884,391.7355213165283,,0.06977239004595973,7974.954278157378,7979.7421231396875,-3986.477139078689,887,True,,shifted_exp,11.369438171386719,0.029412895473017495,,,0.13231981350556882,8031.695368629589,8036.4832136118985,-4014.8476843147946,887,-56.741090472211
/home/hpc/Desktop/resonant_swarm_runs/position_records/N400/kappa_0p5/okappa_1p5/pos_rep15_seed40000015.npz,400,0.5,1.5,15,40000015,com,-1,com,2.7551573514938354,1.6981230974197388,0.8899070620536804,1797,1797,True,,"Model comparison
----------------
truncated: xmin=16.8713, alpha=1.80215, xc=337.078, p=nan, KS=0.0662569, loglik=-3201.9, AIC=6405.8, BIC=6410.33
powerlaw: xmin=16.8713, alpha=2.05419, xc=nan, p=nan, KS=0.115656, loglik=-3243.62, AIC=6489.25, BIC=6493.78
shifted_exp: xmin=16.8713, alpha=0.0259361, xc=nan, p=nan, KS=0.0759888, loglik=-3196.01, AIC=6394.01, BIC=6398.55

ΔAIC / ΔBIC
truncated: ΔAIC = 11.787 ΔBIC = 11.787
powerlaw: ΔAIC = 95.2328 ΔBIC = 95.2328
shifted_exp: ΔAIC = 0 ΔBIC = 0
",shifted_exp,16.871253490447998,True,,truncated,16.871253490447998,1.8021495493219628,337.0778410434723,,0.06625686324060492,6405.801084734254,6410.333419026476,-3201.900542367127,687,True,,shifted_exp,16.871253490447998,0.025936063738966748,,,0.07598882007170055,6394.014056753735,6398.546391045957,-3196.0070283768673,687,11.78702798051927
/home/hpc/Desktop/resonant_swarm_runs/position_records/N400/kappa_0p5/okappa_1p5/pos_rep16_seed40000016.npz,400,0.5,1.5,16,40000016,com,-1,com,2.690375471115112,1.6001451015472412,0.8850367069244385,1582,1582,True,,"Model comparison
----------------
truncated: xmin=11.1588, alpha=1.58402, xc=379.979, p=nan, KS=0.0509082, loglik=-3471.33, AIC=6944.66, BIC=6949.26
powerlaw: xmin=11.1588, alpha=1.83531, xc=nan, p=nan, KS=0.109881, loglik=-3529.74, AIC=7061.48, BIC=7066.08
shifted_exp: xmin=11.1588, alpha=0.0230017, xc=nan, p=nan, KS=0.138443, loglik=-3517.1, AIC=7036.2, BIC=7040.81

ΔAIC / ΔBIC
truncated: ΔAIC = 0 ΔBIC = 0
powerlaw: ΔAIC = 116.82 ΔBIC = 116.82
shifted_exp: ΔAIC = 91.5441 ΔBIC = 91.5441
",truncated,11.158764362335205,True,,truncated,11.158764362335205,1.584019471486525,379.9787542819977,,0.05090823731773653,6944.65933011424,6949.261918006429,-3471.32966505712,737,True,,shifted_exp,11.158764362335205,0.023001706446092007,,,0.13844316539747475,7036.203450060322,7040.806037952511,-3517.101725030161,737,-91.54411994608199
/home/hpc/Desktop/resonant_swarm_runs/position_records/N400/kappa_0p5/okappa_1p5/pos_rep17_seed40000017.npz,400,0.5,1.5,17,40000017,com,-1,com,2.719036412239075,1.6301240921020508,0.8833783864974976,1668,1668,True,,"Model comparison
----------------
truncated: xmin=16.6755, alpha=1.85793, xc=519.608, p=nan, KS=0.071017, loglik=-3086.3, AIC=6174.59, BIC=6179.07
powerlaw: xmin=16.6755, alpha=2.02484, xc=nan, p=nan, KS=0.105941, loglik=-3111.65, AIC=6225.3, BIC=6229.78
shifted_exp: xmin=16.6755, alpha=0.0236233, xc=nan, p=nan, KS=0.100516, loglik=-3098.83, AIC=6199.65, BIC=6204.13

ΔAIC / ΔBIC
truncated: ΔAIC = 0 ΔBIC = 0
powerlaw: ΔAIC = 50.7042 ΔBIC = 50.7042
shifted_exp: ΔAIC = 25.0619 ΔBIC = 25.0619
",truncated,16.67549705505371,True,,truncated,16.67549705505371,1.8579314365873227,519.6076142787933,,0.0710169539707059,6174.590931570741,6179.072508700017,-3086.2954657853707,653,True,,shifted_exp,16.67549705505371,0.023623274852797242,,,0.10051593484752641,6199.652816466348,6204.134393595624,-3098.826408233174,653,-25.061884895606454
/home/hpc/Desktop/resonant_swarm_runs/position_records/N400/kappa_0p5/okappa_1p5/pos_rep18_seed40000018.npz,400,0.5,1.5,18,40000018,com,-1,com,2.7530068874359133,1.702122449874878,0.882149338722229,1725,1725,True,,"Model comparison
----------------
truncated: xmin=25.6366, alpha=1.97954, xc=363.552, p=nan, KS=0.0659579, loglik=-2459.98, AIC=4921.96, BIC=4926.2
powerlaw: xmin=25.6366, alpha=2.23828, xc=nan, p=nan, KS=0.105875, loglik=-2486.67, AIC=4975.34, BIC=4979.58
shifted_exp: xmin=25.6366, alpha=0.0230998, xc=nan, p=nan, KS=0.0668919, loglik=-2450.72, AIC=4903.43, BIC=4907.68

ΔAIC / ΔBIC
truncated: ΔAIC = 18.5256 ΔBIC = 18.5256
powerlaw: ΔAIC = 71.9016 ΔBIC = 71.9016
shifted_exp: ΔAIC = 0 ΔBIC = 0
",shifted_exp,25.636629343032837,True,,truncated,25.636629343032837,1.979542407259442,363.5517635345459,,0.0659578554266172,4921.960553303339,4926.202776568794,-2459.9802766516696,514,True,,shifted_exp,25.636629343032837,0.02309976490109358,,,0.06689193253701387,4903.43495843856,4907.677181704015,-2450.71747921928,514,18.525594864779123
/home/hpc/Desktop/resonant_swarm_runs/position_records/N400/kappa_0p5/okappa_1p5/pos_rep19_seed40000019.npz,400,0.5,1.5,19,40000019,com,-1,com,2.6587089538574222,1.6018552780151367,0.8651039004325867,1467,1467,True,,"Model comparison
----------------
truncated: xmin=13.5451, alpha=1.69471, xc=516.815, p=nan, KS=0.0665165, loglik=-3187, AIC=6376.01, BIC=6380.51
powerlaw: xmin=13.5451, alpha=1.88951, xc=nan, p=nan, KS=0.110331, loglik=-3223.47, AIC=6448.95, BIC=6453.45
shifted_exp: xmin=13.5451, alpha=0.0214541, xc=nan, p=nan, KS=0.123606, loglik=-3219.82, AIC=6441.65, BIC=6446.14

ΔAIC / ΔBIC
truncated: ΔAIC = 0 ΔBIC = 0
powerlaw: ΔAIC = 72.9385 ΔBIC = 72.9385
shifted_exp: ΔAIC = 65.636 ΔBIC = 65.636
",truncated,13.545137882232666,True,,truncated,13.545137882232666,1.6947089302209595,516.8152148723602,,0.06651649276089483,6376.009006334584,6380.50879337524,-3187.004503167292,665,True,,shifted_exp,13.545137882232666,0.021454124196610518,,,0.12360585232957916,6441.645047862377,6446.144834903033,-3219.8225239311887,665,-65.63604152779317
/home/hpc/Desktop/resonant_swarm_runs/position_records/N500/kappa_0p5/okappa_1p5/pos_rep00_seed50000000.npz,500,0.5,1.5,0,50000000,com,-1,com,2.6975693702697754,1.638419508934021,0.8734835982322693,1500,1500,True,,"Model comparison
----------------
truncated: xmin=8.23383, alpha=1.62252, xc=612.153, p=nan, KS=0.071976, loglik=-4010.42, AIC=8022.85, BIC=8027.62
powerlaw: xmin=8.23383, alpha=1.77521, xc=nan, p=nan, KS=0.106484, loglik=-4052.64, AIC=8107.28, BIC=8112.05
shifted_exp: xmin=8.23383, alpha=0.0251547, xc=nan, p=nan, KS=0.17106, loglik=-4078.64, AIC=8159.28, BIC=8164.05

ΔAIC / ΔBIC
truncated: ΔAIC = 0 ΔBIC = 0
powerlaw: ΔAIC = 84.4328 ΔBIC = 84.4328
shifted_exp: ΔAIC = 136.433 ΔBIC = 136.433
",truncated,8.233834981918335,True,,truncated,8.233834981918335,1.6225196346624158,612.1534752845764,,0.07197602819876342,8022.849509026366,8027.619151003219,-4010.424754513183,871,True,,shifted_exp,8.233834981918335,0.025154691674407786,,,0.17106015283972215,8159.282304434979,8164.0519464118315,-4078.6411522174894,871,-136.43279540861295
/home/hpc/Desktop/resonant_swarm_runs/position_records/N500/kappa_0p5/okappa_1p5/pos_rep01_seed50000001.npz,500,0.5,1.5,1,50000001,com,-1,com,2.6931599140167237,1.6091703176498413,0.8832299113273621,1442,1442,True,,"Model comparison
----------------
truncated: xmin=8.26343, alpha=1.5191, xc=574.745, p=nan, KS=0.0702386, loglik=-3705.86, AIC=7413.72, BIC=7418.37
powerlaw: xmin=8.26343, alpha=1.71478, xc=nan, p=nan, KS=0.125598, loglik=-3761, AIC=7524.01, BIC=7528.66
shifted_exp: xmin=8.26343, alpha=0.0221165, xc=nan, p=nan, KS=0.148134, loglik=-3733.67, AIC=7469.34, BIC=7474

ΔAIC / ΔBIC
truncated: ΔAIC = 0 ΔBIC = 0
powerlaw: ΔAIC = 110.291 ΔBIC = 110.291
shifted_exp: ΔAIC = 55.6279 ΔBIC = 55.6279
",truncated,8.263426303863525,True,,truncated,8.263426303863525,1.5190972317741567,574.7447366714478,,0.07023862054090335,7413.716726671026,7418.370879191209,-3705.858363335513,776,True,,shifted_exp,8.263426303863525,0.022116454805513525,,,0.14813351004010306,7469.34461533779,7473.998767857973,-3733.672307668895,776,-55.62788866676419
/home/hpc/Desktop/resonant_swarm_runs/position_records/N500/kappa_0p5/okappa_1p5/pos_rep02_seed50000002.npz,500,0.5,1.5,2,50000002,com,-1,com,2.5957964181900026,1.5325920581817627,0.8581863045692444,1267,1267,True,,"Model comparison
----------------
truncated: xmin=13.3378, alpha=1.56235, xc=522.006, p=nan, KS=0.0430131, loglik=-2750.44, AIC=5502.87, BIC=5507.19
powerlaw: xmin=13.3378, alpha=1.8039, xc=nan, p=nan, KS=0.102186, loglik=-2794.2, AIC=5590.41, BIC=5594.72
shifted_exp: xmin=13.3378, alpha=0.017084, xc=nan, p=nan, KS=0.149966, loglik=-2803.49, AIC=5608.99, BIC=5613.3

ΔAIC / ΔBIC
truncated: ΔAIC = 0 ΔBIC = 0
powerlaw: ΔAIC = 87.532 ΔBIC = 87.532
shifted_exp: ΔAIC = 106.115 ΔBIC = 106.115
",truncated,13.337757349014282,True,,truncated,13.337757349014282,1.5623529452919267,522.0057828426361,,0.04301312707397981,5502.873966441875,5507.189324443398,-2750.4369832209377,553,True,,shifted_exp,13.337757349014282,0.01708404948521016,,,0.14996607859389416,5608.988692543961,5613.304050545484,-2803.4943462719807,553,-106.11472610208602
/home/hpc/Desktop/resonant_swarm_runs/position_records/N500/kappa_0p5/okappa_1p5/pos_rep03_seed50000003.npz,500,0.5,1.5,3,50000003,com,-1,com,2.6523890256881715,1.5859298706054688,0.87212073802948,1314,1314,True,,"Model comparison
----------------
truncated: xmin=10.8439, alpha=1.57519, xc=593.226, p=nan, KS=0.0538115, loglik=-3096.57, AIC=6195.13, BIC=6199.59
powerlaw: xmin=10.8439, alpha=1.77306, xc=nan, p=nan, KS=0.106214, loglik=-3138.37, AIC=6278.75, BIC=6283.2
shifted_exp: xmin=10.8439, alpha=0.0187435, xc=nan, p=nan, KS=0.167199, loglik=-3165.31, AIC=6332.63, BIC=6337.08

ΔAIC / ΔBIC
truncated: ΔAIC = 0 ΔBIC = 0
powerlaw: ΔAIC = 83.6169 ΔBIC = 83.6169
shifted_exp: ΔAIC = 137.497 ΔBIC = 137.497
",truncated,10.843891382217407,True,,truncated,10.843891382217407,1.575186889665822,593.2256112098694,,0.053811474193990794,6195.130572428333,6199.585770991673,-3096.5652862141665,636,True,,shifted_exp,10.843891382217407,0.01874350092780148,,,0.16719940451769388,6332.62723527845,6337.08243384179,-3165.313617639225,636,-137.496662850117
/home/hpc/Desktop/resonant_swarm_runs/position_records/N500/kappa_0p5/okappa_1p5/pos_rep04_seed50000004.npz,500,0.5,1.5,4,50000004,com,-1,com,2.6838980674743653,1.5947612524032593,0.8860900402069092,1404,1404,True,,"Model comparison
----------------
truncated: xmin=8.27283, alpha=1.51865, xc=513.904, p=nan, KS=0.0629279, loglik=-3553.44, AIC=7108.89, BIC=7113.51
powerlaw: xmin=8.27283, alpha=1.72545, xc=nan, p=nan, KS=0.11593, loglik=-3609.3, AIC=7220.59, BIC=7225.21
shifted_exp: xmin=8.27283, alpha=0.0211945, xc=nan, p=nan, KS=0.189077, loglik=-3640.51, AIC=7283.02, BIC=7287.64

ΔAIC / ΔBIC
truncated: ΔAIC = 0 ΔBIC = 0
powerlaw: ΔAIC = 111.703 ΔBIC = 111.703
shifted_exp: ΔAIC = 174.135 ΔBIC = 174.135
",truncated,8.272830724716187,True,,truncated,8.272830724716187,1.5186531638583332,513.9035210609436,,0.06292793918140235,7108.887402522819,7113.507475729349,-3553.4437012614094,750,True,,shifted_exp,8.272830724716187,0.021194473713665053,,,0.18907696470632263,7283.022207753855,7287.642280960385,-3640.5111038769273,750,-174.1348052310359
/home/hpc/Desktop/resonant_swarm_runs/position_records/N500/kappa_0p5/okappa_1p5/pos_rep05_seed50000005.npz,500,0.5,1.5,5,50000005,com,-1,com,2.624314069747925,1.5416264533996582,0.8771630525588989,1370,1370,True,,"Model comparison
----------------
truncated: xmin=13.3656, alpha=1.58017, xc=479.869, p=nan, KS=0.0506026, loglik=-2915.67, AIC=5833.34, BIC=5837.72
powerlaw: xmin=13.3656, alpha=1.8258, xc=nan, p=nan, KS=0.108584, loglik=-2962.06, AIC=5926.11, BIC=5930.5
shifted_exp: xmin=13.3656, alpha=0.0185946, xc=nan, p=nan, KS=0.136658, loglik=-2956.04, AIC=5914.07, BIC=5918.46

ΔAIC / ΔBIC
truncated: ΔAIC = 0 ΔBIC = 0
powerlaw: ΔAIC = 92.7738 ΔBIC = 92.7738
shifted_exp: ΔAIC = 80.7356 ΔBIC = 80.7356
",truncated,13.365625381469727,True,,truncated,13.365625381469727,1.5801655565116168,479.86856603622437,,0.0506025600251247,5833.337736024312,5837.72293042331,-2915.668868012156,593,True,,shifted_exp,13.365625381469727,0.01859458665703552,,,0.13665771438891472,5914.073349753236,5918.458544152233,-2956.036674876618,593,-80.73561372892345
/home/hpc/Desktop/resonant_swarm_runs/position_records/N500/kappa_0p5/okappa_1p5/pos_rep06_seed50000006.npz,500,0.5,1.5,6,50000006,com,-1,com,2.536755132675171,1.451424479484558,0.8529081344604492,1118,1118,True,,"Model comparison
----------------
truncated: xmin=13.1017, alpha=1.54289, xc=592.035, p=nan, KS=0.0485875, loglik=-2656.27, AIC=5314.53, BIC=5318.8
powerlaw: xmin=13.1017, alpha=1.77462, xc=nan, p=nan, KS=0.101738, loglik=-2697.76, AIC=5397.52, BIC=5401.79
shifted_exp: xmin=13.1017, alpha=0.0159986, xc=nan, p=nan, KS=0.159701, loglik=-2706.28, AIC=5414.56, BIC=5418.83

ΔAIC / ΔBIC
truncated: ΔAIC = 0 ΔBIC = 0
powerlaw: ΔAIC = 82.9935 ΔBIC = 82.9935
shifted_exp: ΔAIC = 100.028 ΔBIC = 100.028
",truncated,13.101696491241455,True,,truncated,13.101696491241455,1.54288798279223,592.0352063179016,,0.048587525851526925,5314.530692250482,5318.797892799023,-2656.265346125241,527,True,,shifted_exp,13.101696491241455,0.015998592435516424,,,0.1597007080276821,5414.558278195601,5418.825478744142,-2706.2791390978005,527,-100.02758594511852
/home/hpc/Desktop/resonant_swarm_runs/position_records/N500/kappa_0p5/okappa_1p5/pos_rep07_seed50000007.npz,500,0.5,1.5,7,50000007,com,-1,com,2.5272169351577762,1.4602457284927368,0.8394134044647217,1121,1121,True,,"Model comparison
----------------
truncated: xmin=10.3274, alpha=1.52501, xc=768.622, p=nan, KS=0.0644428, loglik=-2780.84, AIC=5563.68, BIC=5568
powerlaw: xmin=10.3274, alpha=1.7122, xc=nan, p=nan, KS=0.117286, loglik=-2818.46, AIC=5638.93, BIC=5643.25
shifted_exp: xmin=10.3274, alpha=0.0160862, xc=nan, p=nan, KS=0.166544, loglik=-2847.03, AIC=5696.07, BIC=5700.39

ΔAIC / ΔBIC
truncated: ΔAIC = 0 ΔBIC = 0
powerlaw: ΔAIC = 75.2438 ΔBIC = 75.2438
shifted_exp: ΔAIC = 132.385 ΔBIC = 132.385
",truncated,10.327400922775269,True,,truncated,10.327400922775269,1.5250050924139615,768.6223428249359,,0.06444283122589689,5563.683402014201,5568.002370127948,-2780.8417010071007,555,True,,shifted_exp,10.327400922775269,0.016086234918861488,,,0.16654416679456646,5696.068394808352,5700.387362922099,-2847.034197404176,555,-132.384992794151
/home/hpc/Desktop/resonant_swarm_runs/position_records/N500/kappa_0p5/okappa_1p5/pos_rep08_seed50000008.npz,500,0.5,1.5,8,50000008,com,-1,com,2.682084560394287,1.6379151344299316,0.8678139448165894,1435,1435,True,,"Model comparison
----------------
truncated: xmin=13.8143, alpha=1.62788, xc=461.097, p=nan, KS=0.0463492, loglik=-3001.69, AIC=6005.38, BIC=6009.81
powerlaw: xmin=13.8143, alpha=1.86446, xc=nan, p=nan, KS=0.100209, loglik=-3045.59, AIC=6093.18, BIC=6097.61
shifted_exp: xmin=13.8143, alpha=0.0197719, xc=nan, p=nan, KS=0.138561, loglik=-3042.72, AIC=6087.44, BIC=6091.86

ΔAIC / ΔBIC
truncated: ΔAIC = 0 ΔBIC = 0
powerlaw: ΔAIC = 87.802 ΔBIC = 87.802
shifted_exp: ΔAIC = 82.0583 ΔBIC = 82.0583
",truncated,13.814317464828491,True,,truncated,13.814317464828491,1.6278802630062374,461.09687638282776,,0.046349214640924674,6005.3789978981,6009.805486355558,-3001.68949894905,618,True,,shifted_exp,13.814317464828491,0.01977191114488096,,,0.1385606688945542,6087.4373202331735,6091.863808690631,-3042.7186601165868,618,-82.05832233507317
/home/hpc/Desktop/resonant_swarm_runs/position_records/N500/kappa_0p5/okappa_1p5/pos_rep09_seed50000009.npz,500,0.5,1.5,9,50000009,com,-1,com,2.678412961959839,1.6028577089309692,0.8795654773712158,1418,1418,True,,"Model comparison
----------------
truncated: xmin=16.325, alpha=1.73669, xc=647.988, p=nan, KS=0.0657232, loglik=-2752.18, AIC=5506.36, BIC=5510.68
powerlaw: xmin=16.325, alpha=1.91277, xc=nan, p=nan, KS=0.106502, loglik=-2778.58, AIC=5559.16, BIC=5563.48
shifted_exp: xmin=16.325, alpha=0.0185657, xc=nan, p=nan, KS=0.130827, loglik=-2782.43, AIC=5566.87, BIC=5571.19

ΔAIC / ΔBIC
truncated: ΔAIC = 0 ΔBIC = 0
powerlaw: ΔAIC = 52.7976 ΔBIC = 52.7976
shifted_exp: ΔAIC = 60.5087 ΔBIC = 60.5087
",truncated,16.32500433921814,True,,truncated,16.32500433921814,1.7366856778872162,647.9879920482635,,0.06572319771532065,5506.358644102045,5510.683003064427,-2752.1793220510226,558,True,,shifted_exp,16.32500433921814,0.018565685025407185,,,0.13082665220221845,5566.867367297942,5571.191726260324,-2782.433683648971,558,-60.50872319589689
/home/hpc/Desktop/resonant_swarm_runs/position_records/N500/kappa_0p5/okappa_1p5/pos_rep10_seed50000010.npz,500,0.5,1.5,10,50000010,com,-1,com,2.6399182796478273,1.6319875717163086,0.8451223373413086,1468,1468,True,,"Model comparison
----------------
truncated: xmin=10.7582, alpha=1.56372, xc=399.848, p=nan, KS=0.0645771, loglik=-3410.17, AIC=6822.35, BIC=6826.93
powerlaw: xmin=10.7582, alpha=1.81145, xc=nan, p=nan, KS=0.124473, loglik=-3468.21, AIC=6938.43, BIC=6943.01
shifted_exp: xmin=10.7582, alpha=0.0221785, xc=nan, p=nan, KS=0.14072, loglik=-3462.21, AIC=6926.43, BIC=6931.01

ΔAIC / ΔBIC
truncated: ΔAIC = 0 ΔBIC = 0
powerlaw: ΔAIC = 116.079 ΔBIC = 116.079
shifted_exp: ΔAIC = 104.08 ΔBIC = 104.08
",truncated,10.758166551589966,True,,truncated,10.758166551589966,1.5637231248946846,399.84773778915405,,0.06457714762863295,6822.3481477948935,6826.927399006903,-3410.1740738974468,720,True,,shifted_exp,10.758166551589966,0.022178529682774964,,,0.14072045245040737,6926.428048856625,6931.007300068634,-3462.2140244283123,720,-104.0799010617311
/home/hpc/Desktop/resonant_swarm_runs/position_records/N500/kappa_0p5/okappa_1p5/pos_rep11_seed50000011.npz,500,0.5,1.5,11,50000011,com,-1,com,2.6562621593475346,1.590006709098816,0.8746956586837769,1399,1399,True,,"Model comparison
----------------
truncated: xmin=10.8659, alpha=1.56827, xc=486.884, p=nan, KS=0.0488205, loglik=-3233.27, AIC=6468.54, BIC=6473.05
powerlaw: xmin=10.8659, alpha=1.79083, xc=nan, p=nan, KS=0.0965292, loglik=-3282.58, AIC=6567.15, BIC=6571.66
shifted_exp: xmin=10.8659, alpha=0.0202257, xc=nan, p=nan, KS=0.165572, loglik=-3293.34, AIC=6588.68, BIC=6593.19

ΔAIC / ΔBIC
truncated: ΔAIC = 0 ΔBIC = 0
powerlaw: ΔAIC = 98.61 ΔBIC = 98.61
shifted_exp: ΔAIC = 120.136 ΔBIC = 120.136
",truncated,10.865892887115479,True,,truncated,10.865892887115479,1.5682742595544683,486.8838429450989,,0.04882048448752585,6468.540542602717,6473.050800943241,-3233.2702713013587,672,True,,shifted_exp,10.865892887115479,0.02022570030225243,,,0.16557174005693776,6588.676800787502,6593.187059128025,-3293.338400393751,672,-120.13625818478431
/home/hpc/Desktop/resonant_swarm_runs/position_records/N500/kappa_0p5/okappa_1p5/pos_rep12_seed50000012.npz,500,0.5,1.5,12,50000012,com,-1,com,2.674431896209717,1.5784498453140259,0.8776243925094604,1396,1396,True,,"Model comparison
----------------
truncated: xmin=10.9505, alpha=1.56817, xc=445.234, p=nan, KS=0.064593, loglik=-3328.85, AIC=6659.7, BIC=6664.24
powerlaw: xmin=10.9505, alpha=1.80254, xc=nan, p=nan, KS=0.122638, loglik=-3382.15, AIC=6766.3, BIC=6770.84
shifted_exp: xmin=10.9505, alpha=0.0210005, xc=nan, p=nan, KS=0.138343, loglik=-3384.79, AIC=6771.58, BIC=6776.13

ΔAIC / ΔBIC
truncated: ΔAIC = 0 ΔBIC = 0
powerlaw: ΔAIC = 106.601 ΔBIC = 106.601
shifted_exp: ΔAIC = 111.888 ΔBIC = 111.888
",truncated,10.950493335723877,True,,truncated,10.950493335723877,1.568165150988163,445.23420763015747,,0.06459303444336684,6659.696694240154,6664.242043900488,-3328.848347120077,696,True,,shifted_exp,10.950493335723877,0.021000538499442212,,,0.13834276781152377,6771.584420669611,6776.129770329945,-3384.7922103348055,696,-111.88772642945696
/home/hpc/Desktop/resonant_swarm_runs/position_records/N500/kappa_0p5/okappa_1p5/pos_rep13_seed50000013.npz,500,0.5,1.5,13,50000013,com,-1,com,2.630824017524719,1.5419695377349854,0.8760209679603577,1315,1315,True,,"Model comparison
----------------
truncated: xmin=16.0755, alpha=1.6981, xc=656.617, p=nan, KS=0.0624105, loglik=-2709.19, AIC=5420.38, BIC=5424.68
powerlaw: xmin=16.0755, alpha=1.88377, xc=nan, p=nan, KS=0.103268, loglik=-2737.61, AIC=5477.23, BIC=5481.53
shifted_exp: xmin=16.0755, alpha=0.0177417, xc=nan, p=nan, KS=0.127173, loglik=-2737.32, AIC=5476.64, BIC=5480.94

ΔAIC / ΔBIC
truncated: ΔAIC = 0 ΔBIC = 0
powerlaw: ΔAIC = 56.8516 ΔBIC = 56.8516
shifted_exp: ΔAIC = 56.2615 ΔBIC = 56.2615
",truncated,16.07549023628235,True,,truncated,16.07549023628235,1.6980958970850224,656.616937160492,,0.062410535207465645,5420.378053144171,5424.677002391027,-2709.1890265720854,544,True,,shifted_exp,16.07549023628235,0.017741694345831782,,,0.12717278767107498,5476.639522863875,5480.938472110731,-2737.3197614319374,544,-56.26146971970411
/home/hpc/Desktop/resonant_swarm_runs/position_records/N500/kappa_0p5/okappa_1p5/pos_rep14_seed50000014.npz,500,0.5,1.5,14,50000014,com,-1,com,2.6237562894821167,1.5243463516235352,0.867982804775238,1221,1221,True,,"Model comparison
----------------
truncated: xmin=8.06705, alpha=1.53285, xc=704.261, p=nan, KS=0.0716477, loglik=-3479.61, AIC=6961.23, BIC=6965.81
powerlaw: xmin=8.06705, alpha=1.70342, xc=nan, p=nan, KS=0.12168, loglik=-3524.37, AIC=7050.75, BIC=7055.33
shifted_exp: xmin=8.06705, alpha=0.0202137, xc=nan, p=nan, KS=0.180178, loglik=-3553.51, AIC=7109.02, BIC=7113.61

ΔAIC / ΔBIC
truncated: ΔAIC = 0 ΔBIC = 0
powerlaw: ΔAIC = 89.5173 ΔBIC = 89.5173
shifted_exp: ΔAIC = 147.797 ΔBIC = 147.797
",truncated,8.067052841186523,True,,truncated,8.067052841186523,1.532853741929078,704.2605767250061,,0.07164771733005632,6961.227725977022,6965.813897631876,-3479.613862988511,725,True,,shifted_exp,8.067052841186523,0.02021366641680806,,,0.18017831575884646,7109.0247046693175,7113.610876324172,-3553.5123523346588,725,-147.79697869229585
/home/hpc/Desktop/resonant_swarm_runs/position_records/N500/kappa_0p5/okappa_1p5/pos_rep15_seed50000015.npz,500,0.5,1.5,15,50000015,com,-1,com,2.656871294975281,1.546174168586731,0.8815130591392517,1366,1366,True,,"Model comparison
----------------
truncated: xmin=13.4188, alpha=1.56974, xc=455.172, p=nan, KS=0.0514507, loglik=-3001.32, AIC=6004.64, BIC=6009.05
powerlaw: xmin=13.4188, alpha=1.82744, xc=nan, p=nan, KS=0.11313, loglik=-3051.72, AIC=6105.44, BIC=6109.85
shifted_exp: xmin=13.4188, alpha=0.0191979, xc=nan, p=nan, KS=0.125339, loglik=-3026.26, AIC=6054.51, BIC=6058.93

ΔAIC / ΔBIC
truncated: ΔAIC = 0 ΔBIC = 0
powerlaw: ΔAIC = 100.802 ΔBIC = 100.802
shifted_exp: ΔAIC = 49.8753 ΔBIC = 49.8753
",truncated,13.418836116790771,True,,truncated,13.418836116790771,1.5697394143928622,455.1721715927124,,0.05145071502115606,6004.63625711711,6009.051354076282,-3001.318128558555,611,True,,shifted_exp,13.418836116790771,0.01919787910493077,,,0.12533896030608305,6054.511583527094,6058.926680486266,-3026.255791763547,611,-49.875326409984154
/home/hpc/Desktop/resonant_swarm_runs/position_records/N500/kappa_0p5/okappa_1p5/pos_rep16_seed50000016.npz,500,0.5,1.5,16,50000016,com,-1,com,2.6905892848968507,1.6135900020599365,0.878817081451416,1520,1520,True,,"Model comparison
----------------
truncated: xmin=13.8117, alpha=1.58756, xc=330.561, p=nan, KS=0.0449103, loglik=-3122.95, AIC=6247.9, BIC=6252.38
powerlaw: xmin=13.8117, alpha=1.89252, xc=nan, p=nan, KS=0.111135, loglik=-3183.07, AIC=6368.14, BIC=6372.63
shifted_exp: xmin=13.8117, alpha=0.0215247, xc=nan, p=nan, KS=0.141634, loglik=-3169.25, AIC=6340.5, BIC=6344.99

ΔAIC / ΔBIC
truncated: ΔAIC = 0 ΔBIC = 0
powerlaw: ΔAIC = 120.243 ΔBIC = 120.243
shifted_exp: ΔAIC = 92.6049 ΔBIC = 92.6049
",truncated,13.811670303344727,True,,truncated,13.811670303344727,1.5875601394523395,330.5611343383789,,0.044910260755786025,6247.89836596565,6252.383001201285,-3122.949182982825,655,True,,shifted_exp,13.811670303344727,0.021524744735170832,,,0.14163368761611062,6340.50323492877,6344.987870164406,-3169.251617464385,655,-92.60486896312068
/home/hpc/Desktop/resonant_swarm_runs/position_records/N500/kappa_0p5/okappa_1p5/pos_rep17_seed50000017.npz,500,0.5,1.5,17,50000017,com,-1,com,2.6837234735488895,1.5880805253982544,0.8843799233436584,1392,1392,True,,"Model comparison
----------------
truncated: xmin=19.2486, alpha=1.82653, xc=701.296, p=nan, KS=0.0650466, loglik=-2638.77, AIC=5279.54, BIC=5283.82
powerlaw: xmin=19.2486, alpha=1.98444, xc=nan, p=nan, KS=0.092332, loglik=-2659.1, AIC=5320.2, BIC=5324.48
shifted_exp: xmin=19.2486, alpha=0.0187413, xc=nan, p=nan, KS=0.12848, loglik=-2652.75, AIC=5307.51, BIC=5311.79

ΔAIC / ΔBIC
truncated: ΔAIC = 0 ΔBIC = 0
powerlaw: ΔAIC = 40.6565 ΔBIC = 40.6565
shifted_exp: ΔAIC = 27.9631 ΔBIC = 27.9631
",truncated,19.248648405075073,True,,truncated,19.248648405075073,1.8265298249274005,701.2964639663696,,0.06504661520061555,5279.543773355115,5283.822294779281,-2638.7718866775576,533,True,,shifted_exp,19.248648405075073,0.018741342911173835,,,0.12848049363215464,5307.506885334336,5311.785406758502,-2652.753442667168,533,-27.96311197922114
/home/hpc/Desktop/resonant_swarm_runs/position_records/N500/kappa_0p5/okappa_1p5/pos_rep18_seed50000018.npz,500,0.5,1.5,18,50000018,com,-1,com,2.624295139312744,1.544021725654602,0.8661041855812073,1356,1356,True,,"Model comparison
----------------
truncated: xmin=18.7676, alpha=1.70714, xc=603.463, p=nan, KS=0.0690791, loglik=-2543.16, AIC=5088.31, BIC=5092.54
powerlaw: xmin=18.7676, alpha=1.91923, xc=nan, p=nan, KS=0.116686, loglik=-2572.53, AIC=5147.05, BIC=5151.27
shifted_exp: xmin=18.7676, alpha=0.0174476, xc=nan, p=nan, KS=0.100628, loglik=-2544.47, AIC=5090.94, BIC=5095.16

ΔAIC / ΔBIC
truncated: ΔAIC = 0 ΔBIC = 0
powerlaw: ΔAIC = 58.7376 ΔBIC = 58.7376
shifted_exp: ΔAIC = 2.62756 ΔBIC = 2.62756
",truncated,18.767566204071045,True,,truncated,18.767566204071045,1.7071395271010992,603.4632143974304,,0.06907912385516274,5088.3139148817345,5092.536491149805,-2543.1569574408672,504,True,,shifted_exp,18.767566204071045,0.0174476022102916,,,0.10062792341451293,5090.941473318968,5095.164049587039,-2544.470736659484,504,-2.627558437233347
/home/hpc/Desktop/resonant_swarm_runs/position_records/N500/kappa_0p5/okappa_1p5/pos_rep19_seed50000019.npz,500,0.5,1.5,19,50000019,com,-1,com,2.6839835166931154,1.6014660596847534,0.8851017951965332,1450,1450,True,,"Model comparison
----------------
truncated: xmin=11.0231, alpha=1.61767, xc=524.795, p=nan, KS=0.0634047, loglik=-3339.83, AIC=6681.65, BIC=6686.2
powerlaw: xmin=11.0231, alpha=1.81458, xc=nan, p=nan, KS=0.112839, loglik=-3382.89, AIC=6767.77, BIC=6772.32
shifted_exp: xmin=11.0231, alpha=0.0212536, xc=nan, p=nan, KS=0.145064, loglik=-3395.86, AIC=6793.72, BIC=6798.27

ΔAIC / ΔBIC
truncated: ΔAIC = 0 ΔBIC = 0
powerlaw: ΔAIC = 86.1183 ΔBIC = 86.1183
shifted_exp: ΔAIC = 112.069 ΔBIC = 112.069
",truncated,11.023139238357544,True,,truncated,11.023139238357544,1.6176745736047562,524.7954087257385,,0.06340472609823151,6681.65236831465,6686.203448649693,-3339.826184157325,700,True,,shifted_exp,11.023139238357544,0.02125358816380789,,,0.14506359305902494,6793.7213603381,6798.272440673143,-3395.86068016905,700,-112.06899202344994
