path,N,percept_kappa,option_kappa,rep,seed,level,individual,kind,threshold,series_mean,series_std,flight_count,n_positive_flights,comparison_ok,comparison_error,comparison_summary,best_model,fixed_xmin_for_comparison,truncated_ok,truncated_error,truncated_model,truncated_xmin,truncated_alpha,truncated_xc,truncated_p_value,truncated_ks_D,truncated_aic,truncated_bic,truncated_loglik,truncated_n_used,shifted_exp_ok,shifted_exp_error,shifted_exp_model,shifted_exp_xmin,shifted_exp_alpha,shifted_exp_xc,shifted_exp_p_value,shifted_exp_ks_D,shifted_exp_aic,shifted_exp_bic,shifted_exp_loglik,shifted_exp_n_used,delta_aic_trunc_minus_exp
/home/hpc/Desktop/resonant_swarm_runs/position_records/N100/kappa_2p5/okappa_3/pos_rep00_seed10000000.npz,100,2.5,3.0,0,10000000,com,-1,com,0.8628919959068299,0.6262726187705994,0.7618880867958069,1450,1450,True,,"Model comparison
----------------
truncated: xmin=3.39427, alpha=1.47989, xc=1161.79, p=nan, KS=0.0261277, loglik=-2363.89, AIC=4729.79, BIC=4734.07
powerlaw: xmin=3.39427, alpha=1.58611, xc=nan, p=nan, KS=0.0607848, loglik=-2387.43, AIC=4776.85, BIC=4781.14
shifted_exp: xmin=3.39427, alpha=0.0193928, xc=nan, p=nan, KS=0.333182, loglik=-2644.43, AIC=5290.85, BIC=5295.14

ΔAIC / ΔBIC
truncated: ΔAIC = 0 ΔBIC = 0
powerlaw: ΔAIC = 47.0634 ΔBIC = 47.0634
shifted_exp: ΔAIC = 561.065 ΔBIC = 561.065
",truncated,3.394271731376648,True,,truncated,3.394271731376648,1.4798921243014609,1161.7918894290924,,0.026127720474984517,4729.789453591222,4734.071720338118,-2363.894726795611,535,True,,shifted_exp,3.394271731376648,0.01939277821593739,,,0.33318219182175335,5290.854356867069,5295.136623613966,-2644.4271784335347,535,-561.0649032758474
/home/hpc/Desktop/resonant_swarm_runs/position_records/N100/kappa_2p5/okappa_3/pos_rep01_seed10000001.npz,100,2.5,3.0,1,10000001,com,-1,com,0.9247515797615053,0.6682870984077454,0.8253280520439148,1187,1187,True,,"Model comparison
----------------
truncated: xmin=3.02298, alpha=1.48514, xc=1139.33, p=nan, KS=0.0314406, loglik=-2369.27, AIC=4740.55, BIC=4744.86
powerlaw: xmin=3.02298, alpha=1.5856, xc=nan, p=nan, KS=0.0591254, loglik=-2391.96, AIC=4785.93, BIC=4790.24
shifted_exp: xmin=3.02298, alpha=0.0175729, xc=nan, p=nan, KS=0.373906, loglik=-2772.77, AIC=5547.54, BIC=5551.85

ΔAIC / ΔBIC
truncated: ΔAIC = 0 ΔBIC = 0
powerlaw: ΔAIC = 45.3783 ΔBIC = 45.3783
shifted_exp: ΔAIC = 806.989 ΔBIC = 806.989
",truncated,3.022984504699707,True,,truncated,3.022984504699707,1.485139126481405,1139.334959089756,,0.03144059501436079,4740.548620537398,4744.858538815624,-2369.274310268699,550,True,,shifted_exp,3.022984504699707,0.01757288843936667,,,0.3739063332666668,5547.537793621064,5551.8477118992905,-2772.768896810532,550,-806.9891730836662
/home/hpc/Desktop/resonant_swarm_runs/position_records/N100/kappa_2p5/okappa_3/pos_rep02_seed10000002.npz,100,2.5,3.0,2,10000002,com,-1,com,0.853945404291153,0.6248661875724792,0.7400766015052795,1583,1583,True,,"Model comparison
----------------
truncated: xmin=3.95272, alpha=1.52109, xc=1091.37, p=nan, KS=0.0242277, loglik=-2208.18, AIC=4418.36, BIC=4422.57
powerlaw: xmin=3.95272, alpha=1.62436, xc=nan, p=nan, KS=0.058716, loglik=-2227.98, AIC=4457.97, BIC=4462.19
shifted_exp: xmin=3.95272, alpha=0.0191456, xc=nan, p=nan, KS=0.335543, loglik=-2482.8, AIC=4967.59, BIC=4971.81

ΔAIC / ΔBIC
truncated: ΔAIC = 0 ΔBIC = 0
powerlaw: ΔAIC = 39.6118 ΔBIC = 39.6118
shifted_exp: ΔAIC = 549.237 ΔBIC = 549.237
",truncated,3.952722907066345,True,,truncated,3.952722907066345,1.5210861964876137,1091.3729587197304,,0.024227745446198767,4418.357163281274,4422.5737693823585,-2208.178581640637,501,True,,shifted_exp,3.952722907066345,0.01914560007495796,,,0.3355425310975555,4967.593715555115,4971.810321656199,-2482.7968577775573,501,-549.236552273841
/home/hpc/Desktop/resonant_swarm_runs/position_records/N100/kappa_2p5/okappa_3/pos_rep03_seed10000003.npz,100,2.5,3.0,3,10000003,com,-1,com,0.8198623895645142,0.5825017094612122,0.6626837849617004,1888,1888,True,,"Model comparison
----------------
truncated: xmin=3.34404, alpha=1.62353, xc=1026.71, p=nan, KS=0.0307969, loglik=-2634.51, AIC=5271.03, BIC=5275.52
powerlaw: xmin=3.34404, alpha=1.69541, xc=nan, p=nan, KS=0.0538949, loglik=-2649.58, AIC=5301.16, BIC=5305.65
shifted_exp: xmin=3.34404, alpha=0.0292795, xc=nan, p=nan, KS=0.328209, loglik=-2994.9, AIC=5991.81, BIC=5996.3

ΔAIC / ΔBIC
truncated: ΔAIC = 0 ΔBIC = 0
powerlaw: ΔAIC = 30.1314 ΔBIC = 30.1314
shifted_exp: ΔAIC = 720.779 ΔBIC = 720.779
",truncated,3.3440372347831726,True,,truncated,3.3440372347831726,1.62353340430006,1026.7125068306923,,0.030796892320908098,5271.0265427596705,5275.520296599522,-2634.5132713798353,661,True,,shifted_exp,3.3440372347831726,0.02927953167603608,,,0.32820899212827637,5991.8056249573265,5996.299378797178,-2994.9028124786632,661,-720.779082197656
/home/hpc/Desktop/resonant_swarm_runs/position_records/N100/kappa_2p5/okappa_3/pos_rep04_seed10000004.npz,100,2.5,3.0,4,10000004,com,-1,com,0.9185685575008397,0.6539078950881958,0.7886363863945007,1270,1270,True,,"Model comparison
----------------
truncated: xmin=3.1127, alpha=1.45579, xc=1210.19, p=nan, KS=0.0262063, loglik=-2323.08, AIC=4648.15, BIC=4652.42
powerlaw: xmin=3.1127, alpha=1.56416, xc=nan, p=nan, KS=0.0606316, loglik=-2347.75, AIC=4697.49, BIC=4701.75
shifted_exp: xmin=3.1127, alpha=0.0175873, xc=nan, p=nan, KS=0.35609, loglik=-2641.26, AIC=5284.53, BIC=5288.79

ΔAIC / ΔBIC
truncated: ΔAIC = 0 ΔBIC = 0
powerlaw: ΔAIC = 49.3365 ΔBIC = 49.3365
shifted_exp: ΔAIC = 636.371 ΔBIC = 636.371
",truncated,3.1126983761787415,True,,truncated,3.1126983761787415,1.455788959442872,1210.194323182106,,0.026206301305946783,4648.1547339428025,4652.416225627124,-2323.0773669714013,524,True,,shifted_exp,3.1126983761787415,0.01758729825628161,,,0.35608964400930254,5284.526087183957,5288.787578868279,-2641.2630435919787,524,-636.3713532411548
/home/hpc/Desktop/resonant_swarm_runs/position_records/N100/kappa_2p5/okappa_3/pos_rep05_seed10000005.npz,100,2.5,3.0,5,10000005,com,-1,com,0.8258273959159851,0.5887842178344727,0.6741846203804016,1730,1730,True,,"Model comparison
----------------
truncated: xmin=3.94244, alpha=1.63095, xc=924.641, p=nan, KS=0.0228794, loglik=-2397.31, AIC=4796.61, BIC=4800.99
powerlaw: xmin=3.94244, alpha=1.71186, xc=nan, p=nan, KS=0.0376408, loglik=-2412.24, AIC=4826.48, BIC=4830.85
shifted_exp: xmin=3.94244, alpha=0.0255377, xc=nan, p=nan, KS=0.343052, loglik=-2735.21, AIC=5472.42, BIC=5476.8

ΔAIC / ΔBIC
truncated: ΔAIC = 0 ΔBIC = 0
powerlaw: ΔAIC = 29.8633 ΔBIC = 29.8633
shifted_exp: ΔAIC = 675.81 ΔBIC = 675.81
",truncated,3.9424373507499695,True,,truncated,3.9424373507499695,1.630945184550436,924.640616953373,,0.022879418809340052,4796.614591315417,4800.987911104994,-2397.3072956577084,586,True,,shifted_exp,3.9424373507499695,0.025537739235356228,,,0.34305195711465264,5472.424798431447,5476.798118221024,-2735.2123992157235,586,-675.8102071160301
/home/hpc/Desktop/resonant_swarm_runs/position_records/N100/kappa_2p5/okappa_3/pos_rep06_seed10000006.npz,100,2.5,3.0,6,10000006,com,-1,com,0.8348710834980011,0.6049450635910034,0.7154834866523743,1679,1679,True,,"Model comparison
----------------
truncated: xmin=3.71438, alpha=1.56208, xc=1324.18, p=nan, KS=0.0295066, loglik=-2323.78, AIC=4649.56, BIC=4653.86
powerlaw: xmin=3.71438, alpha=1.64318, xc=nan, p=nan, KS=0.0578106, loglik=-2339.41, AIC=4680.82, BIC=4685.11
shifted_exp: xmin=3.71438, alpha=0.0216304, xc=nan, p=nan, KS=0.337253, loglik=-2624.68, AIC=5251.35, BIC=5255.65

ΔAIC / ΔBIC
truncated: ΔAIC = 0 ΔBIC = 0
powerlaw: ΔAIC = 31.2529 ΔBIC = 31.2529
shifted_exp: ΔAIC = 601.787 ΔBIC = 601.787
",truncated,3.7143784761428833,True,,truncated,3.7143784761428833,1.5620774983924564,1324.1846706867218,,0.02950661834046453,4649.563897454619,4653.861006774553,-2323.7819487273096,543,True,,shifted_exp,3.7143784761428833,0.02163038653382119,,,0.3372530280083704,5251.3505994388,5255.647708758734,-2624.6752997194,543,-601.7867019841806
/home/hpc/Desktop/resonant_swarm_runs/position_records/N100/kappa_2p5/okappa_3/pos_rep07_seed10000007.npz,100,2.5,3.0,7,10000007,com,-1,com,0.8636147677898408,0.6348947882652283,0.7680560350418091,1583,1583,True,,"Model comparison
----------------
truncated: xmin=3.94631, alpha=1.5993, xc=1472.72, p=nan, KS=0.0248657, loglik=-2249.25, AIC=4500.49, BIC=4504.76
powerlaw: xmin=3.94631, alpha=1.66965, xc=nan, p=nan, KS=0.0482192, loglik=-2261.56, AIC=4525.12, BIC=4529.39
shifted_exp: xmin=3.94631, alpha=0.0195656, xc=nan, p=nan, KS=0.387334, loglik=-2615.01, AIC=5232.02, BIC=5236.29

ΔAIC / ΔBIC
truncated: ΔAIC = 0 ΔBIC = 0
powerlaw: ΔAIC = 24.6275 ΔBIC = 24.6275
shifted_exp: ΔAIC = 731.527 ΔBIC = 731.527
",truncated,3.9463082551956177,True,,truncated,3.9463082551956177,1.5992981777385717,1472.7248762249947,,0.024865721265034224,4500.491767244168,4504.764644250714,-2249.245883622084,530,True,,shifted_exp,3.9463082551956177,0.019565638792880632,,,0.3873340949289642,5232.019196520644,5236.29207352719,-2615.009598260322,530,-731.5274292764761
/home/hpc/Desktop/resonant_swarm_runs/position_records/N100/kappa_2p5/okappa_3/pos_rep08_seed10000008.npz,100,2.5,3.0,8,10000008,com,-1,com,0.8825573801994324,0.6273010969161987,0.7460879683494568,1472,1472,True,,"Model comparison
----------------
truncated: xmin=2.98177, alpha=1.53133, xc=1575.28, p=nan, KS=0.0374792, loglik=-2537.2, AIC=5076.39, BIC=5080.79
powerlaw: xmin=2.98177, alpha=1.6062, xc=nan, p=nan, KS=0.0633982, loglik=-2554.1, AIC=5110.2, BIC=5114.6
shifted_exp: xmin=2.98177, alpha=0.0220532, xc=nan, p=nan, KS=0.349178, loglik=-2898.21, AIC=5798.41, BIC=5802.81

ΔAIC / ΔBIC
truncated: ΔAIC = 0 ΔBIC = 0
powerlaw: ΔAIC = 33.8125 ΔBIC = 33.8125
shifted_exp: ΔAIC = 722.022 ΔBIC = 722.022
",truncated,2.981765866279602,True,,truncated,2.981765866279602,1.531332451896616,1575.2810265421867,,0.037479174139708304,5076.390881224935,5080.7911386702435,-2537.1954406124673,602,True,,shifted_exp,2.981765866279602,0.02205323169428953,,,0.34917783362554955,5798.412535377907,5802.812792823216,-2898.2062676889536,602,-722.0216541529726
/home/hpc/Desktop/resonant_swarm_runs/position_records/N100/kappa_2p5/okappa_3/pos_rep09_seed10000009.npz,100,2.5,3.0,9,10000009,com,-1,com,0.960535115003586,0.6857296824455261,0.839767575263977,1122,1122,True,,"Model comparison
----------------
truncated: xmin=3.20827, alpha=1.42806, xc=1186, p=nan, KS=0.039149, loglik=-2273.2, AIC=4548.41, BIC=4552.63
powerlaw: xmin=3.20827, alpha=1.54798, xc=nan, p=nan, KS=0.0812825, loglik=-2300.66, AIC=4603.31, BIC=4607.53
shifted_exp: xmin=3.20827, alpha=0.0155662, xc=nan, p=nan, KS=0.34231, loglik=-2586.49, AIC=5174.98, BIC=5179.19

ΔAIC / ΔBIC
truncated: ΔAIC = 0 ΔBIC = 0
powerlaw: ΔAIC = 54.9026 ΔBIC = 54.9026
shifted_exp: ΔAIC = 626.568 ΔBIC = 626.568
",truncated,3.2082667350769043,True,,truncated,3.2082667350769043,1.4280646087406708,1186.001863002777,,0.03914896983115079,4548.408960515559,4552.6255666166435,-2273.2044802577793,501,True,,shifted_exp,3.2082667350769043,0.01556623382530945,,,0.34230960520581255,5174.976511434652,5179.193117535737,-2586.488255717326,501,-626.5675509190933
/home/hpc/Desktop/resonant_swarm_runs/position_records/N100/kappa_2p5/okappa_3/pos_rep10_seed10000010.npz,100,2.5,3.0,10,10000010,com,-1,com,0.8644149482250214,0.6296800971031189,0.7642889618873596,1485,1485,True,,"Model comparison
----------------
truncated: xmin=3.56504, alpha=1.54329, xc=1101.07, p=nan, KS=0.0231201, loglik=-2439.85, AIC=4881.71, BIC=4886.06
powerlaw: xmin=3.56504, alpha=1.6352, xc=nan, p=nan, KS=0.0515386, loglik=-2459.19, AIC=4920.38, BIC=4924.73
shifted_exp: xmin=3.56504, alpha=0.0208967, xc=nan, p=nan, KS=0.352911, loglik=-2784.59, AIC=5571.18, BIC=5575.53

ΔAIC / ΔBIC
truncated: ΔAIC = 0 ΔBIC = 0
powerlaw: ΔAIC = 38.6773 ΔBIC = 38.6773
shifted_exp: ΔAIC = 689.475 ΔBIC = 689.475
",truncated,3.565043270587921,True,,truncated,3.565043270587921,1.543288652648968,1101.0748971104622,,0.023120080635916807,4881.706993284352,4886.056132275732,-2439.853496642176,572,True,,shifted_exp,3.565043270587921,0.020896653792085145,,,0.3529109321904367,5571.182176811404,5575.531315802784,-2784.591088405702,572,-689.4751835270517
/home/hpc/Desktop/resonant_swarm_runs/position_records/N100/kappa_2p5/okappa_3/pos_rep11_seed10000011.npz,100,2.5,3.0,11,10000011,com,-1,com,0.8450366497039795,0.6129887700080872,0.7233672738075256,1573,1573,True,,"Model comparison
----------------
truncated: xmin=3.59679, alpha=1.59738, xc=1342.31, p=nan, KS=0.0336103, loglik=-2410.71, AIC=4823.43, BIC=4827.79
powerlaw: xmin=3.59679, alpha=1.66817, xc=nan, p=nan, KS=0.0579449, loglik=-2424.32, AIC=4850.65, BIC=4855.01
shifted_exp: xmin=3.59679, alpha=0.0226135, xc=nan, p=nan, KS=0.347159, loglik=-2777.74, AIC=5557.48, BIC=5561.84

ΔAIC / ΔBIC
truncated: ΔAIC = 0 ΔBIC = 0
powerlaw: ΔAIC = 27.2209 ΔBIC = 27.2209
shifted_exp: ΔAIC = 734.054 ΔBIC = 734.054
",truncated,3.5967917442321777,True,,truncated,3.5967917442321777,1.5973759773707246,1342.3122896552086,,0.033610289994251974,4823.426804679096,4827.789832782636,-2410.713402339548,580,True,,shifted_exp,3.5967917442321777,0.022613518201169386,,,0.3471593101475168,5557.48058519524,5561.84361329878,-2777.74029259762,580,-734.0537805161439
/home/hpc/Desktop/resonant_swarm_runs/position_records/N100/kappa_2p5/okappa_3/pos_rep12_seed10000012.npz,100,2.5,3.0,12,10000012,com,-1,com,0.8220951020717622,0.5955196022987366,0.7036476135253906,1905,1905,True,,"Model comparison
----------------
truncated: xmin=2.75936, alpha=1.65522, xc=1088.49, p=nan, KS=0.0301572, loglik=-2814.67, AIC=5631.33, BIC=5635.96
powerlaw: xmin=2.75936, alpha=1.71185, xc=nan, p=nan, KS=0.0417629, loglik=-2827.27, AIC=5656.55, BIC=5661.17
shifted_exp: xmin=2.75936, alpha=0.0311163, xc=nan, p=nan, KS=0.394327, loglik=-3361.46, AIC=6724.92, BIC=6729.54

ΔAIC / ΔBIC
truncated: ΔAIC = 0 ΔBIC = 0
powerlaw: ΔAIC = 25.2165 ΔBIC = 25.2165
shifted_exp: ΔAIC = 1093.58 ΔBIC = 1093.58
",truncated,2.759358048439026,True,,truncated,2.759358048439026,1.6552170097083412,1088.4927449822426,,0.03015721460729158,5631.332506525828,5635.955242849777,-2814.666253262914,752,True,,shifted_exp,2.759358048439026,0.031116257590632697,,,0.3943265760496223,6724.917365787883,6729.540102111832,-3361.4586828939414,752,-1093.584859262055
/home/hpc/Desktop/resonant_swarm_runs/position_records/N100/kappa_2p5/okappa_3/pos_rep13_seed10000013.npz,100,2.5,3.0,13,10000013,com,-1,com,0.9133870482444768,0.6473855972290039,0.7688538432121277,1336,1336,True,,"Model comparison
----------------
truncated: xmin=3.11377, alpha=1.51962, xc=1375.55, p=nan, KS=0.0386137, loglik=-2426.13, AIC=4854.25, BIC=4858.6
powerlaw: xmin=3.11377, alpha=1.60387, xc=nan, p=nan, KS=0.0675574, loglik=-2444.56, AIC=4891.11, BIC=4895.46
shifted_exp: xmin=3.11377, alpha=0.0198528, xc=nan, p=nan, KS=0.349452, loglik=-2799.14, AIC=5600.29, BIC=5604.63

ΔAIC / ΔBIC
truncated: ΔAIC = 0 ΔBIC = 0
powerlaw: ΔAIC = 36.8627 ΔBIC = 36.8627
shifted_exp: ΔAIC = 746.036 ΔBIC = 746.036
",truncated,3.113769769668579,True,,truncated,3.113769769668579,1.5196229654513425,1375.5492400527,,0.03861372683725406,4854.2515993651805,4858.595479799307,-2426.1257996825902,569,True,,shifted_exp,3.113769769668579,0.01985282409882408,,,0.3494520049928882,5600.28745336586,5604.631333799986,-2799.14372668293,569,-746.0358540006791
/home/hpc/Desktop/resonant_swarm_runs/position_records/N100/kappa_2p5/okappa_3/pos_rep14_seed10000014.npz,100,2.5,3.0,14,10000014,com,-1,com,0.9350194275379182,0.6695071458816528,0.807986319065094,1164,1164,True,,"Model comparison
----------------
truncated: xmin=3.19199, alpha=1.441, xc=1670.44, p=nan, KS=0.05235, loglik=-2318.29, AIC=4638.58, BIC=4642.81
powerlaw: xmin=3.19199, alpha=1.54203, xc=nan, p=nan, KS=0.0908518, loglik=-2341.33, AIC=4684.66, BIC=4688.89
shifted_exp: xmin=3.19199, alpha=0.016456, xc=nan, p=nan, KS=0.321684, loglik=-2589.28, AIC=5180.56, BIC=5184.79

ΔAIC / ΔBIC
truncated: ΔAIC = 0 ΔBIC = 0
powerlaw: ΔAIC = 46.0859 ΔBIC = 46.0859
shifted_exp: ΔAIC = 541.985 ΔBIC = 541.985
",truncated,3.191990077495575,True,,truncated,3.191990077495575,1.4409967093870466,1670.4394248723984,,0.05234997707432376,4638.579007376026,4642.807518379617,-2318.289503688013,507,True,,shifted_exp,3.191990077495575,0.01645599984478955,,,0.32168377977373064,5180.564047968213,5184.792558971804,-2589.2820239841067,507,-541.985040592187
/home/hpc/Desktop/resonant_swarm_runs/position_records/N100/kappa_2p5/okappa_3/pos_rep15_seed10000015.npz,100,2.5,3.0,15,10000015,com,-1,com,0.8571028351783754,0.6230944991111755,0.7463113069534302,1620,1620,True,,"Model comparison
----------------
truncated: xmin=3.9505, alpha=1.57598, xc=1341.11, p=nan, KS=0.021919, loglik=-2215.97, AIC=4433.94, BIC=4438.18
powerlaw: xmin=3.9505, alpha=1.65544, xc=nan, p=nan, KS=0.0464072, loglik=-2230.15, AIC=4462.29, BIC=4466.54
shifted_exp: xmin=3.9505, alpha=0.0196177, xc=nan, p=nan, KS=0.371626, loglik=-2544.56, AIC=5091.12, BIC=5095.37

ΔAIC / ΔBIC
truncated: ΔAIC = 0 ΔBIC = 0
powerlaw: ΔAIC = 28.3573 ΔBIC = 28.3573
shifted_exp: ΔAIC = 657.188 ΔBIC = 657.188
",truncated,3.9504981637001038,True,,truncated,3.9504981637001038,1.57598378388163,1341.1123426556587,,0.02191896181043959,4433.935349390625,4438.181456156106,-2215.9676746953123,516,True,,shifted_exp,3.9504981637001038,0.019617742004486072,,,0.3716264701228805,5091.123187257837,5095.369294023319,-2544.5615936289187,516,-657.1878378672127
/home/hpc/Desktop/resonant_swarm_runs/position_records/N100/kappa_2p5/okappa_3/pos_rep16_seed10000016.npz,100,2.5,3.0,16,10000016,com,-1,com,0.9346057772636415,0.6695734858512878,0.816009521484375,1181,1181,True,,"Model comparison
----------------
truncated: xmin=3.19228, alpha=1.46829, xc=1376.71, p=nan, KS=0.040287, loglik=-2327.89, AIC=4657.78, BIC=4662.04
powerlaw: xmin=3.19228, alpha=1.56838, xc=nan, p=nan, KS=0.0702791, loglik=-2350.18, AIC=4702.36, BIC=4706.62
shifted_exp: xmin=3.19228, alpha=0.0168369, xc=nan, p=nan, KS=0.367358, loglik=-2664.11, AIC=5330.23, BIC=5334.49

ΔAIC / ΔBIC
truncated: ΔAIC = 0 ΔBIC = 0
powerlaw: ΔAIC = 44.5764 ΔBIC = 44.5764
shifted_exp: ΔAIC = 672.444 ΔBIC = 672.444
",truncated,3.192279100418091,True,,truncated,3.192279100418091,1.4682888620419876,1376.7142807245255,,0.04028704018387208,4657.781675642597,4662.043167326919,-2327.8908378212986,524,True,,shifted_exp,3.192279100418091,0.01683685380021345,,,0.3673582801854687,5330.2260021848615,5334.487493869183,-2664.1130010924307,524,-672.4443265422642
/home/hpc/Desktop/resonant_swarm_runs/position_records/N100/kappa_2p5/okappa_3/pos_rep17_seed10000017.npz,100,2.5,3.0,17,10000017,com,-1,com,0.8214115321636201,0.5885004997253418,0.6786935329437256,1810,1810,True,,"Model comparison
----------------
truncated: xmin=2.81341, alpha=1.61181, xc=1319.56, p=nan, KS=0.0380164, loglik=-2672.28, AIC=5346.57, BIC=5351.1
powerlaw: xmin=2.81341, alpha=1.6719, xc=nan, p=nan, KS=0.0572515, loglik=-2685.46, AIC=5372.92, BIC=5377.45
shifted_exp: xmin=2.81341, alpha=0.0288646, xc=nan, p=nan, KS=0.358592, loglik=-3113.42, AIC=6228.84, BIC=6233.37

ΔAIC / ΔBIC
truncated: ΔAIC = 0 ΔBIC = 0
powerlaw: ΔAIC = 26.3487 ΔBIC = 26.3487
shifted_exp: ΔAIC = 882.274 ΔBIC = 882.274
",truncated,2.8134149312973022,True,,truncated,2.8134149312973022,1.6118094051576575,1319.5638743638992,,0.03801642352336765,5346.56743709406,5351.096855932322,-2672.28371854703,685,True,,shifted_exp,2.8134149312973022,0.02886459695326003,,,0.3585923501448611,6228.841051611622,6233.370470449884,-3113.420525805811,685,-882.2736145175622
/home/hpc/Desktop/resonant_swarm_runs/position_records/N100/kappa_2p5/okappa_3/pos_rep18_seed10000018.npz,100,2.5,3.0,18,10000018,com,-1,com,0.887570983171463,0.6492727994918823,0.7901758551597595,1311,1311,True,,"Model comparison
----------------
truncated: xmin=3.02763, alpha=1.50642, xc=1436.95, p=nan, KS=0.032776, loglik=-2363.34, AIC=4728.69, BIC=4733
powerlaw: xmin=3.02763, alpha=1.59165, xc=nan, p=nan, KS=0.0573557, loglik=-2381.87, AIC=4765.75, BIC=4770.06
shifted_exp: xmin=3.02763, alpha=0.0186547, xc=nan, p=nan, KS=0.379593, loglik=-2744.89, AIC=5491.79, BIC=5496.1

ΔAIC / ΔBIC
truncated: ΔAIC = 0 ΔBIC = 0
powerlaw: ΔAIC = 37.0612 ΔBIC = 37.0612
shifted_exp: ΔAIC = 763.099 ΔBIC = 763.099
",truncated,3.02762907743454,True,,truncated,3.02762907743454,1.5064203475590445,1436.9493157863617,,0.03277599575043477,4728.688666383112,4733.000401192265,-2363.344333191556,551,True,,shifted_exp,3.02762907743454,0.018654678890770243,,,0.3795929339506311,5491.787430616015,5496.0991654251675,-2744.8937153080074,551,-763.0987642329028
/home/hpc/Desktop/resonant_swarm_runs/position_records/N100/kappa_2p5/okappa_3/pos_rep19_seed10000019.npz,100,2.5,3.0,19,10000019,com,-1,com,0.8440929412841798,0.620924174785614,0.7559823989868164,1516,1516,True,,"Model comparison
----------------
truncated: xmin=3.93118, alpha=1.53645, xc=967.525, p=nan, KS=0.0250778, loglik=-2168.41, AIC=4338.82, BIC=4343.04
powerlaw: xmin=3.93118, alpha=1.64054, xc=nan, p=nan, KS=0.0596671, loglik=-2187.77, AIC=4377.55, BIC=4381.76
shifted_exp: xmin=3.93118, alpha=0.018658, xc=nan, p=nan, KS=0.361172, loglik=-2490.74, AIC=4983.48, BIC=4987.7

ΔAIC / ΔBIC
truncated: ΔAIC = 0 ΔBIC = 0
powerlaw: ΔAIC = 38.7255 ΔBIC = 38.7255
shifted_exp: ΔAIC = 644.661 ΔBIC = 644.661
",truncated,3.9311825037002563,True,,truncated,3.9311825037002563,1.5364482165437856,967.5245704650879,,0.025077774779728695,4338.821639533813,4343.036247632235,-2168.4108197669066,500,True,,shifted_exp,3.9311825037002563,0.018657950488128076,,,0.36117181778671836,4983.482924100652,4987.697532199074,-2490.741462050326,500,-644.6612845668387
/home/hpc/Desktop/resonant_swarm_runs/position_records/N200/kappa_2p5/okappa_3/pos_rep00_seed20000000.npz,200,2.5,3.0,0,20000000,com,-1,com,0.5131973147392274,0.361205130815506,0.38157761096954346,2784,2784,True,,"Model comparison
----------------
truncated: xmin=3.3473, alpha=1.90563, xc=954.354, p=nan, KS=0.0179919, loglik=-1757.21, AIC=3516.41, BIC=3520.68
powerlaw: xmin=3.3473, alpha=1.9344, xc=nan, p=nan, KS=0.0192638, loglik=-1760.11, AIC=3522.21, BIC=3526.48
shifted_exp: xmin=3.3473, alpha=0.0519272, xc=nan, p=nan, KS=0.35456, loglik=-2081.86, AIC=4165.72, BIC=4169.99

ΔAIC / ΔBIC
truncated: ΔAIC = 0 ΔBIC = 0
powerlaw: ΔAIC = 5.80014 ΔBIC = 5.80014
shifted_exp: ΔAIC = 649.313 ΔBIC = 649.313
",truncated,3.3473032116889954,True,,truncated,3.3473032116889954,1.9056253747795622,954.3535749912262,,0.017991875981838712,3516.4103415423147,3520.675642755052,-1757.2051707711573,526,True,,shifted_exp,3.3473032116889954,0.05192721281514448,,,0.35456018313215987,4165.723733841115,4169.989035053853,-2081.8618669205575,526,-649.3133922988004
/home/hpc/Desktop/resonant_swarm_runs/position_records/N200/kappa_2p5/okappa_3/pos_rep01_seed20000001.npz,200,2.5,3.0,1,20000001,com,-1,com,0.4927572637796402,0.33115828037261963,0.2912787199020386,3138,3138,True,,"Model comparison
----------------
truncated: xmin=2.58577, alpha=2.02935, xc=436.238, p=nan, KS=0.0159592, loglik=-2100.1, AIC=4202.19, BIC=4206.8
powerlaw: xmin=2.58577, alpha=2.05797, xc=nan, p=nan, KS=0.0208107, loglik=-2103.61, AIC=4209.22, BIC=4213.83
shifted_exp: xmin=2.58577, alpha=0.0987503, xc=nan, p=nan, KS=0.304717, loglik=-2456.53, AIC=4915.07, BIC=4919.68

ΔAIC / ΔBIC
truncated: ΔAIC = 0 ΔBIC = 0
powerlaw: ΔAIC = 7.02405 ΔBIC = 7.02405
shifted_exp: ΔAIC = 712.875 ΔBIC = 712.875
",truncated,2.5857728719711304,True,,truncated,2.5857728719711304,2.02934680792696,436.23816019296646,,0.015959224399124616,4202.193130956781,4206.801131582077,-2100.0965654783904,741,True,,shifted_exp,2.5857728719711304,0.09875028386662756,,,0.3047165053394275,4915.068602898504,4919.6766035238,-2456.534301449252,741,-712.8754719417229
/home/hpc/Desktop/resonant_swarm_runs/position_records/N200/kappa_2p5/okappa_3/pos_rep02_seed20000002.npz,200,2.5,3.0,2,20000002,com,-1,com,0.5017632484436035,0.3429481089115143,0.3321433663368225,3052,3052,True,,"Model comparison
----------------
truncated: xmin=2.70225, alpha=1.9654, xc=665.353, p=nan, KS=0.0176329, loglik=-2002.52, AIC=4007.03, BIC=4011.53
powerlaw: xmin=2.70225, alpha=1.99142, xc=nan, p=nan, KS=0.0223353, loglik=-2005.56, AIC=4013.13, BIC=4017.63
shifted_exp: xmin=2.70225, alpha=0.077737, xc=nan, p=nan, KS=0.33097, loglik=-2367.25, AIC=4736.49, BIC=4740.99

ΔAIC / ΔBIC
truncated: ΔAIC = 0 ΔBIC = 0
powerlaw: ΔAIC = 6.09433 ΔBIC = 6.09433
shifted_exp: ΔAIC = 729.46 ΔBIC = 729.46
",truncated,2.702248692512512,True,,truncated,2.702248692512512,1.9653952278227347,665.3526150584221,,0.017632888321522988,4007.0323125752043,4011.5336022457445,-2002.5161562876021,666,True,,shifted_exp,2.702248692512512,0.0777370438565538,,,0.33096951859593293,4736.491942572184,4740.993232242724,-2367.245971286092,666,-729.4596299969794
/home/hpc/Desktop/resonant_swarm_runs/position_records/N200/kappa_2p5/okappa_3/pos_rep03_seed20000003.npz,200,2.5,3.0,3,20000003,com,-1,com,0.505225282907486,0.35556337237358093,0.3850412368774414,2839,2839,True,,"Model comparison
----------------
truncated: xmin=2.04544, alpha=1.92338, xc=792.22, p=nan, KS=0.0358876, loglik=-2315.57, AIC=4633.13, BIC=4637.84
powerlaw: xmin=2.04544, alpha=1.94466, xc=nan, p=nan, KS=0.0351881, loglik=-2318.7, AIC=4639.4, BIC=4644.11
shifted_exp: xmin=2.04544, alpha=0.0767134, xc=nan, p=nan, KS=0.387407, loglik=-2921.93, AIC=5845.86, BIC=5850.57

ΔAIC / ΔBIC
truncated: ΔAIC = 0 ΔBIC = 0
powerlaw: ΔAIC = 6.2684 ΔBIC = 6.2684
shifted_exp: ΔAIC = 1212.73 ΔBIC = 1212.73
",truncated,2.045442521572113,True,,truncated,2.045442521572113,1.9233819033426527,792.2200708389282,,0.035887568398247915,4633.130312718306,4637.83839680216,-2315.565156359153,819,True,,shifted_exp,2.045442521572113,0.07671340260163399,,,0.38740683734030934,5845.857948610228,5850.5660326940815,-2921.928974305114,819,-1212.7276358919216
/home/hpc/Desktop/resonant_swarm_runs/position_records/N200/kappa_2p5/okappa_3/pos_rep04_seed20000004.npz,200,2.5,3.0,4,20000004,com,-1,com,0.5085126757621765,0.35050952434539795,0.3548511266708374,2872,2872,True,,"Model comparison
----------------
truncated: xmin=2.72516, alpha=1.98767, xc=852.833, p=nan, KS=0.0245629, loglik=-2053.45, AIC=4108.91, BIC=4113.44
powerlaw: xmin=2.72516, alpha=2.00735, xc=nan, p=nan, KS=0.0283546, loglik=-2055.68, AIC=4113.37, BIC=4117.9
shifted_exp: xmin=2.72516, alpha=0.0742736, xc=nan, p=nan, KS=0.35645, loglik=-2476.8, AIC=4955.6, BIC=4960.13

ΔAIC / ΔBIC
truncated: ΔAIC = 0 ΔBIC = 0
powerlaw: ΔAIC = 4.46185 ΔBIC = 4.46185
shifted_exp: ΔAIC = 846.694 ΔBIC = 846.694
",truncated,2.725157082080841,True,,truncated,2.725157082080841,1.9876702697549773,852.8328574895859,,0.0245628674790751,4108.906559334843,4113.440348172777,-2053.4532796674216,688,True,,shifted_exp,2.725157082080841,0.07427356807670951,,,0.35644996703451737,4955.600187810691,4960.133976648624,-2476.8000939053454,688,-846.6936284758476
/home/hpc/Desktop/resonant_swarm_runs/position_records/N200/kappa_2p5/okappa_3/pos_rep05_seed20000005.npz,200,2.5,3.0,5,20000005,com,-1,com,0.4982787132263184,0.3485991060733795,0.38075169920921326,2886,2886,True,,"Model comparison
----------------
truncated: xmin=2.64988, alpha=1.9218, xc=687.776, p=nan, KS=0.0227286, loglik=-2002.2, AIC=4006.4, BIC=4010.88
powerlaw: xmin=2.64988, alpha=1.95097, xc=nan, p=nan, KS=0.027345, loglik=-2005.78, AIC=4013.55, BIC=4018.03
shifted_exp: xmin=2.64988, alpha=0.0662692, xc=nan, p=nan, KS=0.351762, loglik=-2421.55, AIC=4845.09, BIC=4849.57

ΔAIC / ΔBIC
truncated: ΔAIC = 0 ΔBIC = 0
powerlaw: ΔAIC = 7.15664 ΔBIC = 7.15664
shifted_exp: ΔAIC = 838.698 ΔBIC = 838.698
",truncated,2.6498796939849854,True,,truncated,2.6498796939849854,1.9217983749399976,687.7755429148674,,0.02272863141733028,4006.396529651138,4010.8765742130645,-2002.198264825569,652,True,,shifted_exp,2.6498796939849854,0.06626921674940703,,,0.35176220548192605,4845.094848812705,4849.574893374632,-2421.5474244063525,652,-838.6983191615673
/home/hpc/Desktop/resonant_swarm_runs/position_records/N200/kappa_2p5/okappa_3/pos_rep06_seed20000006.npz,200,2.5,3.0,6,20000006,com,-1,com,0.507500684261322,0.3500688076019287,0.3605327308177948,2850,2850,True,,"Model comparison
----------------
truncated: xmin=2.36339, alpha=1.94123, xc=585.243, p=nan, KS=0.0205776, loglik=-2196.82, AIC=4395.65, BIC=4400.27
powerlaw: xmin=2.36339, alpha=1.96947, xc=nan, p=nan, KS=0.0206122, loglik=-2200.71, AIC=4403.43, BIC=4408.05
shifted_exp: xmin=2.36339, alpha=0.0768543, xc=nan, p=nan, KS=0.362287, loglik=-2685.08, AIC=5372.16, BIC=5376.78

ΔAIC / ΔBIC
truncated: ΔAIC = 0 ΔBIC = 0
powerlaw: ΔAIC = 7.78021 ΔBIC = 7.78021
shifted_exp: ΔAIC = 976.514 ΔBIC = 976.514
",truncated,2.363393187522888,True,,truncated,2.363393187522888,1.941232017128551,585.2426188588142,,0.020577593517297488,4395.646148141894,4400.270213369694,-2196.823074070947,753,True,,shifted_exp,2.363393187522888,0.07685434205551281,,,0.3622873300013961,5372.160025156043,5376.784090383843,-2685.0800125780215,753,-976.5138770141493
/home/hpc/Desktop/resonant_swarm_runs/position_records/N200/kappa_2p5/okappa_3/pos_rep07_seed20000007.npz,200,2.5,3.0,7,20000007,com,-1,com,0.5073308944702148,0.34386008977890015,0.3150561451911926,2888,2888,True,,"Model comparison
----------------
truncated: xmin=2.34273, alpha=1.85555, xc=304.973, p=nan, KS=0.0234815, loglik=-2203.21, AIC=4408.41, BIC=4413
powerlaw: xmin=2.34273, alpha=1.91569, xc=nan, p=nan, KS=0.0243451, loglik=-2212.98, AIC=4427.96, BIC=4432.55
shifted_exp: xmin=2.34273, alpha=0.080179, xc=nan, p=nan, KS=0.331352, loglik=-2572.15, AIC=5146.3, BIC=5150.89

ΔAIC / ΔBIC
truncated: ΔAIC = 0 ΔBIC = 0
powerlaw: ΔAIC = 19.5441 ΔBIC = 19.5441
shifted_exp: ΔAIC = 737.889 ΔBIC = 737.889
",truncated,2.3427340984344482,True,,truncated,2.3427340984344482,1.8555526495708425,304.9729470014572,,0.02348148492123399,4408.411762239784,4413.004806773927,-2203.205881119892,730,True,,shifted_exp,2.3427340984344482,0.08017898725397812,,,0.3313515811848564,5146.300952019792,5150.893996553935,-2572.150476009896,730,-737.8891897800077
/home/hpc/Desktop/resonant_swarm_runs/position_records/N200/kappa_2p5/okappa_3/pos_rep08_seed20000008.npz,200,2.5,3.0,8,20000008,com,-1,com,0.5046208500862122,0.33963674306869507,0.309743195772171,3014,3014,True,,"Model comparison
----------------
truncated: xmin=2.33835, alpha=1.92411, xc=360.799, p=nan, KS=0.0184253, loglik=-2178.07, AIC=4358.13, BIC=4362.75
powerlaw: xmin=2.33835, alpha=1.96731, xc=nan, p=nan, KS=0.0286748, loglik=-2184.45, AIC=4370.89, BIC=4375.51
shifted_exp: xmin=2.33835, alpha=0.0882038, xc=nan, p=nan, KS=0.308961, loglik=-2567.65, AIC=5137.3, BIC=5141.92

ΔAIC / ΔBIC
truncated: ΔAIC = 0 ΔBIC = 0
powerlaw: ΔAIC = 12.7591 ΔBIC = 12.7591
shifted_exp: ΔAIC = 779.169 ΔBIC = 779.169
",truncated,2.338352084159851,True,,truncated,2.338352084159851,1.9241063686514297,360.79921656847,,0.018425329881441854,4358.13272299516,4362.751461978677,-2178.06636149758,749,True,,shifted_exp,2.338352084159851,0.0882038055981148,,,0.3089609378108584,5137.301543954885,5141.920282938402,-2567.6507719774427,749,-779.168820959725
/home/hpc/Desktop/resonant_swarm_runs/position_records/N200/kappa_2p5/okappa_3/pos_rep09_seed20000009.npz,200,2.5,3.0,9,20000009,com,-1,com,0.5090028524398804,0.35719290375709534,0.38119637966156006,2869,2869,True,,"Model comparison
----------------
truncated: xmin=2.45566, alpha=1.90103, xc=939.483, p=nan, KS=0.0332821, loglik=-2092.16, AIC=4186.32, BIC=4190.85
powerlaw: xmin=2.45566, alpha=1.92447, xc=nan, p=nan, KS=0.0362893, loglik=-2095.17, AIC=4192.34, BIC=4196.87
shifted_exp: xmin=2.45566, alpha=0.066395, xc=nan, p=nan, KS=0.359196, loglik=-2542.81, AIC=5087.62, BIC=5092.15

ΔAIC / ΔBIC
truncated: ΔAIC = 0 ΔBIC = 0
powerlaw: ΔAIC = 6.01824 ΔBIC = 6.01824
shifted_exp: ΔAIC = 901.299 ΔBIC = 901.299
",truncated,2.455663502216339,True,,truncated,2.455663502216339,1.9010300810695893,939.4828799962997,,0.03328206853816118,4186.323521149119,4190.852939987381,-2092.1617605745596,685,True,,shifted_exp,2.455663502216339,0.06639502376606518,,,0.35919624215330404,5087.622440968694,5092.151859806956,-2542.811220484347,685,-901.2989198195746
/home/hpc/Desktop/resonant_swarm_runs/position_records/N200/kappa_2p5/okappa_3/pos_rep10_seed20000010.npz,200,2.5,3.0,10,20000010,com,-1,com,0.494922286272049,0.334157794713974,0.3149697482585907,3178,3178,True,,"Model comparison
----------------
truncated: xmin=2.28505, alpha=2.05759, xc=1017.8, p=nan, KS=0.0254878, loglik=-2204.11, AIC=4410.21, BIC=4414.92
powerlaw: xmin=2.28505, alpha=2.06849, xc=nan, p=nan, KS=0.026734, loglik=-2205.36, AIC=4412.71, BIC=4417.42
shifted_exp: xmin=2.28505, alpha=0.100599, xc=nan, p=nan, KS=0.344728, loglik=-2696.63, AIC=5395.25, BIC=5399.96

ΔAIC / ΔBIC
truncated: ΔAIC = 0 ΔBIC = 0
powerlaw: ΔAIC = 2.50134 ΔBIC = 2.50134
shifted_exp: ΔAIC = 985.04 ΔBIC = 985.04
",truncated,2.285053551197052,True,,truncated,2.285053551197052,2.0575869333060464,1017.8026062846184,,0.025487788978641047,4410.2118606434515,4414.918722980055,-2204.1059303217257,818,True,,shifted_exp,2.285053551197052,0.10059942454885991,,,0.34472830347740335,5395.251901131821,5399.958763468424,-2696.6259505659104,818,-985.0400404883694
/home/hpc/Desktop/resonant_swarm_runs/position_records/N200/kappa_2p5/okappa_3/pos_rep11_seed20000011.npz,200,2.5,3.0,11,20000011,com,-1,com,0.5025654435157776,0.3414298892021179,0.31941571831703186,3074,3074,True,,"Model comparison
----------------
truncated: xmin=2.65072, alpha=1.97127, xc=975.141, p=nan, KS=0.0252948, loglik=-2044.02, AIC=4090.03, BIC=4094.56
powerlaw: xmin=2.65072, alpha=1.98962, xc=nan, p=nan, KS=0.0264362, loglik=-2046.1, AIC=4094.2, BIC=4098.73
shifted_exp: xmin=2.65072, alpha=0.0806479, xc=nan, p=nan, KS=0.333348, loglik=-2402.56, AIC=4807.13, BIC=4811.65

ΔAIC / ΔBIC
truncated: ΔAIC = 0 ΔBIC = 0
powerlaw: ΔAIC = 4.16943 ΔBIC = 4.16943
shifted_exp: ΔAIC = 717.094 ΔBIC = 717.094
",truncated,2.6507158875465393,True,,truncated,2.6507158875465393,1.9712680664308173,975.1407867074013,,0.025294846526191295,4090.033281520073,4094.559776379644,-2044.0166407600366,683,True,,shifted_exp,2.6507158875465393,0.08064790500020892,,,0.33334792084367815,4807.1269083216275,4811.653403181198,-2402.5634541608138,683,-717.0936268015544
/home/hpc/Desktop/resonant_swarm_runs/position_records/N200/kappa_2p5/okappa_3/pos_rep12_seed20000012.npz,200,2.5,3.0,12,20000012,com,-1,com,0.5093474745750427,0.3467200696468353,0.32990512251853943,2913,2913,True,,"Model comparison
----------------
truncated: xmin=3.03513, alpha=1.90047, xc=441.993, p=nan, KS=0.0202018, loglik=-1888.54, AIC=3779.09, BIC=3783.47
powerlaw: xmin=3.03513, alpha=1.949, xc=nan, p=nan, KS=0.0274465, loglik=-1894.42, AIC=3790.85, BIC=3795.23
shifted_exp: xmin=3.03513, alpha=0.0680371, xc=nan, p=nan, KS=0.306866, loglik=-2172.06, AIC=4346.11, BIC=4350.49

ΔAIC / ΔBIC
truncated: ΔAIC = 0 ΔBIC = 0
powerlaw: ΔAIC = 11.7609 ΔBIC = 11.7609
shifted_exp: ΔAIC = 567.026 ΔBIC = 567.026
",truncated,3.035133183002472,True,,truncated,3.035133183002472,1.9004663936955788,441.9928026199341,,0.020201763623580393,3779.0869566696515,3783.4653828533033,-1888.5434783348257,589,True,,shifted_exp,3.035133183002472,0.0680371222826736,,,0.3068657912941751,4346.112728460166,4350.491154643818,-2172.056364230083,589,-567.0257717905147
/home/hpc/Desktop/resonant_swarm_runs/position_records/N200/kappa_2p5/okappa_3/pos_rep13_seed20000013.npz,200,2.5,3.0,13,20000013,com,-1,com,0.4948370069265366,0.3371221721172333,0.3121130168437958,3076,3076,True,,"Model comparison
----------------
truncated: xmin=2.0377, alpha=2.0048, xc=600.362, p=nan, KS=0.0288874, loglik=-2360.46, AIC=4722.92, BIC=4727.71
powerlaw: xmin=2.0377, alpha=2.02419, xc=nan, p=nan, KS=0.0264293, loglik=-2363.23, AIC=4728.47, BIC=4733.26
shifted_exp: xmin=2.0377, alpha=0.100938, xc=nan, p=nan, KS=0.36221, loglik=-2921.11, AIC=5844.23, BIC=5849.02

ΔAIC / ΔBIC
truncated: ΔAIC = 0 ΔBIC = 0
powerlaw: ΔAIC = 5.54674 ΔBIC = 5.54674
shifted_exp: ΔAIC = 1121.31 ΔBIC = 1121.31
",truncated,2.0377012491226196,True,,truncated,2.0377012491226196,2.0048022673498505,600.3618459105492,,0.02888740455237304,4722.920778832533,4727.708623814842,-2360.4603894162665,887,True,,shifted_exp,2.0377012491226196,0.10093777530685251,,,0.3622097751003249,5844.2273415373365,5849.015186519646,-2921.1136707686683,887,-1121.3065627048036
/home/hpc/Desktop/resonant_swarm_runs/position_records/N200/kappa_2p5/okappa_3/pos_rep14_seed20000014.npz,200,2.5,3.0,14,20000014,com,-1,com,0.49807959198951723,0.3352211117744446,0.30378052592277527,2998,2998,True,,"Model comparison
----------------
truncated: xmin=2.34551, alpha=1.94765, xc=652.476, p=nan, KS=0.0225344, loglik=-2221.19, AIC=4444.38, BIC=4449.02
powerlaw: xmin=2.34551, alpha=1.97281, xc=nan, p=nan, KS=0.0268443, loglik=-2224.63, AIC=4451.26, BIC=4455.9
shifted_exp: xmin=2.34551, alpha=0.0926739, xc=nan, p=nan, KS=0.312604, loglik=-2584.68, AIC=5171.36, BIC=5176

ΔAIC / ΔBIC
truncated: ΔAIC = 0 ΔBIC = 0
powerlaw: ΔAIC = 6.88166 ΔBIC = 6.88166
shifted_exp: ΔAIC = 726.98 ΔBIC = 726.98
",truncated,2.3455095291137695,True,,truncated,2.3455095291137695,1.9476469538452266,652.4761925935745,,0.022534430055460075,4444.382370461666,4449.022246295493,-2221.191185230833,765,True,,shifted_exp,2.3455095291137695,0.09267392991224961,,,0.31260394022502447,5171.362157325251,5176.002033159078,-2584.6810786626256,765,-726.9797868635851
/home/hpc/Desktop/resonant_swarm_runs/position_records/N200/kappa_2p5/okappa_3/pos_rep15_seed20000015.npz,200,2.5,3.0,15,20000015,com,-1,com,0.5042185485363007,0.3434664011001587,0.32840079069137573,2958,2958,True,,"Model comparison
----------------
truncated: xmin=3.21411, alpha=1.97023, xc=529.921, p=nan, KS=0.0192565, loglik=-1836.36, AIC=3674.71, BIC=3679.08
powerlaw: xmin=3.21411, alpha=2.00565, xc=nan, p=nan, KS=0.0208648, loglik=-1840.12, AIC=3682.23, BIC=3686.6
shifted_exp: xmin=3.21411, alpha=0.0695088, xc=nan, p=nan, KS=0.32715, loglik=-2137.45, AIC=4276.91, BIC=4281.28

ΔAIC / ΔBIC
truncated: ΔAIC = 0 ΔBIC = 0
powerlaw: ΔAIC = 7.52125 ΔBIC = 7.52125
shifted_exp: ΔAIC = 602.196 ΔBIC = 602.196
",truncated,3.2141107320785522,True,,truncated,3.2141107320785522,1.9702337674097852,529.9207502603531,,0.019256521335499377,3674.7119104215026,3679.080097607853,-1836.3559552107513,583,True,,shifted_exp,3.2141107320785522,0.06950882523330448,,,0.3271496106449522,4276.907610446718,4281.275797633068,-2137.453805223359,583,-602.195700025215
/home/hpc/Desktop/resonant_swarm_runs/position_records/N200/kappa_2p5/okappa_3/pos_rep16_seed20000016.npz,200,2.5,3.0,16,20000016,com,-1,com,0.5221018731594086,0.3563665449619293,0.3434758186340332,2710,2710,True,,"Model comparison
----------------
truncated: xmin=2.7471, alpha=1.89399, xc=1018.52, p=nan, KS=0.025969, loglik=-2034.73, AIC=4071.46, BIC=4075.92
powerlaw: xmin=2.7471, alpha=1.91864, xc=nan, p=nan, KS=0.0309506, loglik=-2037.73, AIC=4077.47, BIC=4081.93
shifted_exp: xmin=2.7471, alpha=0.0661755, xc=nan, p=nan, KS=0.324592, loglik=-2377.88, AIC=4757.77, BIC=4762.23

ΔAIC / ΔBIC
truncated: ΔAIC = 0 ΔBIC = 0
powerlaw: ΔAIC = 6.01043 ΔBIC = 6.01043
shifted_exp: ΔAIC = 686.31 ΔBIC = 686.31
",truncated,2.747099280357361,True,,truncated,2.747099280357361,1.8939883931575803,1018.5173450708389,,0.025968979514606527,4071.4594924394114,4075.920960615765,-2034.7297462197057,640,True,,shifted_exp,2.747099280357361,0.06617552045016158,,,0.3245922650271271,4757.769172665481,4762.230640841834,-2377.8845863327406,640,-686.3096802260698
/home/hpc/Desktop/resonant_swarm_runs/position_records/N200/kappa_2p5/okappa_3/pos_rep17_seed20000017.npz,200,2.5,3.0,17,20000017,com,-1,com,0.5044818997383118,0.34534159302711487,0.3236825168132782,2910,2910,True,,"Model comparison
----------------
truncated: xmin=2.3508, alpha=1.94651, xc=879.04, p=nan, KS=0.0246375, loglik=-2099.54, AIC=4201.07, BIC=4205.65
powerlaw: xmin=2.3508, alpha=1.96648, xc=nan, p=nan, KS=0.0214667, loglik=-2102.02, AIC=4206.05, BIC=4210.63
shifted_exp: xmin=2.3508, alpha=0.078725, xc=nan, p=nan, KS=0.361477, loglik=-2546.55, AIC=5095.1, BIC=5099.68

ΔAIC / ΔBIC
truncated: ΔAIC = 0 ΔBIC = 0
powerlaw: ΔAIC = 4.97792 ΔBIC = 4.97792
shifted_exp: ΔAIC = 894.031 ΔBIC = 894.031
",truncated,2.350801944732666,True,,truncated,2.350801944732666,1.946508491869935,879.0398331284523,,0.024637469966440284,4201.070043663166,4205.647905020887,-2099.535021831583,719,True,,shifted_exp,2.350801944732666,0.07872497261756815,,,0.3614766402231533,5095.10100841965,5099.678869777371,-2546.550504209825,719,-894.0309647564836
/home/hpc/Desktop/resonant_swarm_runs/position_records/N200/kappa_2p5/okappa_3/pos_rep18_seed20000018.npz,200,2.5,3.0,18,20000018,com,-1,com,0.5013445854187012,0.34439247846603394,0.33810457587242126,3021,3021,True,,"Model comparison
----------------
truncated: xmin=2.35083, alpha=1.96697, xc=674.371, p=nan, KS=0.0274898, loglik=-2159.24, AIC=4320.47, BIC=4325.1
powerlaw: xmin=2.35083, alpha=1.98983, xc=nan, p=nan, KS=0.0321734, loglik=-2162.2, AIC=4326.4, BIC=4331.02
shifted_exp: xmin=2.35083, alpha=0.0834937, xc=nan, p=nan, KS=0.360973, loglik=-2619.2, AIC=5240.41, BIC=5245.03

ΔAIC / ΔBIC
truncated: ΔAIC = 0 ΔBIC = 0
powerlaw: ΔAIC = 5.92639 ΔBIC = 5.92639
shifted_exp: ΔAIC = 919.934 ΔBIC = 919.934
",truncated,2.350831627845764,True,,truncated,2.350831627845764,1.9669716942579303,674.3708570599556,,0.027489757517304036,4320.474363170122,4325.097099494072,-2159.237181585061,752,True,,shifted_exp,2.350831627845764,0.08349367795288203,,,0.36097251620704374,5240.408482148797,5245.031218472746,-2619.2042410743984,752,-919.9341189786746
/home/hpc/Desktop/resonant_swarm_runs/position_records/N200/kappa_2p5/okappa_3/pos_rep19_seed20000019.npz,200,2.5,3.0,19,20000019,com,-1,com,0.5056471765041353,0.3461029529571533,0.34141474962234497,2850,2850,True,,"Model comparison
----------------
truncated: xmin=2.38534, alpha=1.86201, xc=641.69, p=nan, KS=0.0235916, loglik=-2122.72, AIC=4247.45, BIC=4251.98
powerlaw: xmin=2.38534, alpha=1.89709, xc=nan, p=nan, KS=0.0294212, loglik=-2127.74, AIC=4257.48, BIC=4262.02
shifted_exp: xmin=2.38534, alpha=0.0722993, xc=nan, p=nan, KS=0.339824, loglik=-2495.34, AIC=4992.67, BIC=4997.2

ΔAIC / ΔBIC
truncated: ΔAIC = 0 ΔBIC = 0
powerlaw: ΔAIC = 10.0337 ΔBIC = 10.0337
shifted_exp: ΔAIC = 745.222 ΔBIC = 745.222
",truncated,2.385339140892029,True,,truncated,2.385339140892029,1.8620057394962213,641.689906001091,,0.023591623557153718,4247.4485754089965,4251.98236424693,-2122.7242877044982,688,True,,shifted_exp,2.385339140892029,0.07229929365872823,,,0.33982388125297713,4992.670705168652,4997.204494006585,-2495.335352584326,688,-745.2221297596552
/home/hpc/Desktop/resonant_swarm_runs/position_records/N300/kappa_2p5/okappa_3/pos_rep00_seed30000000.npz,300,2.5,3.0,0,30000000,com,-1,com,0.4156162172555924,0.2766698896884918,0.23675233125686646,3281,3281,True,,"Model comparison
----------------
truncated: xmin=2.22529, alpha=2.07156, xc=442.058, p=nan, KS=0.0176972, loglik=-1825.34, AIC=3652.69, BIC=3657.23
powerlaw: xmin=2.22529, alpha=2.093, xc=nan, p=nan, KS=0.0205643, loglik=-1827.61, AIC=3657.22, BIC=3661.77
shifted_exp: xmin=2.22529, alpha=0.118452, xc=nan, p=nan, KS=0.316869, loglik=-2180.74, AIC=4363.48, BIC=4368.02

ΔAIC / ΔBIC
truncated: ΔAIC = 0 ΔBIC = 0
powerlaw: ΔAIC = 4.53536 ΔBIC = 4.53536
shifted_exp: ΔAIC = 710.792 ΔBIC = 710.792
",truncated,2.225293904542923,True,,truncated,2.225293904542923,2.071561268495879,442.05792781710625,,0.01769719620852983,3652.6869856426592,3657.2323353029938,-1825.3434928213296,696,True,,shifted_exp,2.225293904542923,0.11845210732414752,,,0.3168688384063836,4363.4792083222665,4368.0245579826005,-2180.7396041611332,696,-710.7922226796072
/home/hpc/Desktop/resonant_swarm_runs/position_records/N300/kappa_2p5/okappa_3/pos_rep01_seed30000001.npz,300,2.5,3.0,1,30000001,com,-1,com,0.4137702375650406,0.2771034836769104,0.24162115156650543,3203,3203,True,,"Model comparison
----------------
truncated: xmin=2.73096, alpha=2.00853, xc=355.261, p=nan, KS=0.0166332, loglik=-1590.49, AIC=3182.97, BIC=3187.28
powerlaw: xmin=2.73096, alpha=2.04671, xc=nan, p=nan, KS=0.0222228, loglik=-1594.16, AIC=3190.32, BIC=3194.63
shifted_exp: xmin=2.73096, alpha=0.0932063, xc=nan, p=nan, KS=0.305011, loglik=-1845, AIC=3692, BIC=3696.3

ΔAIC / ΔBIC
truncated: ΔAIC = 0 ΔBIC = 0
powerlaw: ΔAIC = 7.35158 ΔBIC = 7.35158
shifted_exp: ΔAIC = 509.023 ΔBIC = 509.023
",truncated,2.7309587001800537,True,,truncated,2.7309587001800537,2.0085314860631414,355.2614317536354,,0.016633188977530328,3182.9731794981717,3187.2776283005937,-1590.4865897490859,547,True,,shifted_exp,2.7309587001800537,0.09320633358532168,,,0.30501115489484276,3691.9959253270035,3696.3003741294256,-1844.9979626635018,547,-509.02274582883183
/home/hpc/Desktop/resonant_swarm_runs/position_records/N300/kappa_2p5/okappa_3/pos_rep02_seed30000002.npz,300,2.5,3.0,2,30000002,com,-1,com,0.4172252416610718,0.28576281666755676,0.29343369603157043,3126,3126,True,,"Model comparison
----------------
truncated: xmin=2.53768, alpha=2.09336, xc=1484.61, p=nan, KS=0.0159023, loglik=-1703.45, AIC=3408.9, BIC=3413.34
powerlaw: xmin=2.53768, alpha=2.10059, xc=nan, p=nan, KS=0.017194, loglik=-1704.02, AIC=3410.05, BIC=3414.48
shifted_exp: xmin=2.53768, alpha=0.0916699, xc=nan, p=nan, KS=0.342481, loglik=-2104.92, AIC=4211.84, BIC=4216.27

ΔAIC / ΔBIC
truncated: ΔAIC = 0 ΔBIC = 0
powerlaw: ΔAIC = 1.14473 ΔBIC = 1.14473
shifted_exp: ΔAIC = 802.931 ΔBIC = 802.931
",truncated,2.5376792550086975,True,,truncated,2.5376792550086975,2.0933568414779677,1484.6097683608532,,0.01590225740354123,3408.904772999053,3413.3361040809864,-1703.4523864995265,621,True,,shifted_exp,2.5376792550086975,0.09166985269272936,,,0.34248080916396073,4211.835648713129,4216.266979795062,-2104.9178243565643,621,-802.9308757140757
/home/hpc/Desktop/resonant_swarm_runs/position_records/N300/kappa_2p5/okappa_3/pos_rep03_seed30000003.npz,300,2.5,3.0,3,30000003,com,-1,com,0.416971230506897,0.2817225158214569,0.2568359375,3216,3216,True,,"Model comparison
----------------
truncated: xmin=1.86928, alpha=2.06598, xc=499.279, p=nan, KS=0.0273021, loglik=-2052.71, AIC=4107.42, BIC=4112.15
powerlaw: xmin=1.86928, alpha=2.08272, xc=nan, p=nan, KS=0.0293154, loglik=-2054.77, AIC=4111.54, BIC=4116.26
shifted_exp: xmin=1.86928, alpha=0.124572, xc=nan, p=nan, KS=0.342879, loglik=-2564.95, AIC=5131.89, BIC=5136.62

ΔAIC / ΔBIC
truncated: ΔAIC = 0 ΔBIC = 0
powerlaw: ΔAIC = 4.11354 ΔBIC = 4.11354
shifted_exp: ΔAIC = 1024.47 ΔBIC = 1024.47
",truncated,1.8692840933799744,True,,truncated,1.8692840933799744,2.0659796640853307,499.27877271175385,,0.027302066184523896,4107.423740506278,4112.1475729470985,-2052.711870253139,832,True,,shifted_exp,1.8692840933799744,0.12457237445169642,,,0.342878532944349,5131.893036040037,5136.616868480858,-2564.9465180200186,832,-1024.4692955337596
/home/hpc/Desktop/resonant_swarm_runs/position_records/N300/kappa_2p5/okappa_3/pos_rep04_seed30000004.npz,300,2.5,3.0,4,30000004,com,-1,com,0.4252568513154984,0.2981417775154114,0.31686344742774963,2956,2956,True,,"Model comparison
----------------
truncated: xmin=1.7223, alpha=2.01259, xc=927.571, p=nan, KS=0.0283349, loglik=-2056.09, AIC=4114.18, BIC=4118.9
powerlaw: xmin=1.7223, alpha=2.02379, xc=nan, p=nan, KS=0.0269948, loglik=-2057.46, AIC=4116.91, BIC=4121.63
shifted_exp: xmin=1.7223, alpha=0.0968168, xc=nan, p=nan, KS=0.400459, loglik=-2747.99, AIC=5497.97, BIC=5502.69

ΔAIC / ΔBIC
truncated: ΔAIC = 0 ΔBIC = 0
powerlaw: ΔAIC = 2.73013 ΔBIC = 2.73013
shifted_exp: ΔAIC = 1383.79 ΔBIC = 1383.79
",truncated,1.7223029732704163,True,,truncated,1.7223029732704163,2.0125870169978657,927.5707320868969,,0.02833491208774025,4114.183178669958,4118.897349199867,-2056.091589334979,824,True,,shifted_exp,1.7223029732704163,0.09681675000652516,,,0.4004592019074056,5497.973312453878,5502.687482983787,-2747.986656226939,824,-1383.7901337839203
/home/hpc/Desktop/resonant_swarm_runs/position_records/N300/kappa_2p5/okappa_3/pos_rep05_seed30000005.npz,300,2.5,3.0,5,30000005,com,-1,com,0.4029878586530686,0.28112173080444336,0.30498751997947693,3234,3234,True,,"Model comparison
----------------
truncated: xmin=2.73108, alpha=2.15487, xc=1030.57, p=nan, KS=0.0285286, loglik=-1556.7, AIC=3115.4, BIC=3119.75
powerlaw: xmin=2.73108, alpha=2.16331, xc=nan, p=nan, KS=0.0282879, loglik=-1557.29, AIC=3116.58, BIC=3120.94
shifted_exp: xmin=2.73108, alpha=0.0863679, xc=nan, p=nan, KS=0.378987, loglik=-1979.81, AIC=3961.61, BIC=3965.96

ΔAIC / ΔBIC
truncated: ΔAIC = 0 ΔBIC = 0
powerlaw: ΔAIC = 1.1841 ΔBIC = 1.1841
shifted_exp: ΔAIC = 846.213 ΔBIC = 846.213
",truncated,2.7310833632946014,True,,truncated,2.7310833632946014,2.1548689935692025,1030.5656555593014,,0.028528555350168294,3115.399428302936,3119.7520576992556,-1556.699714151468,574,True,,shifted_exp,2.7310833632946014,0.08636788775250709,,,0.3789870730661473,3961.6119643743846,3965.964593770704,-1979.8059821871923,574,-846.2125360714485
/home/hpc/Desktop/resonant_swarm_runs/position_records/N300/kappa_2p5/okappa_3/pos_rep06_seed30000006.npz,300,2.5,3.0,6,30000006,com,-1,com,0.4043314397335053,0.2633656859397888,0.18685631453990936,3315,3315,True,,"Model comparison
----------------
truncated: xmin=2.16178, alpha=2.06269, xc=172.072, p=nan, KS=0.0221243, loglik=-1829.03, AIC=3660.06, BIC=3664.63
powerlaw: xmin=2.16178, alpha=2.11258, xc=nan, p=nan, KS=0.0318036, loglik=-1835.16, AIC=3672.31, BIC=3676.89
shifted_exp: xmin=2.16178, alpha=0.142167, xc=nan, p=nan, KS=0.278646, loglik=-2112.74, AIC=4227.48, BIC=4232.06

ΔAIC / ΔBIC
truncated: ΔAIC = 0 ΔBIC = 0
powerlaw: ΔAIC = 12.2551 ΔBIC = 12.2551
shifted_exp: ΔAIC = 567.424 ΔBIC = 567.424
",truncated,2.1617801189422607,True,,truncated,2.1617801189422607,2.0626858129439305,172.07173988223076,,0.022124282826942676,3660.0586926131105,3664.632372780071,-1829.0293463065552,716,True,,shifted_exp,2.1617801189422607,0.1421665397250509,,,0.27864641200976736,4227.482726072345,4232.056406239306,-2112.7413630361725,716,-567.4240334592346
/home/hpc/Desktop/resonant_swarm_runs/position_records/N300/kappa_2p5/okappa_3/pos_rep07_seed30000007.npz,300,2.5,3.0,7,30000007,com,-1,com,0.4061270147562027,0.2765904366970062,0.25513923168182373,3219,3219,True,,"Model comparison
----------------
truncated: xmin=2.13856, alpha=2.06204, xc=365.846, p=nan, KS=0.0182618, loglik=-1850.7, AIC=3703.4, BIC=3707.97
powerlaw: xmin=2.13856, alpha=2.08738, xc=nan, p=nan, KS=0.0193424, loglik=-1853.54, AIC=3709.09, BIC=3713.66
shifted_exp: xmin=2.13856, alpha=0.110083, xc=nan, p=nan, KS=0.334147, loglik=-2289.46, AIC=4580.92, BIC=4585.49

ΔAIC / ΔBIC
truncated: ΔAIC = 0 ΔBIC = 0
powerlaw: ΔAIC = 5.6864 ΔBIC = 5.6864
shifted_exp: ΔAIC = 877.516 ΔBIC = 877.516
",truncated,2.1385611593723297,True,,truncated,2.1385611593723297,2.06204461344223,365.8457514345646,,0.018261798225243875,3703.3993487128537,3707.970231675193,-1850.6996743564268,714,True,,shifted_exp,2.1385611593723297,0.1100826970635473,,,0.3341473820876172,4580.915421135613,4585.486304097953,-2289.4577105678063,714,-877.516072422759
/home/hpc/Desktop/resonant_swarm_runs/position_records/N300/kappa_2p5/okappa_3/pos_rep08_seed30000008.npz,300,2.5,3.0,8,30000008,com,-1,com,0.41401229202747347,0.2739529311656952,0.21486176550388336,3196,3196,True,,"Model comparison
----------------
truncated: xmin=2.1837, alpha=2.00805, xc=299.352, p=nan, KS=0.0173402, loglik=-1827.99, AIC=3657.97, BIC=3662.5
powerlaw: xmin=2.1837, alpha=2.04464, xc=nan, p=nan, KS=0.0223828, loglik=-1832.34, AIC=3666.69, BIC=3671.21
shifted_exp: xmin=2.1837, alpha=0.117258, xc=nan, p=nan, KS=0.301325, loglik=-2137.49, AIC=4276.99, BIC=4281.51

ΔAIC / ΔBIC
truncated: ΔAIC = 0 ΔBIC = 0
powerlaw: ΔAIC = 8.71507 ΔBIC = 8.71507
shifted_exp: ΔAIC = 619.017 ΔBIC = 619.017
",truncated,2.1837016344070435,True,,truncated,2.1837016344070435,2.0080488885132746,299.35237035155296,,0.017340239587038953,3657.9733326736314,3662.4954254718014,-1827.9866663368157,680,True,,shifted_exp,2.1837016344070435,0.11725843623007377,,,0.3013247747538855,4276.989895898176,4281.511988696346,-2137.494947949088,680,-619.0165632245444
/home/hpc/Desktop/resonant_swarm_runs/position_records/N300/kappa_2p5/okappa_3/pos_rep09_seed30000009.npz,300,2.5,3.0,9,30000009,com,-1,com,0.4137088298797608,0.29312053322792053,0.3328526020050049,3016,3016,True,,"Model comparison
----------------
truncated: xmin=1.92646, alpha=1.96121, xc=694.692, p=nan, KS=0.0225497, loglik=-1886.9, AIC=3775.8, BIC=3780.35
powerlaw: xmin=1.92646, alpha=1.98062, xc=nan, p=nan, KS=0.0255956, loglik=-1889.21, AIC=3780.42, BIC=3784.97
shifted_exp: xmin=1.92646, alpha=0.0843101, xc=nan, p=nan, KS=0.382451, loglik=-2434.75, AIC=4871.5, BIC=4876.05

ΔAIC / ΔBIC
truncated: ΔAIC = 0 ΔBIC = 0
powerlaw: ΔAIC = 4.61569 ΔBIC = 4.61569
shifted_exp: ΔAIC = 1095.7 ΔBIC = 1095.7
",truncated,1.9264569878578186,True,,truncated,1.9264569878578186,1.9612118391900777,694.6922143101692,,0.022549701358810292,3775.8024110987694,3780.354918985804,-1886.9012055493847,701,True,,shifted_exp,1.9264569878578186,0.08431005909720292,,,0.3824510304602201,4871.50224272731,4876.054750614344,-2434.751121363655,701,-1095.6998316285403
/home/hpc/Desktop/resonant_swarm_runs/position_records/N300/kappa_2p5/okappa_3/pos_rep10_seed30000010.npz,300,2.5,3.0,10,30000010,com,-1,com,0.4109900563955307,0.27461427450180054,0.22785018384456635,3132,3132,True,,"Model comparison
----------------
truncated: xmin=1.88464, alpha=2.00127, xc=249.296, p=nan, KS=0.0268631, loglik=-2014.23, AIC=4030.47, BIC=4035.14
powerlaw: xmin=1.88464, alpha=2.03976, xc=nan, p=nan, KS=0.031528, loglik=-2019.64, AIC=4041.27, BIC=4045.94
shifted_exp: xmin=1.88464, alpha=0.125121, xc=nan, p=nan, KS=0.332048, loglik=-2431.99, AIC=4865.99, BIC=4870.66

ΔAIC / ΔBIC
truncated: ΔAIC = 0 ΔBIC = 0
powerlaw: ΔAIC = 10.8053 ΔBIC = 10.8053
shifted_exp: ΔAIC = 835.524 ΔBIC = 835.524
",truncated,1.8846401274204254,True,,truncated,1.8846401274204254,2.0012650516743093,249.29558083415031,,0.026863123681950346,4030.465556372964,4035.137589318425,-2014.232778186482,790,True,,shifted_exp,1.8846401274204254,0.12512091845542303,,,0.3320480387231788,4865.989965352753,4870.661998298214,-2431.9949826763764,790,-835.5244089797889
/home/hpc/Desktop/resonant_swarm_runs/position_records/N300/kappa_2p5/okappa_3/pos_rep11_seed30000011.npz,300,2.5,3.0,11,30000011,com,-1,com,0.4024141609668732,0.26519301533699036,0.2065701186656952,3271,3271,True,,"Model comparison
----------------
truncated: xmin=2.6159, alpha=2.0956, xc=276.204, p=nan, KS=0.0245107, loglik=-1660.31, AIC=3322.63, BIC=3327.04
powerlaw: xmin=2.6159, alpha=2.13083, xc=nan, p=nan, KS=0.030176, loglik=-1663.73, AIC=3329.46, BIC=3333.87
shifted_exp: xmin=2.6159, alpha=0.121306, xc=nan, p=nan, KS=0.289449, loglik=-1899.87, AIC=3801.73, BIC=3806.15

ΔAIC / ΔBIC
truncated: ΔAIC = 0 ΔBIC = 0
powerlaw: ΔAIC = 6.83006 ΔBIC = 6.83006
shifted_exp: ΔAIC = 479.107 ΔBIC = 479.107
",truncated,2.6159008145332336,True,,truncated,2.6159008145332336,2.0955971669210687,276.204327493906,,0.024510747869274097,3322.6261840890793,3327.0412810482508,-1660.3130920445396,611,True,,shifted_exp,2.6159008145332336,0.1213060866660584,,,0.2894486471364568,3801.733585095524,3806.1486820546957,-1899.866792547762,611,-479.1074010064449
/home/hpc/Desktop/resonant_swarm_runs/position_records/N300/kappa_2p5/okappa_3/pos_rep12_seed30000012.npz,300,2.5,3.0,12,30000012,com,-1,com,0.4025446832180023,0.2665483355522156,0.2107217162847519,3275,3275,True,,"Model comparison
----------------
truncated: xmin=3.00441, alpha=2.05751, xc=364.007, p=nan, KS=0.0195336, loglik=-1466.49, AIC=2934.98, BIC=2939.2
powerlaw: xmin=3.00441, alpha=2.09244, xc=nan, p=nan, KS=0.0251277, loglik=-1469.38, AIC=2940.76, BIC=2944.98
shifted_exp: xmin=3.00441, alpha=0.101757, xc=nan, p=nan, KS=0.267321, loglik=-1649.15, AIC=3300.31, BIC=3304.53

ΔAIC / ΔBIC
truncated: ΔAIC = 0 ΔBIC = 0
powerlaw: ΔAIC = 5.78422 ΔBIC = 5.78422
shifted_exp: ΔAIC = 365.331 ΔBIC = 365.331
",truncated,3.0044133365154266,True,,truncated,3.0044133365154266,2.0575058548893566,364.007304251194,,0.019533555962332416,2934.9773275672696,2939.1959276869616,-1466.4886637836348,502,True,,shifted_exp,3.0044133365154266,0.10175702652192281,,,0.26732103422669184,3300.3080699184934,3304.5266700381853,-1649.1540349592467,502,-365.33074235122376
/home/hpc/Desktop/resonant_swarm_runs/position_records/N300/kappa_2p5/okappa_3/pos_rep13_seed30000013.npz,300,2.5,3.0,13,30000013,com,-1,com,0.4102745085954666,0.27540820837020874,0.23520687222480774,3217,3217,True,,"Model comparison
----------------
truncated: xmin=1.7173, alpha=2.05128, xc=420.836, p=nan, KS=0.024902, loglik=-2129.99, AIC=4261.97, BIC=4266.76
powerlaw: xmin=1.7173, alpha=2.07039, xc=nan, p=nan, KS=0.0296844, loglik=-2132.57, AIC=4267.15, BIC=4271.94
shifted_exp: xmin=1.7173, alpha=0.137007, xc=nan, p=nan, KS=0.319111, loglik=-2647.13, AIC=5296.25, BIC=5301.04

ΔAIC / ΔBIC
truncated: ΔAIC = 0 ΔBIC = 0
powerlaw: ΔAIC = 5.17608 ΔBIC = 5.17608
shifted_exp: ΔAIC = 1034.28 ΔBIC = 1034.28
",truncated,1.71730375289917,True,,truncated,1.71730375289917,2.0512797605655,420.835565328598,,0.024901992650127047,4261.973340616479,4266.760057567084,-2129.9866703082394,886,True,,shifted_exp,1.71730375289917,0.13700651473578307,,,0.31911129747874134,5296.251892202496,5301.038609153101,-2647.125946101248,886,-1034.2785515860169
/home/hpc/Desktop/resonant_swarm_runs/position_records/N300/kappa_2p5/okappa_3/pos_rep14_seed30000014.npz,300,2.5,3.0,14,30000014,com,-1,com,0.41220696568489074,0.2709430754184723,0.2027013748884201,3256,3256,True,,"Model comparison
----------------
truncated: xmin=1.85031, alpha=2.06337, xc=225.31, p=nan, KS=0.0272075, loglik=-2075.81, AIC=4153.62, BIC=4158.37
powerlaw: xmin=1.85031, alpha=2.09753, xc=nan, p=nan, KS=0.0318483, loglik=-2080.58, AIC=4163.16, BIC=4167.91
shifted_exp: xmin=1.85031, alpha=0.149376, xc=nan, p=nan, KS=0.310422, loglik=-2480.6, AIC=4963.2, BIC=4967.95

ΔAIC / ΔBIC
truncated: ΔAIC = 0 ΔBIC = 0
powerlaw: ΔAIC = 9.54425 ΔBIC = 9.54425
shifted_exp: ΔAIC = 809.584 ΔBIC = 809.584
",truncated,1.8503097295761108,True,,truncated,1.8503097295761108,2.0633731515084985,225.30967292189598,,0.02720747716221404,4153.618780823393,4158.36988229233,-2075.8093904116963,855,True,,shifted_exp,1.8503097295761108,0.14937607405506398,,,0.31042248307445763,4963.202763852175,4967.953865321112,-2480.6013819260875,855,-809.5839830287823
/home/hpc/Desktop/resonant_swarm_runs/position_records/N300/kappa_2p5/okappa_3/pos_rep15_seed30000015.npz,300,2.5,3.0,15,30000015,com,-1,com,0.4159195989370346,0.28835347294807434,0.289055198431015,3037,3037,True,,"Model comparison
----------------
truncated: xmin=2.23575, alpha=2.03803, xc=1297.3, p=nan, KS=0.0258724, loglik=-1765.32, AIC=3532.63, BIC=3537.11
powerlaw: xmin=2.23575, alpha=2.0474, xc=nan, p=nan, KS=0.0235833, loglik=-1766.17, AIC=3534.34, BIC=3538.82
shifted_exp: xmin=2.23575, alpha=0.0878032, xc=nan, p=nan, KS=0.383583, loglik=-2234.66, AIC=4471.32, BIC=4475.8

ΔAIC / ΔBIC
truncated: ΔAIC = 0 ΔBIC = 0
powerlaw: ΔAIC = 1.71034 ΔBIC = 1.71034
shifted_exp: ΔAIC = 938.687 ΔBIC = 938.687
",truncated,2.23574897646904,True,,truncated,2.23574897646904,2.038025224740512,1297.3023834228516,,0.025872448098164802,3532.633187789532,3537.1116974317406,-1765.316593894766,651,True,,shifted_exp,2.23574897646904,0.08780319565368602,,,0.38358261031957264,4471.319911411664,4475.7984210538725,-2234.659955705832,651,-938.6867236221324
/home/hpc/Desktop/resonant_swarm_runs/position_records/N300/kappa_2p5/okappa_3/pos_rep16_seed30000016.npz,300,2.5,3.0,16,30000016,com,-1,com,0.40485174357891085,0.26749348640441895,0.2098706215620041,3236,3236,True,,"Model comparison
----------------
truncated: xmin=2.14305, alpha=2.05697, xc=290.053, p=nan, KS=0.0211028, loglik=-1823.79, AIC=3649.57, BIC=3654.13
powerlaw: xmin=2.14305, alpha=2.0887, xc=nan, p=nan, KS=0.0195238, loglik=-1827.43, AIC=3656.85, BIC=3661.41
shifted_exp: xmin=2.14305, alpha=0.123808, xc=nan, p=nan, KS=0.313379, loglik=-2174.67, AIC=4351.34, BIC=4355.9

ΔAIC / ΔBIC
truncated: ΔAIC = 0 ΔBIC = 0
powerlaw: ΔAIC = 7.27777 ΔBIC = 7.27777
shifted_exp: ΔAIC = 701.768 ΔBIC = 701.768
",truncated,2.1430543959140778,True,,truncated,2.1430543959140778,2.0569738039028014,290.0525234043598,,0.021102818954170877,3649.5732873538436,3654.130065710002,-1823.7866436769218,704,True,,shifted_exp,2.1430543959140778,0.1238082673102335,,,0.3133792943019119,4351.341767085002,4355.89854544116,-2174.670883542501,704,-701.7684797311585
/home/hpc/Desktop/resonant_swarm_runs/position_records/N300/kappa_2p5/okappa_3/pos_rep17_seed30000017.npz,300,2.5,3.0,17,30000017,com,-1,com,0.40051272809505467,0.2642021179199219,0.19956186413764954,3549,3549,True,,"Model comparison
----------------
truncated: xmin=3.08823, alpha=2.16852, xc=347.102, p=nan, KS=0.0205134, loglik=-1402.3, AIC=2806.6, BIC=2810.82
powerlaw: xmin=3.08823, alpha=2.1951, xc=nan, p=nan, KS=0.0259607, loglik=-1404.2, AIC=2810.4, BIC=2814.62
shifted_exp: xmin=3.08823, alpha=0.115402, xc=nan, p=nan, KS=0.275926, loglik=-1592.31, AIC=3186.61, BIC=3190.83

ΔAIC / ΔBIC
truncated: ΔAIC = 0 ΔBIC = 0
powerlaw: ΔAIC = 3.80189 ΔBIC = 3.80189
shifted_exp: ΔAIC = 380.013 ΔBIC = 380.013
",truncated,3.0882265269756317,True,,truncated,3.0882265269756317,2.1685225923309606,347.1018914580345,,0.020513443183594993,2806.5984690593796,2810.821045327451,-1402.2992345296898,504,True,,shifted_exp,3.0882265269756317,0.11540158308760305,,,0.27592555224933757,3186.6119043926847,3190.834480660756,-1592.3059521963423,504,-380.0134353333051
/home/hpc/Desktop/resonant_swarm_runs/position_records/N300/kappa_2p5/okappa_3/pos_rep18_seed30000018.npz,300,2.5,3.0,18,30000018,com,-1,com,0.41097283363342285,0.27649787068367004,0.24300603568553925,3072,3072,True,,"Model comparison
----------------
truncated: xmin=1.91536, alpha=2.03259, xc=560.677, p=nan, KS=0.0260066, loglik=-1951.18, AIC=3904.36, BIC=3909
powerlaw: xmin=1.91536, alpha=2.05012, xc=nan, p=nan, KS=0.0253266, loglik=-1953.25, AIC=3908.5, BIC=3913.14
shifted_exp: xmin=1.91536, alpha=0.115573, xc=nan, p=nan, KS=0.356631, loglik=-2415.76, AIC=4833.51, BIC=4838.15

ΔAIC / ΔBIC
truncated: ΔAIC = 0 ΔBIC = 0
powerlaw: ΔAIC = 4.13409 ΔBIC = 4.13409
shifted_exp: ΔAIC = 929.149 ΔBIC = 929.149
",truncated,1.9153598546981812,True,,truncated,1.9153598546981812,2.0325907417006275,560.676906734705,,0.026006552717826814,3904.364549111794,3909.0044249456205,-1951.182274555897,765,True,,shifted_exp,1.9153598546981812,0.11557314131719072,,,0.3566312589453582,4833.513087667782,4838.152963501609,-2415.756543833891,765,-929.1485385559881
/home/hpc/Desktop/resonant_swarm_runs/position_records/N300/kappa_2p5/okappa_3/pos_rep19_seed30000019.npz,300,2.5,3.0,19,30000019,com,-1,com,0.4159458726644516,0.2966865003108978,0.34981244802474976,3105,3105,True,,"Model comparison
----------------
truncated: xmin=1.93881, alpha=2.02863, xc=908.651, p=nan, KS=0.0289649, loglik=-1858.94, AIC=3719.89, BIC=3724.47
powerlaw: xmin=1.93881, alpha=2.04042, xc=nan, p=nan, KS=0.0279134, loglik=-1860.19, AIC=3722.37, BIC=3726.95
shifted_exp: xmin=1.93881, alpha=0.0849011, xc=nan, p=nan, KS=0.41875, loglik=-2495.71, AIC=4993.43, BIC=4998.01

ΔAIC / ΔBIC
truncated: ΔAIC = 0 ΔBIC = 0
powerlaw: ΔAIC = 2.48559 ΔBIC = 2.48559
shifted_exp: ΔAIC = 1273.54 ΔBIC = 1273.54
",truncated,1.9388129711151123,True,,truncated,1.9388129711151123,2.0286273776697623,908.6512803733349,,0.028964934360374173,3719.8877646958244,3724.4670159078346,-1858.9438823479122,720,True,,shifted_exp,1.9388129711151123,0.08490111558154106,,,0.41874967876893976,4993.425985957304,4998.005237169314,-2495.712992978652,720,-1273.5382212614795
/home/hpc/Desktop/resonant_swarm_runs/position_records/N400/kappa_2p5/okappa_3/pos_rep00_seed40000000.npz,400,2.5,3.0,0,40000000,com,-1,com,0.37102982401847845,0.25106072425842285,0.23202519118785858,2996,2996,True,,"Model comparison
----------------
truncated: xmin=1.62339, alpha=2.04189, xc=461.801, p=nan, KS=0.0237951, loglik=-1887.62, AIC=3777.23, BIC=3781.91
powerlaw: xmin=1.62339, alpha=2.05924, xc=nan, p=nan, KS=0.026182, loglik=-1889.72, AIC=3781.45, BIC=3786.13
shifted_exp: xmin=1.62339, alpha=0.126505, xc=nan, p=nan, KS=0.374344, loglik=-2444.78, AIC=4891.56, BIC=4896.24

ΔAIC / ΔBIC
truncated: ΔAIC = 0 ΔBIC = 0
powerlaw: ΔAIC = 4.21245 ΔBIC = 4.21245
shifted_exp: ΔAIC = 1114.32 ΔBIC = 1114.32
",truncated,1.6233869791030884,True,,truncated,1.6233869791030884,2.0418855790331762,461.80139926075935,,0.02379511407403731,3777.233010691157,3781.913865369947,-1887.6165053455784,797,True,,shifted_exp,1.6233869791030884,0.12650461482775743,,,0.3743439849414404,4891.557526061247,4896.238380740037,-2444.7787630306234,797,-1114.32451537009
/home/hpc/Desktop/resonant_swarm_runs/position_records/N400/kappa_2p5/okappa_3/pos_rep01_seed40000001.npz,400,2.5,3.0,1,40000001,com,-1,com,0.3644845217466355,0.24200497567653656,0.19131503999233246,3187,3187,True,,"Model comparison
----------------
truncated: xmin=1.65802, alpha=2.04038, xc=291.598, p=nan, KS=0.0303699, loglik=-1825.37, AIC=3652.74, BIC=3657.39
powerlaw: xmin=1.65802, alpha=2.06699, xc=nan, p=nan, KS=0.0329008, loglik=-1828.68, AIC=3659.37, BIC=3664.01
shifted_exp: xmin=1.65802, alpha=0.142249, xc=nan, p=nan, KS=0.346894, loglik=-2268.69, AIC=4539.38, BIC=4544.02

ΔAIC / ΔBIC
truncated: ΔAIC = 0 ΔBIC = 0
powerlaw: ΔAIC = 6.62755 ΔBIC = 6.62755
shifted_exp: ΔAIC = 886.634 ΔBIC = 886.634
",truncated,1.658020943403244,True,,truncated,1.658020943403244,2.0403819526729876,291.59786957502365,,0.03036991408170056,3652.7420872363464,3657.387178205852,-1825.3710436181732,769,True,,shifted_exp,1.658020943403244,0.1422485376226333,,,0.3468940824669484,4539.3760500240205,4544.021140993526,-2268.6880250120103,769,-886.6339627876741
/home/hpc/Desktop/resonant_swarm_runs/position_records/N400/kappa_2p5/okappa_3/pos_rep02_seed40000002.npz,400,2.5,3.0,2,40000002,com,-1,com,0.3557141721248627,0.23673629760742188,0.18412484228610992,3199,3199,True,,"Model comparison
----------------
truncated: xmin=1.64632, alpha=2.08167, xc=340.862, p=nan, KS=0.0238579, loglik=-1739.18, AIC=3480.36, BIC=3484.98
powerlaw: xmin=1.64632, alpha=2.10159, xc=nan, p=nan, KS=0.0258583, loglik=-1741.41, AIC=3484.83, BIC=3489.45
shifted_exp: xmin=1.64632, alpha=0.142959, xc=nan, p=nan, KS=0.35558, loglik=-2220.68, AIC=4443.36, BIC=4447.98

ΔAIC / ΔBIC
truncated: ΔAIC = 0 ΔBIC = 0
powerlaw: ΔAIC = 4.4696 ΔBIC = 4.4696
shifted_exp: ΔAIC = 962.998 ΔBIC = 962.998
",truncated,1.6463194787502289,True,,truncated,1.6463194787502289,2.081672690746929,340.8618443906307,,0.023857931443513385,3480.358219948465,3484.9836123164728,-1739.1791099742325,754,True,,shifted_exp,1.6463194787502289,0.14295912580780332,,,0.3555799030365451,4443.356356823157,4447.981749191164,-2220.6781784115783,754,-962.9981368746917
/home/hpc/Desktop/resonant_swarm_runs/position_records/N400/kappa_2p5/okappa_3/pos_rep03_seed40000003.npz,400,2.5,3.0,3,40000003,com,-1,com,0.3671145200729371,0.24898238480091095,0.23150718212127686,3309,3309,True,,"Model comparison
----------------
truncated: xmin=1.52275, alpha=2.10598, xc=685.609, p=nan, KS=0.022639, loglik=-1931.84, AIC=3865.68, BIC=3870.46
powerlaw: xmin=1.52275, alpha=2.11475, xc=nan, p=nan, KS=0.0236253, loglik=-1932.83, AIC=3867.66, BIC=3872.44
shifted_exp: xmin=1.52275, alpha=0.148162, xc=nan, p=nan, KS=0.360005, loglik=-2545.77, AIC=5093.54, BIC=5098.31

ΔAIC / ΔBIC
truncated: ΔAIC = 0 ΔBIC = 0
powerlaw: ΔAIC = 1.98087 ΔBIC = 1.98087
shifted_exp: ΔAIC = 1227.86 ΔBIC = 1227.86
",truncated,1.5227497518062592,True,,truncated,1.5227497518062592,2.105983784575523,685.6087066829205,,0.02263897256729272,3865.682757460854,3870.4569813472117,-1931.841378730427,875,True,,shifted_exp,1.5227497518062592,0.14816181654544427,,,0.36000525373871806,5093.537933052439,5098.312156938797,-2545.7689665262196,875,-1227.855175591585
/home/hpc/Desktop/resonant_swarm_runs/position_records/N400/kappa_2p5/okappa_3/pos_rep04_seed40000004.npz,400,2.5,3.0,4,40000004,com,-1,com,0.35842018425464633,0.24014325439929962,0.21233585476875305,3249,3249,True,,"Model comparison
----------------
truncated: xmin=2.44035, alpha=2.14344, xc=406.745, p=nan, KS=0.0197118, loglik=-1439.34, AIC=2880.68, BIC=2885
powerlaw: xmin=2.44035, alpha=2.1631, xc=nan, p=nan, KS=0.023619, loglik=-1440.86, AIC=2883.72, BIC=2888.04
shifted_exp: xmin=2.44035, alpha=0.113263, xc=nan, p=nan, KS=0.313316, loglik=-1760.64, AIC=3523.27, BIC=3527.59

ΔAIC / ΔBIC
truncated: ΔAIC = 0 ΔBIC = 0
powerlaw: ΔAIC = 3.03584 ΔBIC = 3.03584
shifted_exp: ΔAIC = 642.588 ΔBIC = 642.588
",truncated,2.4403520822525024,True,,truncated,2.4403520822525024,2.143443990472362,406.74503910541534,,0.019711796710928597,2880.682769822606,2884.9999345093534,-1439.341384911303,554,True,,shifted_exp,2.4403520822525024,0.1132630360355944,,,0.3133161580008652,3523.2709933396277,3527.588158026375,-1760.6354966698138,554,-642.5882235170216
/home/hpc/Desktop/resonant_swarm_runs/position_records/N400/kappa_2p5/okappa_3/pos_rep05_seed40000005.npz,400,2.5,3.0,5,40000005,com,-1,com,0.36524474918842326,0.24464555084705353,0.20334762334823608,3307,3307,True,,"Model comparison
----------------
truncated: xmin=1.65558, alpha=2.10213, xc=427.692, p=nan, KS=0.03109, loglik=-1831.37, AIC=3664.75, BIC=3669.43
powerlaw: xmin=1.65558, alpha=2.11718, xc=nan, p=nan, KS=0.0305567, loglik=-1833.06, AIC=3668.12, BIC=3672.81
shifted_exp: xmin=1.65558, alpha=0.147563, xc=nan, p=nan, KS=0.357799, loglik=-2333.71, AIC=4669.42, BIC=4674.11

ΔAIC / ΔBIC
truncated: ΔAIC = 0 ΔBIC = 0
powerlaw: ΔAIC = 3.37389 ΔBIC = 3.37389
shifted_exp: ΔAIC = 1004.68 ΔBIC = 1004.68
",truncated,1.6555842161178589,True,,truncated,1.6555842161178589,2.102130729746254,427.6922037303448,,0.03109000788571825,3664.7458076383073,3669.4316685853755,-1831.3729038191536,801,True,,shifted_exp,1.6555842161178589,0.14756334474594057,,,0.357799373403761,4669.423378658774,4674.109239605842,-2333.711689329387,801,-1004.6775710204665
/home/hpc/Desktop/resonant_swarm_runs/position_records/N400/kappa_2p5/okappa_3/pos_rep06_seed40000006.npz,400,2.5,3.0,6,40000006,com,-1,com,0.3613404631614685,0.23830612003803253,0.18124407529830933,3349,3349,True,,"Model comparison
----------------
truncated: xmin=2.66773, alpha=2.22071, xc=493.933, p=nan, KS=0.0224513, loglik=-1356.8, AIC=2715.59, BIC=2719.86
powerlaw: xmin=2.66773, alpha=2.23416, xc=nan, p=nan, KS=0.0219688, loglik=-1357.66, AIC=2717.33, BIC=2721.59
shifted_exp: xmin=2.66773, alpha=0.123568, xc=nan, p=nan, KS=0.312261, loglik=-1625.85, AIC=3253.69, BIC=3257.96

ΔAIC / ΔBIC
truncated: ΔAIC = 0 ΔBIC = 0
powerlaw: ΔAIC = 1.73347 ΔBIC = 1.73347
shifted_exp: ΔAIC = 538.099 ΔBIC = 538.099
",truncated,2.6677260994911194,True,,truncated,2.6677260994911194,2.2207125818147135,493.93303620815277,,0.02245130798513839,2715.594433253731,2719.8597344664686,-1356.7972166268655,526,True,,shifted_exp,2.6677260994911194,0.12356805281274265,,,0.312261348392718,3253.6933282244745,3257.958629437212,-1625.8466641122372,526,-538.0988949707435
/home/hpc/Desktop/resonant_swarm_runs/position_records/N400/kappa_2p5/okappa_3/pos_rep07_seed40000007.npz,400,2.5,3.0,7,40000007,com,-1,com,0.3802208542823792,0.2517326772212982,0.20572033524513245,2967,2967,True,,"Model comparison
----------------
truncated: xmin=2.02739, alpha=2.01311, xc=302.444, p=nan, KS=0.0210124, loglik=-1733.59, AIC=3469.18, BIC=3473.68
powerlaw: xmin=2.02739, alpha=2.04664, xc=nan, p=nan, KS=0.024716, loglik=-1737.43, AIC=3476.85, BIC=3481.35
shifted_exp: xmin=2.02739, alpha=0.116293, xc=nan, p=nan, KS=0.324936, loglik=-2092.69, AIC=4187.38, BIC=4191.88

ΔAIC / ΔBIC
truncated: ΔAIC = 0 ΔBIC = 0
powerlaw: ΔAIC = 7.66664 ΔBIC = 7.66664
shifted_exp: ΔAIC = 718.197 ΔBIC = 718.197
",truncated,2.027389019727707,True,,truncated,2.027389019727707,2.0131112721634064,302.44382405281067,,0.021012428008189254,3469.1845436045846,3473.682825754061,-1733.5922718022923,664,True,,shifted_exp,2.027389019727707,0.11629299309104613,,,0.3249357909428888,4187.38119995389,4191.879482103367,-2092.690599976945,664,-718.1966563493056
/home/hpc/Desktop/resonant_swarm_runs/position_records/N400/kappa_2p5/okappa_3/pos_rep08_seed40000008.npz,400,2.5,3.0,8,40000008,com,-1,com,0.370033597946167,0.24276892840862274,0.18481938540935516,3206,3206,True,,"Model comparison
----------------
truncated: xmin=1.92112, alpha=2.06732, xc=221.569, p=nan, KS=0.0322015, loglik=-1726.67, AIC=3455.34, BIC=3459.9
powerlaw: xmin=1.92112, alpha=2.10274, xc=nan, p=nan, KS=0.036612, loglik=-1730.74, AIC=3463.48, BIC=3468.04
shifted_exp: xmin=1.92112, alpha=0.139176, xc=nan, p=nan, KS=0.329582, loglik=-2089.33, AIC=4180.66, BIC=4185.21

ΔAIC / ΔBIC
truncated: ΔAIC = 0 ΔBIC = 0
powerlaw: ΔAIC = 8.14234 ΔBIC = 8.14234
shifted_exp: ΔAIC = 725.315 ΔBIC = 725.315
",truncated,1.9211219549179077,True,,truncated,1.9211219549179077,2.067324150289716,221.5688814818859,,0.03220150005861533,3455.342656746061,3459.898013637872,-1726.6713283730305,703,True,,shifted_exp,1.9211219549179077,0.13917572359896316,,,0.32958190890755534,4180.657231687807,4185.212588579618,-2089.3286158439037,703,-725.3145749417463
/home/hpc/Desktop/resonant_swarm_runs/position_records/N400/kappa_2p5/okappa_3/pos_rep09_seed40000009.npz,400,2.5,3.0,9,40000009,com,-1,com,0.371583965420723,0.2478213608264923,0.20780472457408905,3097,3097,True,,"Model comparison
----------------
truncated: xmin=1.98515, alpha=2.02911, xc=307.999, p=nan, KS=0.0209136, loglik=-1734.52, AIC=3471.04, BIC=3475.55
powerlaw: xmin=1.98515, alpha=2.0599, xc=nan, p=nan, KS=0.0158677, loglik=-1738, AIC=3478, BIC=3482.52
shifted_exp: xmin=1.98515, alpha=0.123677, xc=nan, p=nan, KS=0.320257, loglik=-2088.9, AIC=4179.79, BIC=4184.31

ΔAIC / ΔBIC
truncated: ΔAIC = 0 ΔBIC = 0
powerlaw: ΔAIC = 6.96326 ΔBIC = 6.96326
shifted_exp: ΔAIC = 708.757 ΔBIC = 708.757
",truncated,1.9851494133472443,True,,truncated,1.9851494133472443,2.029107311913219,307.9987913966179,,0.020913624535367492,3471.03744735104,3475.553640427083,-1734.51872367552,676,True,,shifted_exp,1.9851494133472443,0.12367667369444683,,,0.3202571884632045,4179.794364266487,4184.31055734253,-2088.8971821332434,676,-708.7569169154467
/home/hpc/Desktop/resonant_swarm_runs/position_records/N400/kappa_2p5/okappa_3/pos_rep10_seed40000010.npz,400,2.5,3.0,10,40000010,com,-1,com,0.3715675055980683,0.2508520483970642,0.22468456625938416,3115,3115,True,,"Model comparison
----------------
truncated: xmin=1.98799, alpha=2.13141, xc=670.211, p=nan, KS=0.0135053, loglik=-1702.72, AIC=3407.43, BIC=3411.98
powerlaw: xmin=1.98799, alpha=2.1418, xc=nan, p=nan, KS=0.0144877, loglik=-1703.66, AIC=3409.31, BIC=3413.86
shifted_exp: xmin=1.98799, alpha=0.123999, xc=nan, p=nan, KS=0.344627, loglik=-2164.32, AIC=4330.65, BIC=4335.2

ΔAIC / ΔBIC
truncated: ΔAIC = 0 ΔBIC = 0
powerlaw: ΔAIC = 1.87831 ΔBIC = 1.87831
shifted_exp: ΔAIC = 923.217 ΔBIC = 923.217
",truncated,1.9879851043224335,True,,truncated,1.9879851043224335,2.131408631279065,670.2106968164444,,0.013505325855342476,3407.431755594282,3411.9842634813167,-1702.715877797141,701,True,,shifted_exp,1.9879851043224335,0.12399909313508498,,,0.3446270249861253,4330.64839961647,4335.200907503504,-2164.324199808235,701,-923.2166440221877
/home/hpc/Desktop/resonant_swarm_runs/position_records/N400/kappa_2p5/okappa_3/pos_rep11_seed40000011.npz,400,2.5,3.0,11,40000011,com,-1,com,0.35912442207336426,0.23199144005775452,0.1547711193561554,3451,3451,True,,"Model comparison
----------------
truncated: xmin=2.4666, alpha=2.16532, xc=180.383, p=nan, KS=0.0191948, loglik=-1467.13, AIC=2936.26, BIC=2940.62
powerlaw: xmin=2.4666, alpha=2.20617, xc=nan, p=nan, KS=0.0249226, loglik=-1470.69, AIC=2943.39, BIC=2947.75
shifted_exp: xmin=2.4666, alpha=0.153011, xc=nan, p=nan, KS=0.247576, loglik=-1663.05, AIC=3328.1, BIC=3332.46

ΔAIC / ΔBIC
truncated: ΔAIC = 0 ΔBIC = 0
powerlaw: ΔAIC = 7.12256 ΔBIC = 7.12256
shifted_exp: ΔAIC = 391.831 ΔBIC = 391.831
",truncated,2.4665966629981995,True,,truncated,2.4665966629981995,2.1653243989007263,180.38297778367996,,0.019194789396247025,2936.264985771436,2940.624559640108,-1467.132492885718,578,True,,shifted_exp,2.4665966629981995,0.15301093136446234,,,0.2475756940596623,3328.096275792548,3332.4558496612203,-1663.048137896274,578,-391.8312900211122
/home/hpc/Desktop/resonant_swarm_runs/position_records/N400/kappa_2p5/okappa_3/pos_rep12_seed40000012.npz,400,2.5,3.0,12,40000012,com,-1,com,0.365086042881012,0.24229590594768524,0.1893634796142578,3281,3281,True,,"Model comparison
----------------
truncated: xmin=1.92853, alpha=2.15296, xc=366.383, p=nan, KS=0.023044, loglik=-1729.23, AIC=3460.46, BIC=3465.06
powerlaw: xmin=1.92853, alpha=2.16969, xc=nan, p=nan, KS=0.0239956, loglik=-1730.89, AIC=3463.78, BIC=3468.38
shifted_exp: xmin=1.92853, alpha=0.150769, xc=nan, p=nan, KS=0.326887, loglik=-2125.62, AIC=4253.25, BIC=4257.85

ΔAIC / ΔBIC
truncated: ΔAIC = 0 ΔBIC = 0
powerlaw: ΔAIC = 3.32014 ΔBIC = 3.32014
shifted_exp: ΔAIC = 792.791 ΔBIC = 792.791
",truncated,1.928534597158432,True,,truncated,1.928534597158432,2.152955783612764,366.38346883654594,,0.023043970300454387,3460.4588669191317,3465.0587374183447,-1729.2294334595658,735,True,,shifted_exp,1.928534597158432,0.15076897485955165,,,0.32688705304796606,4253.249674923582,4257.849545422794,-2125.624837461791,735,-792.7908080044499
/home/hpc/Desktop/resonant_swarm_runs/position_records/N400/kappa_2p5/okappa_3/pos_rep13_seed40000013.npz,400,2.5,3.0,13,40000013,com,-1,com,0.35745530724525454,0.24202483892440796,0.22684405744075775,3369,3369,True,,"Model comparison
----------------
truncated: xmin=1.88873, alpha=2.14488, xc=329.615, p=nan, KS=0.0209403, loglik=-1702.07, AIC=3406.14, BIC=3410.73
powerlaw: xmin=1.88873, alpha=2.16358, xc=nan, p=nan, KS=0.0208481, loglik=-1703.95, AIC=3409.9, BIC=3414.49
shifted_exp: xmin=1.88873, alpha=0.139614, xc=nan, p=nan, KS=0.343997, loglik=-2158.37, AIC=4318.74, BIC=4323.33

ΔAIC / ΔBIC
truncated: ΔAIC = 0 ΔBIC = 0
powerlaw: ΔAIC = 3.75942 ΔBIC = 3.75942
shifted_exp: ΔAIC = 912.599 ΔBIC = 912.599
",truncated,1.888726383447647,True,,truncated,1.888726383447647,2.144880056462223,329.61450657248497,,0.020940318929497437,3406.1437383216753,3410.732664799209,-1702.0718691608377,727,True,,shifted_exp,1.888726383447647,0.13961394841235286,,,0.3439966290844484,4318.743052850996,4323.331979328529,-2158.371526425498,727,-912.5993145293205
/home/hpc/Desktop/resonant_swarm_runs/position_records/N400/kappa_2p5/okappa_3/pos_rep14_seed40000014.npz,400,2.5,3.0,14,40000014,com,-1,com,0.36442190706729893,0.24205821752548218,0.20680083334445953,3187,3187,True,,"Model comparison
----------------
truncated: xmin=1.68114, alpha=2.11393, xc=547.098, p=nan, KS=0.0273233, loglik=-1819.15, AIC=3640.31, BIC=3644.99
powerlaw: xmin=1.68114, alpha=2.12547, xc=nan, p=nan, KS=0.0274239, loglik=-1820.38, AIC=3642.76, BIC=3647.43
shifted_exp: xmin=1.68114, alpha=0.148528, xc=nan, p=nan, KS=0.350485, loglik=-2311.05, AIC=4624.1, BIC=4628.78

ΔAIC / ΔBIC
truncated: ΔAIC = 0 ΔBIC = 0
powerlaw: ΔAIC = 2.4453 ΔBIC = 2.4453
shifted_exp: ΔAIC = 983.788 ΔBIC = 983.788
",truncated,1.6811417043209076,True,,truncated,1.6811417043209076,2.1139263610236148,547.0978403091431,,0.027323273454136543,3640.3097920193622,3644.9881341340165,-1819.1548960096811,795,True,,shifted_exp,1.6811417043209076,0.1485283187363368,,,0.35048544644130497,4624.097628170573,4628.775970285228,-2311.0488140852867,795,-983.7878361512112
/home/hpc/Desktop/resonant_swarm_runs/position_records/N400/kappa_2p5/okappa_3/pos_rep15_seed40000015.npz,400,2.5,3.0,15,40000015,com,-1,com,0.36025632023811344,0.24434836208820343,0.24750807881355286,3333,3333,True,,"Model comparison
----------------
truncated: xmin=1.88953, alpha=2.14099, xc=1072.43, p=nan, KS=0.0208697, loglik=-1630.81, AIC=3263.61, BIC=3268.14
powerlaw: xmin=1.88953, alpha=2.14697, xc=nan, p=nan, KS=0.0205042, loglik=-1631.29, AIC=3264.58, BIC=3269.12
shifted_exp: xmin=1.88953, alpha=0.125123, xc=nan, p=nan, KS=0.371177, loglik=-2117.98, AIC=4237.96, BIC=4242.49

ΔAIC / ΔBIC
truncated: ΔAIC = 0 ΔBIC = 0
powerlaw: ΔAIC = 0.97313 ΔBIC = 0.97313
shifted_exp: ΔAIC = 974.347 ΔBIC = 974.347
",truncated,1.8895327150821686,True,,truncated,1.8895327150821686,2.1409880477899765,1072.425498098135,,0.02086973418463345,3263.610834895788,3268.1446237337213,-1630.805417447894,688,True,,shifted_exp,1.8895327150821686,0.12512304901648438,,,0.371176707532636,4237.957704031967,4242.491492869901,-2117.9788520159836,688,-974.3468691361795
/home/hpc/Desktop/resonant_swarm_runs/position_records/N400/kappa_2p5/okappa_3/pos_rep16_seed40000016.npz,400,2.5,3.0,16,40000016,com,-1,com,0.3617477089166642,0.24229873716831207,0.19907112419605255,3297,3297,True,,"Model comparison
----------------
truncated: xmin=1.46854, alpha=2.11096, xc=446.557, p=nan, KS=0.0304598, loglik=-2052.84, AIC=4107.68, BIC=4112.54
powerlaw: xmin=1.46854, alpha=2.12342, xc=nan, p=nan, KS=0.0334929, loglik=-2054.44, AIC=4110.88, BIC=4115.74
shifted_exp: xmin=1.46854, alpha=0.177064, xc=nan, p=nan, KS=0.318753, loglik=-2600.14, AIC=5202.28, BIC=5207.14

ΔAIC / ΔBIC
truncated: ΔAIC = 0 ΔBIC = 0
powerlaw: ΔAIC = 3.20509 ΔBIC = 3.20509
shifted_exp: ΔAIC = 1094.61 ΔBIC = 1094.61
",truncated,1.468535304069519,True,,truncated,1.468535304069519,2.110955349722738,446.5569996535778,,0.03045978680675876,4107.676941592623,4112.535506627414,-2052.8384707963114,952,True,,shifted_exp,1.468535304069519,0.17706446697317457,,,0.31875346472572075,5202.283611382742,5207.142176417533,-2600.141805691371,952,-1094.6066697901188
/home/hpc/Desktop/resonant_swarm_runs/position_records/N400/kappa_2p5/okappa_3/pos_rep17_seed40000017.npz,400,2.5,3.0,17,40000017,com,-1,com,0.3661096453666687,0.24729959666728973,0.22594724595546722,3303,3303,True,,"Model comparison
----------------
truncated: xmin=2.07736, alpha=2.14358, xc=659.909, p=nan, KS=0.0230892, loglik=-1574.81, AIC=3151.62, BIC=3156.09
powerlaw: xmin=2.07736, alpha=2.15406, xc=nan, p=nan, KS=0.0242381, loglik=-1575.67, AIC=3153.34, BIC=3157.8
shifted_exp: xmin=2.07736, alpha=0.120602, xc=nan, p=nan, KS=0.350736, loglik=-2000, AIC=4002, BIC=4006.46

ΔAIC / ΔBIC
truncated: ΔAIC = 0 ΔBIC = 0
powerlaw: ΔAIC = 1.71542 ΔBIC = 1.71542
shifted_exp: ΔAIC = 850.376 ΔBIC = 850.376
",truncated,2.0773594081401825,True,,truncated,2.0773594081401825,2.143583109146121,659.908940911293,,0.023089151741809505,3151.620835390112,3156.085423693802,-1574.810417695056,642,True,,shifted_exp,2.0773594081401825,0.1206016639374718,,,0.3507359374045721,4001.996661749771,4006.4612500534613,-1999.9983308748856,642,-850.3758263596592
/home/hpc/Desktop/resonant_swarm_runs/position_records/N400/kappa_2p5/okappa_3/pos_rep18_seed40000018.npz,400,2.5,3.0,18,40000018,com,-1,com,0.3590722471475602,0.23776692152023315,0.1836542934179306,3532,3532,True,,"Model comparison
----------------
truncated: xmin=1.99815, alpha=2.15909, xc=227.554, p=nan, KS=0.0175658, loglik=-1638.36, AIC=3278.71, BIC=3283.26
powerlaw: xmin=1.99815, alpha=2.18612, xc=nan, p=nan, KS=0.0215979, loglik=-1641.05, AIC=3284.1, BIC=3288.64
shifted_exp: xmin=1.99815, alpha=0.156148, xc=nan, p=nan, KS=0.293275, loglik=-1982.72, AIC=3967.45, BIC=3971.99

ΔAIC / ΔBIC
truncated: ΔAIC = 0 ΔBIC = 0
powerlaw: ΔAIC = 5.38415 ΔBIC = 5.38415
shifted_exp: ΔAIC = 688.735 ΔBIC = 688.735
",truncated,1.9981473088264465,True,,truncated,1.9981473088264465,2.159091921435665,227.553823441267,,0.01756584275783013,3278.713352898575,3283.2558248590817,-1638.3566764492875,694,True,,shifted_exp,1.9981473088264465,0.15614794903863816,,,0.2932752241337917,3967.4484458986212,3971.990917859128,-1982.7242229493106,694,-688.7350930000462
/home/hpc/Desktop/resonant_swarm_runs/position_records/N400/kappa_2p5/okappa_3/pos_rep19_seed40000019.npz,400,2.5,3.0,19,40000019,com,-1,com,0.37231315076351174,0.24554909765720367,0.1835634410381317,3250,3250,True,,"Model comparison
----------------
truncated: xmin=1.7275, alpha=2.08879, xc=228.301, p=nan, KS=0.0245071, loglik=-1894.76, AIC=3791.53, BIC=3796.23
powerlaw: xmin=1.7275, alpha=2.11809, xc=nan, p=nan, KS=0.028104, loglik=-1898.48, AIC=3798.97, BIC=3803.67
shifted_exp: xmin=1.7275, alpha=0.159881, xc=nan, p=nan, KS=0.309167, loglik=-2309.16, AIC=4620.32, BIC=4625.02

ΔAIC / ΔBIC
truncated: ΔAIC = 0 ΔBIC = 0
powerlaw: ΔAIC = 7.44393 ΔBIC = 7.44393
shifted_exp: ΔAIC = 828.795 ΔBIC = 828.795
",truncated,1.7274988889694214,True,,truncated,1.7274988889694214,2.088790510968145,228.3007245361805,,0.024507109203694005,3791.525927475025,3796.229115588266,-1894.7629637375126,815,True,,shifted_exp,1.7274988889694214,0.15988095412178274,,,0.3091670156521442,4620.321017194398,4625.024205307639,-2309.160508597199,815,-828.7950897193732
/home/hpc/Desktop/resonant_swarm_runs/position_records/N500/kappa_2p5/okappa_3/pos_rep00_seed50000000.npz,500,2.5,3.0,0,50000000,com,-1,com,0.3332612097263336,0.22109010815620422,0.17565761506557465,3252,3252,True,,"Model comparison
----------------
truncated: xmin=1.81, alpha=2.13275, xc=378.838, p=nan, KS=0.0250849, loglik=-1574.51, AIC=3151.02, BIC=3155.54
powerlaw: xmin=1.81, alpha=2.14914, xc=nan, p=nan, KS=0.0289178, loglik=-1576.04, AIC=3154.07, BIC=3158.59
shifted_exp: xmin=1.81, alpha=0.149762, xc=nan, p=nan, KS=0.309022, loglik=-1965.32, AIC=3932.65, BIC=3937.17

ΔAIC / ΔBIC
truncated: ΔAIC = 0 ΔBIC = 0
powerlaw: ΔAIC = 3.05173 ΔBIC = 3.05173
shifted_exp: ΔAIC = 781.627 ΔBIC = 781.627
",truncated,1.8099991381168365,True,,truncated,1.8099991381168365,2.1327473568933395,378.83770602941513,,0.025084916265194324,3151.0194315044937,3155.5385787924342,-1574.5097157522468,678,True,,shifted_exp,1.8099991381168365,0.149762167549522,,,0.30902204173478975,3932.646411131541,3937.1655584194814,-1965.3232055657704,678,-781.6269796270471
/home/hpc/Desktop/resonant_swarm_runs/position_records/N500/kappa_2p5/okappa_3/pos_rep01_seed50000001.npz,500,2.5,3.0,1,50000001,com,-1,com,0.3250754326581955,0.21851323544979095,0.1866316795349121,3426,3426,True,,"Model comparison
----------------
truncated: xmin=1.7469, alpha=2.18348, xc=784.408, p=nan, KS=0.0231216, loglik=-1538.96, AIC=3079.93, BIC=3084.47
powerlaw: xmin=1.7469, alpha=2.18973, xc=nan, p=nan, KS=0.0239497, loglik=-1539.46, AIC=3080.91, BIC=3085.45
shifted_exp: xmin=1.7469, alpha=0.15186, xc=nan, p=nan, KS=0.332321, loglik=-1996.28, AIC=3994.56, BIC=3999.1

ΔAIC / ΔBIC
truncated: ΔAIC = 0 ΔBIC = 0
powerlaw: ΔAIC = 0.986347 ΔBIC = 0.986347
shifted_exp: ΔAIC = 914.629 ΔBIC = 914.629
",truncated,1.7469047904014587,True,,truncated,1.7469047904014587,2.183478502845953,784.4084113538265,,0.023121618444193887,3079.9279024384678,3084.4674883940856,-1538.9639512192339,692,True,,shifted_exp,1.7469047904014587,0.15186016555210805,,,0.33232050067847174,3994.556480728358,3999.096066683976,-1996.278240364179,692,-914.6285782898904
/home/hpc/Desktop/resonant_swarm_runs/position_records/N500/kappa_2p5/okappa_3/pos_rep02_seed50000002.npz,500,2.5,3.0,2,50000002,com,-1,com,0.3393930226564408,0.22998695075511932,0.20405152440071106,3215,3215,True,,"Model comparison
----------------
truncated: xmin=1.38807, alpha=2.09484, xc=354.562, p=nan, KS=0.0287401, loglik=-1892.31, AIC=3786.62, BIC=3791.41
powerlaw: xmin=1.38807, alpha=2.11048, xc=nan, p=nan, KS=0.032565, loglik=-1894.29, AIC=3790.57, BIC=3795.36
shifted_exp: xmin=1.38807, alpha=0.162862, xc=nan, p=nan, KS=0.347583, loglik=-2510.85, AIC=5023.69, BIC=5028.49

ΔAIC / ΔBIC
truncated: ΔAIC = 0 ΔBIC = 0
powerlaw: ΔAIC = 3.9549 ΔBIC = 3.9549
shifted_exp: ΔAIC = 1237.08 ΔBIC = 1237.08
",truncated,1.3880656957626343,True,,truncated,1.3880656957626343,2.094843584481995,354.5618922114372,,0.028740069569673676,3786.615192331087,3791.408658463667,-1892.3075961655436,892,True,,shifted_exp,1.3880656957626343,0.16286217818824236,,,0.3475831154044239,5023.694127674034,5028.487593806613,-2510.847063837017,892,-1237.0789353429464
/home/hpc/Desktop/resonant_swarm_runs/position_records/N500/kappa_2p5/okappa_3/pos_rep03_seed50000003.npz,500,2.5,3.0,3,50000003,com,-1,com,0.3475659996271133,0.23365278542041779,0.19770599901676178,3052,3052,True,,"Model comparison
----------------
truncated: xmin=1.58461, alpha=2.05561, xc=938.17, p=nan, KS=0.0210156, loglik=-1689.5, AIC=3381, BIC=3385.59
powerlaw: xmin=1.58461, alpha=2.06411, xc=nan, p=nan, KS=0.0206681, loglik=-1690.33, AIC=3382.67, BIC=3387.25
shifted_exp: xmin=1.58461, alpha=0.129245, xc=nan, p=nan, KS=0.371536, loglik=-2202.29, AIC=4406.58, BIC=4411.16

ΔAIC / ΔBIC
truncated: ΔAIC = 0 ΔBIC = 0
powerlaw: ΔAIC = 1.66713 ΔBIC = 1.66713
shifted_exp: ΔAIC = 1025.57 ΔBIC = 1025.57
",truncated,1.5846072733402252,True,,truncated,1.5846072733402252,2.055610579978128,938.1702023744583,,0.0210155566291206,3381.001615343535,3385.585024565694,-1689.5008076717675,723,True,,shifted_exp,1.5846072733402252,0.12924548581617207,,,0.3715358939314176,4406.576286907591,4411.159696129749,-2202.2881434537953,723,-1025.5746715640557
/home/hpc/Desktop/resonant_swarm_runs/position_records/N500/kappa_2p5/okappa_3/pos_rep04_seed50000004.npz,500,2.5,3.0,4,50000004,com,-1,com,0.34397190511226655,0.23333467543125153,0.21083898842334747,3175,3175,True,,"Model comparison
----------------
truncated: xmin=1.86223, alpha=2.17731, xc=628.041, p=nan, KS=0.0306978, loglik=-1591.67, AIC=3185.34, BIC=3189.88
powerlaw: xmin=1.86223, alpha=2.18591, xc=nan, p=nan, KS=0.0314416, loglik=-1592.38, AIC=3186.77, BIC=3191.31
shifted_exp: xmin=1.86223, alpha=0.13461, xc=nan, p=nan, KS=0.368746, loglik=-2085.73, AIC=4173.46, BIC=4178

ΔAIC / ΔBIC
truncated: ΔAIC = 0 ΔBIC = 0
powerlaw: ΔAIC = 1.43036 ΔBIC = 1.43036
shifted_exp: ΔAIC = 988.123 ΔBIC = 988.123
",truncated,1.862227737903595,True,,truncated,1.862227737903595,2.177313027678646,628.041214376688,,0.030697795750817825,3185.3385484373484,3189.881020397855,-1591.6692742186742,694,True,,shifted_exp,1.862227737903595,0.13460972731056758,,,0.36874588376004447,4173.461327389777,4178.003799350284,-2085.7306636948883,694,-988.1227789524282
/home/hpc/Desktop/resonant_swarm_runs/position_records/N500/kappa_2p5/okappa_3/pos_rep05_seed50000005.npz,500,2.5,3.0,5,50000005,com,-1,com,0.3353478074073792,0.2242792546749115,0.19398295879364014,3264,3264,True,,"Model comparison
----------------
truncated: xmin=1.77783, alpha=2.13006, xc=409.519, p=nan, KS=0.0241332, loglik=-1636.22, AIC=3274.43, BIC=3279
powerlaw: xmin=1.77783, alpha=2.14516, xc=nan, p=nan, KS=0.0273962, loglik=-1637.67, AIC=3277.34, BIC=3281.91
shifted_exp: xmin=1.77783, alpha=0.148839, xc=nan, p=nan, KS=0.325941, loglik=-2056.66, AIC=4115.32, BIC=4119.89

ΔAIC / ΔBIC
truncated: ΔAIC = 0 ΔBIC = 0
powerlaw: ΔAIC = 2.90901 ΔBIC = 2.90901
shifted_exp: ΔAIC = 840.889 ΔBIC = 840.889
",truncated,1.7778300642967224,True,,truncated,1.7778300642967224,2.130061654690267,409.51905167102814,,0.02413319803722397,3274.4344165175344,3278.996860611228,-1636.2172082587672,708,True,,shifted_exp,1.7778300642967224,0.14883911477845377,,,0.3259413184636173,4115.323281356885,4119.885725450578,-2056.6616406784424,708,-840.8888648393504
/home/hpc/Desktop/resonant_swarm_runs/position_records/N500/kappa_2p5/okappa_3/pos_rep06_seed50000006.npz,500,2.5,3.0,6,50000006,com,-1,com,0.3383148074150086,0.23314297199249268,0.22967861592769623,3080,3080,True,,"Model comparison
----------------
truncated: xmin=1.7494, alpha=2.09333, xc=725.871, p=nan, KS=0.0298871, loglik=-1561.54, AIC=3125.07, BIC=3129.56
powerlaw: xmin=1.7494, alpha=2.10332, xc=nan, p=nan, KS=0.0298539, loglik=-1562.42, AIC=3126.83, BIC=3131.32
shifted_exp: xmin=1.7494, alpha=0.113415, xc=nan, p=nan, KS=0.401596, loglik=-2096.62, AIC=4195.24, BIC=4199.74

ΔAIC / ΔBIC
truncated: ΔAIC = 0 ΔBIC = 0
powerlaw: ΔAIC = 1.75921 ΔBIC = 1.75921
shifted_exp: ΔAIC = 1070.17 ΔBIC = 1070.17
",truncated,1.7493992149829865,True,,truncated,1.7493992149829865,2.0933264980559194,725.8709791600704,,0.02988706899071014,3125.0708707534623,3129.5631105884827,-1561.5354353767311,660,True,,shifted_exp,1.7493992149829865,0.11341510478359478,,,0.4015955605904765,4195.244920579667,4199.737160414688,-2096.6224602898337,660,-1070.1740498262052
/home/hpc/Desktop/resonant_swarm_runs/position_records/N500/kappa_2p5/okappa_3/pos_rep07_seed50000007.npz,500,2.5,3.0,7,50000007,com,-1,com,0.3401162058115006,0.23496881127357483,0.23762601613998413,3136,3136,True,,"Model comparison
----------------
truncated: xmin=1.79129, alpha=2.20968, xc=1009.82, p=nan, KS=0.0251475, loglik=-1572.87, AIC=3147.75, BIC=3152.32
powerlaw: xmin=1.79129, alpha=2.21405, xc=nan, p=nan, KS=0.0246782, loglik=-1573.2, AIC=3148.41, BIC=3152.98
shifted_exp: xmin=1.79129, alpha=0.125501, xc=nan, p=nan, KS=0.393338, loglik=-2186.64, AIC=4375.28, BIC=4379.85

ΔAIC / ΔBIC
truncated: ΔAIC = 0 ΔBIC = 0
powerlaw: ΔAIC = 0.659233 ΔBIC = 0.659233
shifted_exp: ΔAIC = 1227.53 ΔBIC = 1227.53
",truncated,1.7912899851799011,True,,truncated,1.7912899851799011,2.2096752207013304,1009.8172599971294,,0.02514751778524779,3147.7491604255188,3152.315832855322,-1572.8745802127594,711,True,,shifted_exp,1.7912899851799011,0.12550085259017082,,,0.39333784715387776,4375.279557632171,4379.846230061975,-2186.6397788160857,711,-1227.5303972066527
/home/hpc/Desktop/resonant_swarm_runs/position_records/N500/kappa_2p5/okappa_3/pos_rep08_seed50000008.npz,500,2.5,3.0,8,50000008,com,-1,com,0.35474010407924655,0.24283811450004578,0.23781563341617584,2786,2786,True,,"Model comparison
----------------
truncated: xmin=1.49761, alpha=2.03739, xc=651.272, p=nan, KS=0.0254428, loglik=-1838.34, AIC=3678.67, BIC=3683.35
powerlaw: xmin=1.49761, alpha=2.04953, xc=nan, p=nan, KS=0.0257612, loglik=-1839.74, AIC=3681.49, BIC=3686.17
shifted_exp: xmin=1.49761, alpha=0.121779, xc=nan, p=nan, KS=0.402633, loglik=-2475.12, AIC=4952.24, BIC=4956.92

ΔAIC / ΔBIC
truncated: ΔAIC = 0 ΔBIC = 0
powerlaw: ΔAIC = 2.81583 ΔBIC = 2.81583
shifted_exp: ΔAIC = 1273.57 ΔBIC = 1273.57
",truncated,1.4976149499416351,True,,truncated,1.4976149499416351,2.0373899114803433,651.2721311748028,,0.025442754926545408,3678.67219622468,3683.3530509034704,-1838.33609811234,797,True,,shifted_exp,1.4976149499416351,0.12177911946365076,,,0.4026334279532189,4952.240915975903,4956.921770654693,-2475.1204579879513,797,-1273.5687197512225
/home/hpc/Desktop/resonant_swarm_runs/position_records/N500/kappa_2p5/okappa_3/pos_rep09_seed50000009.npz,500,2.5,3.0,9,50000009,com,-1,com,0.34246646165847777,0.2250317484140396,0.16201640665531158,3100,3100,True,,"Model comparison
----------------
truncated: xmin=1.81041, alpha=2.13824, xc=229.162, p=nan, KS=0.0305262, loglik=-1674.16, AIC=3350.32, BIC=3354.92
powerlaw: xmin=1.81041, alpha=2.1643, xc=nan, p=nan, KS=0.0283361, loglik=-1676.93, AIC=3355.86, BIC=3360.46
shifted_exp: xmin=1.81041, alpha=0.159689, xc=nan, p=nan, KS=0.326563, loglik=-2066.37, AIC=4134.74, BIC=4139.33

ΔAIC / ΔBIC
truncated: ΔAIC = 0 ΔBIC = 0
powerlaw: ΔAIC = 5.53994 ΔBIC = 5.53994
shifted_exp: ΔAIC = 784.412 ΔBIC = 784.412
",truncated,1.81041419506073,True,,truncated,1.81041419506073,2.138240433782716,229.16239941120148,,0.030526209620154676,3350.3249183571697,3354.9165920891783,-1674.1624591785849,729,True,,shifted_exp,1.81041419506073,0.15968938285214,,,0.3265625939595318,4134.737023970558,4139.328697702566,-2066.368511985279,729,-784.4121056133881
/home/hpc/Desktop/resonant_swarm_runs/position_records/N500/kappa_2p5/okappa_3/pos_rep10_seed50000010.npz,500,2.5,3.0,10,50000010,com,-1,com,0.32860135138034824,0.21510668098926544,0.15059779584407806,3411,3411,True,,"Model comparison
----------------
truncated: xmin=1.81732, alpha=2.18553, xc=227.201, p=nan, KS=0.021813, loglik=-1594.24, AIC=3190.47, BIC=3195.05
powerlaw: xmin=1.81732, alpha=2.20819, xc=nan, p=nan, KS=0.0244547, loglik=-1596.45, AIC=3194.89, BIC=3199.46
shifted_exp: xmin=1.81732, alpha=0.183021, xc=nan, p=nan, KS=0.286804, loglik=-1926.48, AIC=3854.97, BIC=3859.54

ΔAIC / ΔBIC
truncated: ΔAIC = 0 ΔBIC = 0
powerlaw: ΔAIC = 4.41653 ΔBIC = 4.41653
shifted_exp: ΔAIC = 664.49 ΔBIC = 664.49
",truncated,1.8173203766345978,True,,truncated,1.8173203766345978,2.1855349339660783,227.20123678445816,,0.021813023636444884,3190.474650739201,3195.0455337015405,-1594.2373253696005,714,True,,shifted_exp,1.8173203766345978,0.18302092545004695,,,0.28680394965791967,3854.965034345505,3859.5359173078446,-1926.4825171727525,714,-664.490383606304
/home/hpc/Desktop/resonant_swarm_runs/position_records/N500/kappa_2p5/okappa_3/pos_rep11_seed50000011.npz,500,2.5,3.0,11,50000011,com,-1,com,0.3415806323289871,0.23291273415088654,0.21570773422718048,3172,3172,True,,"Model comparison
----------------
truncated: xmin=1.84128, alpha=2.17246, xc=444.226, p=nan, KS=0.0240436, loglik=-1605.27, AIC=3212.53, BIC=3217.09
powerlaw: xmin=1.84128, alpha=2.18474, xc=nan, p=nan, KS=0.0264152, loglik=-1606.36, AIC=3214.72, BIC=3219.27
shifted_exp: xmin=1.84128, alpha=0.131063, xc=nan, p=nan, KS=0.373188, loglik=-2131.55, AIC=4265.1, BIC=4269.65

ΔAIC / ΔBIC
truncated: ΔAIC = 0 ΔBIC = 0
powerlaw: ΔAIC = 2.18844 ΔBIC = 2.18844
shifted_exp: ΔAIC = 1052.57 ΔBIC = 1052.57
",truncated,1.8412811756134033,True,,truncated,1.8412811756134033,2.172456016543762,444.2258395254612,,0.024043623734696817,3212.5311863327142,3217.086543224525,-1605.2655931663571,703,True,,shifted_exp,1.8412811756134033,0.1310633554144865,,,0.3731875954477706,4265.096667664534,4269.652024556344,-2131.548333832267,703,-1052.5654813318197
/home/hpc/Desktop/resonant_swarm_runs/position_records/N500/kappa_2p5/okappa_3/pos_rep12_seed50000012.npz,500,2.5,3.0,12,50000012,com,-1,com,0.32312501668930055,0.2101929485797882,0.1389613300561905,3551,3551,True,,"Model comparison
----------------
truncated: xmin=1.77819, alpha=2.23486, xc=217.688, p=nan, KS=0.0163892, loglik=-1592.5, AIC=3187.01, BIC=3191.62
powerlaw: xmin=1.77819, alpha=2.25459, xc=nan, p=nan, KS=0.0186261, loglik=-1594.38, AIC=3190.75, BIC=3195.36
shifted_exp: xmin=1.77819, alpha=0.208989, xc=nan, p=nan, KS=0.268515, loglik=-1906.15, AIC=3814.29, BIC=3818.9

ΔAIC / ΔBIC
truncated: ΔAIC = 0 ΔBIC = 0
powerlaw: ΔAIC = 3.74425 ΔBIC = 3.74425
shifted_exp: ΔAIC = 627.285 ΔBIC = 627.285
",truncated,1.7781875431537628,True,,truncated,1.7781875431537628,2.2348646506298673,217.688057243824,,0.016389204609716587,3187.007756322464,3191.618452367182,-1592.503878161232,743,True,,shifted_exp,1.7781875431537628,0.2089892178346361,,,0.2685151867985375,3814.2923098369074,3818.903005881625,-1906.1461549184537,743,-627.2845535144434
/home/hpc/Desktop/resonant_swarm_runs/position_records/N500/kappa_2p5/okappa_3/pos_rep13_seed50000013.npz,500,2.5,3.0,13,50000013,com,-1,com,0.3459181636571884,0.2320641726255417,0.21381795406341553,2921,2921,True,,"Model comparison
----------------
truncated: xmin=1.40968, alpha=2.02851, xc=580.965, p=nan, KS=0.0323183, loglik=-1925.92, AIC=3853.85, BIC=3858.6
powerlaw: xmin=1.40968, alpha=2.04172, xc=nan, p=nan, KS=0.0290006, loglik=-1927.6, AIC=3857.2, BIC=3861.95
shifted_exp: xmin=1.40968, alpha=0.146335, xc=nan, p=nan, KS=0.357711, loglik=-2489.42, AIC=4980.85, BIC=4985.6

ΔAIC / ΔBIC
truncated: ΔAIC = 0 ΔBIC = 0
powerlaw: ΔAIC = 3.34785 ΔBIC = 3.34785
shifted_exp: ΔAIC = 1127 ΔBIC = 1127
",truncated,1.4096779823303223,True,,truncated,1.4096779823303223,2.028507802749714,580.9654078781605,,0.03231830468108071,3853.8498332917898,3858.597419818619,-1925.9249166458949,852,True,,shifted_exp,1.4096779823303223,0.14633457653992893,,,0.3577107669560511,4980.848858755562,4985.596445282392,-2489.424429377781,852,-1126.9990254637723
/home/hpc/Desktop/resonant_swarm_runs/position_records/N500/kappa_2p5/okappa_3/pos_rep14_seed50000014.npz,500,2.5,3.0,14,50000014,com,-1,com,0.3398256838321686,0.22699539363384247,0.1934046745300293,3119,3119,True,,"Model comparison
----------------
truncated: xmin=1.80433, alpha=2.10308, xc=655.455, p=nan, KS=0.0214327, loglik=-1600.75, AIC=3203.49, BIC=3208
powerlaw: xmin=1.80433, alpha=2.11395, xc=nan, p=nan, KS=0.0219559, loglik=-1601.72, AIC=3205.45, BIC=3209.96
shifted_exp: xmin=1.80433, alpha=0.133899, xc=nan, p=nan, KS=0.352707, loglik=-2026.18, AIC=4054.36, BIC=4058.88

ΔAIC / ΔBIC
truncated: ΔAIC = 0 ΔBIC = 0
powerlaw: ΔAIC = 1.95491 ΔBIC = 1.95491
shifted_exp: ΔAIC = 850.872 ΔBIC = 850.872
",truncated,1.8043277859687805,True,,truncated,1.8043277859687805,2.103077328419006,655.4548646211624,,0.021432698785174287,3203.4923668497067,3208.0041121793515,-1600.7461834248534,673,True,,shifted_exp,1.8043277859687805,0.13389870740507456,,,0.35270743049799536,4054.364080965638,4058.875826295283,-2026.182040482819,673,-850.8717141159314
/home/hpc/Desktop/resonant_swarm_runs/position_records/N500/kappa_2p5/okappa_3/pos_rep15_seed50000015.npz,500,2.5,3.0,15,50000015,com,-1,com,0.324076771736145,0.212405264377594,0.15459319949150085,3518,3518,True,,"Model comparison
----------------
truncated: xmin=2.11644, alpha=2.29325, xc=386.717, p=nan, KS=0.0276923, loglik=-1343.5, AIC=2689, BIC=2693.39
powerlaw: xmin=2.11644, alpha=2.3037, xc=nan, p=nan, KS=0.0295691, loglik=-1344.19, AIC=2690.38, BIC=2694.77
shifted_exp: xmin=2.11644, alpha=0.166275, xc=nan, p=nan, KS=0.312593, loglik=-1668.08, AIC=3338.17, BIC=3342.56

ΔAIC / ΔBIC
truncated: ΔAIC = 0 ΔBIC = 0
powerlaw: ΔAIC = 1.38117 ΔBIC = 1.38117
shifted_exp: ΔAIC = 649.169 ΔBIC = 649.169
",truncated,2.116435080766678,True,,truncated,2.116435080766678,2.2932519629674486,386.7165503203869,,0.027692349967254337,2689.0005552445696,2693.392472357962,-1343.5002776222848,597,True,,shifted_exp,2.116435080766678,0.1662750657038804,,,0.31259316930938275,3338.16953655385,3342.5614536672424,-1668.084768276925,597,-649.1689813092803
/home/hpc/Desktop/resonant_swarm_runs/position_records/N500/kappa_2p5/okappa_3/pos_rep16_seed50000016.npz,500,2.5,3.0,16,50000016,com,-1,com,0.33490760028362276,0.21937505900859833,0.1552763432264328,3268,3268,True,,"Model comparison
----------------
truncated: xmin=1.7921, alpha=2.16303, xc=288.03, p=nan, KS=0.0223458, loglik=-1672.04, AIC=3346.09, BIC=3350.69
powerlaw: xmin=1.7921, alpha=2.18206, xc=nan, p=nan, KS=0.0266866, loglik=-1673.96, AIC=3349.92, BIC=3354.53
shifted_exp: xmin=1.7921, alpha=0.174784, xc=nan, p=nan, KS=0.291759, loglik=-2030.71, AIC=4063.42, BIC=4068.03

ΔAIC / ΔBIC
truncated: ΔAIC = 0 ΔBIC = 0
powerlaw: ΔAIC = 3.83437 ΔBIC = 3.83437
shifted_exp: ΔAIC = 717.337 ΔBIC = 717.337
",truncated,1.7921039462089539,True,,truncated,1.7921039462089539,2.16302933456998,288.03002402186394,,0.022345839583765348,3346.085281200687,3350.6919313868852,-1672.0426406003435,740,True,,shifted_exp,1.7921039462089539,0.17478406053461001,,,0.29175854729324546,4063.4219300512987,4068.028580237497,-2030.7109650256493,740,-717.3366488506117
/home/hpc/Desktop/resonant_swarm_runs/position_records/N500/kappa_2p5/okappa_3/pos_rep17_seed50000017.npz,500,2.5,3.0,17,50000017,com,-1,com,0.3203106760978699,0.2123572826385498,0.16015082597732544,3471,3471,True,,"Model comparison
----------------
truncated: xmin=2.12508, alpha=2.27056, xc=391.762, p=nan, KS=0.03259, loglik=-1329.52, AIC=2661.04, BIC=2665.4
powerlaw: xmin=2.12508, alpha=2.28181, xc=nan, p=nan, KS=0.0304931, loglik=-1330.27, AIC=2662.53, BIC=2666.9
shifted_exp: xmin=2.12508, alpha=0.151831, xc=nan, p=nan, KS=0.341995, loglik=-1679.06, AIC=3360.12, BIC=3364.49

ΔAIC / ΔBIC
truncated: ΔAIC = 0 ΔBIC = 0
powerlaw: ΔAIC = 1.49516 ΔBIC = 1.49516
shifted_exp: ΔAIC = 699.085 ΔBIC = 699.085
",truncated,2.125083029270172,True,,truncated,2.125083029270172,2.270562788314649,391.76229003071785,,0.03259003263030802,2661.0370673675816,2665.403537815313,-1329.5185336837908,582,True,,shifted_exp,2.125083029270172,0.15183135713591367,,,0.34199517250454914,3360.1223847284637,3364.488855176195,-1679.0611923642318,582,-699.0853173608821
/home/hpc/Desktop/resonant_swarm_runs/position_records/N500/kappa_2p5/okappa_3/pos_rep18_seed50000018.npz,500,2.5,3.0,18,50000018,com,-1,com,0.344676086306572,0.22371834516525269,0.1552688032388687,2998,2998,True,,"Model comparison
----------------
truncated: xmin=1.83246, alpha=2.05674, xc=172.175, p=nan, KS=0.0228422, loglik=-1675.67, AIC=3353.34, BIC=3357.88
powerlaw: xmin=1.83246, alpha=2.10055, xc=nan, p=nan, KS=0.0179033, loglik=-1680.84, AIC=3363.69, BIC=3368.23
shifted_exp: xmin=1.83246, alpha=0.152385, xc=nan, p=nan, KS=0.306754, loglik=-2002.54, AIC=4007.07, BIC=4011.62

ΔAIC / ΔBIC
truncated: ΔAIC = 0 ΔBIC = 0
powerlaw: ΔAIC = 10.348 ΔBIC = 10.348
shifted_exp: ΔAIC = 653.735 ΔBIC = 653.735
",truncated,1.8324626684188843,True,,truncated,1.8324626684188843,2.056740064327452,172.17506542801857,,0.02284218650497183,3353.338954125149,3357.8828659707137,-1675.6694770625745,695,True,,shifted_exp,1.8324626684188843,0.15238456848239262,,,0.3067535150383237,4007.0735775717153,4011.61748941728,-2002.5367887858577,695,-653.7346234465663
/home/hpc/Desktop/resonant_swarm_runs/position_records/N500/kappa_2p5/okappa_3/pos_rep19_seed50000019.npz,500,2.5,3.0,19,50000019,com,-1,com,0.34269869625568394,0.22361338138580322,0.16845297813415527,3164,3164,True,,"Model comparison
----------------
truncated: xmin=1.84709, alpha=2.1071, xc=229.714, p=nan, KS=0.0268474, loglik=-1634.04, AIC=3270.09, BIC=3274.63
powerlaw: xmin=1.84709, alpha=2.13635, xc=nan, p=nan, KS=0.0331728, loglik=-1637.14, AIC=3276.27, BIC=3280.81
shifted_exp: xmin=1.84709, alpha=0.153297, xc=nan, p=nan, KS=0.304063, loglik=-1989.76, AIC=3981.52, BIC=3986.06

ΔAIC / ΔBIC
truncated: ΔAIC = 0 ΔBIC = 0
powerlaw: ΔAIC = 6.18838 ΔBIC = 6.18838
shifted_exp: ΔAIC = 711.437 ΔBIC = 711.437
",truncated,1.847094565629959,True,,truncated,1.847094565629959,2.107101802329354,229.71430870890617,,0.02684744268861816,3270.086071100215,3274.625657055833,-1634.0430355501076,692,True,,shifted_exp,1.847094565629959,0.15329700157045595,,,0.30406346285913155,3981.523224691757,3986.062810647375,-1989.7616123458786,692,-711.437153591542
