path,N,percept_kappa,option_kappa,rep,seed,level,individual,kind,threshold,series_mean,series_std,flight_count,n_positive_flights,comparison_ok,comparison_error,comparison_summary,best_model,fixed_xmin_for_comparison,truncated_ok,truncated_error,truncated_model,truncated_xmin,truncated_alpha,truncated_xc,truncated_p_value,truncated_ks_D,truncated_aic,truncated_bic,truncated_loglik,truncated_n_used,shifted_exp_ok,shifted_exp_error,shifted_exp_model,shifted_exp_xmin,shifted_exp_alpha,shifted_exp_xc,shifted_exp_p_value,shifted_exp_ks_D,shifted_exp_aic,shifted_exp_bic,shifted_exp_loglik,shifted_exp_n_used,delta_aic_trunc_minus_exp
/home/hpc/Desktop/resonant_swarm_runs/position_records/N100/kappa_1p5/okappa_2/pos_rep00_seed10000000.npz,100,1.5,2.0,0,10000000,com,-1,com,1.7145921945571903,0.9806140065193176,0.9409762024879456,671,671,True,,"Model comparison
----------------
truncated: xmin=1.80355, alpha=1.30977, xc=1623.02, p=nan, KS=0.0849402, loglik=-2544.89, AIC=5091.78, BIC=5096.09
powerlaw: xmin=1.80355, alpha=1.43731, xc=nan, p=nan, KS=0.124628, loglik=-2586.95, AIC=5175.89, BIC=5180.2
shifted_exp: xmin=1.80355, alpha=0.0126728, xc=nan, p=nan, KS=0.379195, loglik=-2952.57, AIC=5907.13, BIC=5911.44

ΔAIC / ΔBIC
truncated: ΔAIC = 0 ΔBIC = 0
powerlaw: ΔAIC = 84.1135 ΔBIC = 84.1135
shifted_exp: ΔAIC = 815.349 ΔBIC = 815.349
",truncated,1.803551197052002,True,,truncated,1.803551197052002,1.309767172736369,1623.0240297317505,,0.08494024950518121,5091.781323114866,5096.091241393092,-2544.890661557433,550.0,True,,shifted_exp,1.803551197052002,0.01267276568840621,,,0.37919548905539946,5907.1300243015685,5911.439942579795,-2952.5650121507842,550.0,-815.3487011867028
/home/hpc/Desktop/resonant_swarm_runs/position_records/N100/kappa_1p5/okappa_2/pos_rep01_seed10000001.npz,100,1.5,2.0,1,10000001,com,-1,com,1.869666910171509,1.0112113952636719,0.9684122204780579,602,602,True,,"Model comparison
----------------
truncated: xmin=1.9648, alpha=1.21903, xc=1234.3, p=nan, KS=0.0757958, loglik=-2493.34, AIC=4988.68, BIC=4992.91
powerlaw: xmin=1.9648, alpha=1.40196, xc=nan, p=nan, KS=0.13263, loglik=-2557.59, AIC=5117.17, BIC=5121.39
shifted_exp: xmin=1.9648, alpha=0.0112066, xc=nan, p=nan, KS=0.329312, loglik=-2767.59, AIC=5537.19, BIC=5541.41

ΔAIC / ΔBIC
truncated: ΔAIC = 0 ΔBIC = 0
powerlaw: ΔAIC = 128.489 ΔBIC = 128.489
shifted_exp: ΔAIC = 548.502 ΔBIC = 548.502
",truncated,1.9648000001907349,True,,truncated,1.9648000001907349,1.2190252423718178,1234.3031779527664,,0.07579577687316016,4988.682945565408,4992.905521833479,-2493.341472782704,504.0,True,,shifted_exp,1.9648000001907349,0.01120656954779161,,,0.32931212811805755,5537.18514672404,5541.407722992111,-2767.59257336202,504.0,-548.5022011586325
/home/hpc/Desktop/resonant_swarm_runs/position_records/N100/kappa_1p5/okappa_2/pos_rep02_seed10000002.npz,100,1.5,2.0,2,10000002,com,-1,com,1.395093679428101,0.8982521891593933,0.8443541526794434,1114,1114,True,,"Model comparison
----------------
truncated: xmin=4.66592, alpha=1.49573, xc=1415.31, p=nan, KS=0.0368723, loglik=-2486.04, AIC=4974.09, BIC=4978.37
powerlaw: xmin=4.66592, alpha=1.60242, xc=nan, p=nan, KS=0.0714853, loglik=-2508.87, AIC=5019.73, BIC=5024.01
shifted_exp: xmin=4.66592, alpha=0.015025, xc=nan, p=nan, KS=0.329491, loglik=-2770.56, AIC=5543.11, BIC=5547.39

ΔAIC / ΔBIC
truncated: ΔAIC = 0 ΔBIC = 0
powerlaw: ΔAIC = 45.6431 ΔBIC = 45.6431
shifted_exp: ΔAIC = 569.023 ΔBIC = 569.023
",truncated,4.665916085243225,True,,truncated,4.665916085243225,1.4957273153788393,1415.3070415258408,,0.036872324611202476,4974.089427655818,4978.367949079984,-2486.044713827909,533.0,True,,shifted_exp,4.665916085243225,0.015024975967426983,,,0.32949058252271735,5543.112130340313,5547.390651764479,-2770.5560651701567,533.0,-569.022702684495
/home/hpc/Desktop/resonant_swarm_runs/position_records/N100/kappa_1p5/okappa_2/pos_rep03_seed10000003.npz,100,1.5,2.0,3,10000003,com,-1,com,1.7673386335372927,0.9996485114097595,0.9673585295677185,611,611,True,,"Model comparison
----------------
truncated: xmin=1.84529, alpha=1.28029, xc=1671.4, p=nan, KS=0.0837617, loglik=-2391.65, AIC=4785.31, BIC=4789.53
powerlaw: xmin=1.84529, alpha=1.4198, xc=nan, p=nan, KS=0.126127, loglik=-2436.2, AIC=4874.39, BIC=4878.61
shifted_exp: xmin=1.84529, alpha=0.0111905, xc=nan, p=nan, KS=0.358629, loglik=-2751.84, AIC=5505.68, BIC=5509.89

ΔAIC / ΔBIC
truncated: ΔAIC = 0 ΔBIC = 0
powerlaw: ΔAIC = 89.0815 ΔBIC = 89.0815
shifted_exp: ΔAIC = 720.366 ΔBIC = 720.366
",truncated,1.8452850580215454,True,,truncated,1.8452850580215454,1.2802872888404857,1671.4039628505707,,0.0837617105308719,4785.309466370828,4789.526072471913,-2391.654733185414,501.0,True,,shifted_exp,1.8452850580215454,0.011190500654715316,,,0.35862936998154327,5505.675396430537,5509.892002531622,-2751.8376982152686,501.0,-720.3659300597092
/home/hpc/Desktop/resonant_swarm_runs/position_records/N100/kappa_1p5/okappa_2/pos_rep04_seed10000004.npz,100,1.5,2.0,4,10000004,com,-1,com,1.9603318810462957,1.0200990438461304,0.981777012348175,590,590,True,,"Model comparison
----------------
truncated: xmin=2.03651, alpha=1.22811, xc=1521.2, p=nan, KS=0.0769131, loglik=-2593.71, AIC=5189.42, BIC=5193.67
powerlaw: xmin=2.03651, alpha=1.39905, xc=nan, p=nan, KS=0.13153, loglik=-2655.22, AIC=5312.43, BIC=5316.68
shifted_exp: xmin=2.03651, alpha=0.0113686, xc=nan, p=nan, KS=0.295005, loglik=-2831.56, AIC=5665.11, BIC=5669.36

ΔAIC / ΔBIC
truncated: ΔAIC = 0 ΔBIC = 0
powerlaw: ΔAIC = 123.01 ΔBIC = 123.01
shifted_exp: ΔAIC = 475.691 ΔBIC = 475.691
",truncated,2.0365073680877686,True,,truncated,2.0365073680877686,1.228106568807193,1521.1962411403656,,0.07691311513265547,5189.421613357308,5193.669656231817,-2593.710806678654,517.0,True,,shifted_exp,2.0365073680877686,0.011368626522675486,,,0.29500526925177323,5665.1123012875905,5669.360344162099,-2831.5561506437953,517.0,-475.69068793028237
/home/hpc/Desktop/resonant_swarm_runs/position_records/N100/kappa_1p5/okappa_2/pos_rep05_seed10000005.npz,100,1.5,2.0,5,10000005,com,-1,com,1.7829535126686096,0.9947522282600403,0.9667999744415283,611,611,True,,"Model comparison
----------------
truncated: xmin=1.85586, alpha=1.25065, xc=1599.84, p=nan, KS=0.0785884, loglik=-2506.39, AIC=5014.78, BIC=5019.02
powerlaw: xmin=1.85586, alpha=1.40517, xc=nan, p=nan, KS=0.126349, loglik=-2559.82, AIC=5121.64, BIC=5125.88
shifted_exp: xmin=1.85586, alpha=0.0114849, xc=nan, p=nan, KS=0.340913, loglik=-2804.43, AIC=5610.86, BIC=5615.1

ΔAIC / ΔBIC
truncated: ΔAIC = 0 ΔBIC = 0
powerlaw: ΔAIC = 106.855 ΔBIC = 106.855
shifted_exp: ΔAIC = 596.081 ΔBIC = 596.081
",truncated,1.855863332748413,True,,truncated,1.855863332748413,1.2506453076963737,1599.841256260872,,0.07858844804633439,5014.780701457173,5019.020977302343,-2506.3903507285863,513.0,True,,shifted_exp,1.855863332748413,0.011484850334011053,,,0.3409127920995624,5610.861362690616,5615.101638535787,-2804.430681345308,513.0,-596.0806612334436
/home/hpc/Desktop/resonant_swarm_runs/position_records/N100/kappa_1p5/okappa_2/pos_rep06_seed10000006.npz,100,1.5,2.0,6,10000006,com,-1,com,1.5350796580314638,0.9343127608299255,0.8894627094268799,868,868,True,,"Model comparison
----------------
truncated: xmin=3.28249, alpha=1.39654, xc=1489.06, p=nan, KS=0.0567713, loglik=-2592.85, AIC=5187.71, BIC=5192.02
powerlaw: xmin=3.28249, alpha=1.51853, xc=nan, p=nan, KS=0.0976477, loglik=-2625.64, AIC=5253.28, BIC=5257.59
shifted_exp: xmin=3.28249, alpha=0.01398, xc=nan, p=nan, KS=0.328499, loglik=-2898.57, AIC=5799.14, BIC=5803.45

ΔAIC / ΔBIC
truncated: ΔAIC = 0 ΔBIC = 0
powerlaw: ΔAIC = 65.5677 ΔBIC = 65.5677
shifted_exp: ΔAIC = 611.431 ΔBIC = 611.431
",truncated,3.2824853658676147,True,,truncated,3.2824853658676147,1.396535925296701,1489.055650472641,,0.056771291933930906,5187.709710901987,5192.019629180213,-2592.8548554509935,550.0,True,,shifted_exp,3.2824853658676147,0.013979990991800638,,,0.328499116725367,5799.141005194012,5803.450923472238,-2898.570502597006,550.0,-611.4312942920251
/home/hpc/Desktop/resonant_swarm_runs/position_records/N100/kappa_1p5/okappa_2/pos_rep07_seed10000007.npz,100,1.5,2.0,7,10000007,com,-1,com,1.7393363356590272,0.9910411834716797,0.9484560489654541,688,688,True,,"Model comparison
----------------
truncated: xmin=1.81965, alpha=1.32405, xc=1903.01, p=nan, KS=0.089701, loglik=-2554.55, AIC=5111.1, BIC=5115.41
powerlaw: xmin=1.81965, alpha=1.44062, xc=nan, p=nan, KS=0.126565, loglik=-2592.32, AIC=5186.64, BIC=5190.96
shifted_exp: xmin=1.81965, alpha=0.0126298, xc=nan, p=nan, KS=0.394959, loglik=-2970.55, AIC=5943.09, BIC=5947.41

ΔAIC / ΔBIC
truncated: ΔAIC = 0 ΔBIC = 0
powerlaw: ΔAIC = 75.5413 ΔBIC = 75.5413
shifted_exp: ΔAIC = 831.995 ΔBIC = 831.995
",truncated,1.8196542263031006,True,,truncated,1.8196542263031006,1.3240527084428089,1903.0121742486954,,0.0897010437388394,5111.0987596965,5115.414117698022,-2554.54937984825,553.0,True,,shifted_exp,1.8196542263031006,0.012629821467594168,,,0.3949588166402421,5943.094093002072,5947.409451003595,-2970.547046501036,553.0,-831.9953333055728
/home/hpc/Desktop/resonant_swarm_runs/position_records/N100/kappa_1p5/okappa_2/pos_rep08_seed10000008.npz,100,1.5,2.0,8,10000008,com,-1,com,1.8944354772567755,1.0189064741134644,0.9898998737335205,519,519,True,,"Model comparison
----------------
truncated: xmin=1.91135, alpha=1.31077, xc=1484.04, p=nan, KS=0.185855, loglik=-2318.38, AIC=4638.77, BIC=4642.98
powerlaw: xmin=1.91135, alpha=1.44351, xc=nan, p=nan, KS=0.177703, loglik=-2357.78, AIC=4717.56, BIC=4721.77
shifted_exp: xmin=1.91135, alpha=0.0108425, xc=nan, p=nan, KS=0.38718, loglik=-2762.14, AIC=5526.28, BIC=5530.5

ΔAIC / ΔBIC
truncated: ΔAIC = 0 ΔBIC = 0
powerlaw: ΔAIC = 78.7886 ΔBIC = 78.7886
shifted_exp: ΔAIC = 887.515 ΔBIC = 887.515
",truncated,1.9113489389419556,True,,truncated,1.9113489389419556,1.3107669649865612,1484.040759563446,,0.1858549715832196,4638.7675358782135,4642.982143976636,-2318.3837679391067,500.0,True,,shifted_exp,1.9113489389419556,0.010842489362152445,,,0.3871799858964686,5526.28266338021,5530.497271478632,-2762.141331690105,500.0,-887.5151275019962
/home/hpc/Desktop/resonant_swarm_runs/position_records/N100/kappa_1p5/okappa_2/pos_rep09_seed10000009.npz,100,1.5,2.0,9,10000009,com,-1,com,1.7440412163734438,0.9821099042892456,0.9371109008789062,679,679,True,,"Model comparison
----------------
truncated: xmin=1.8076, alpha=1.31361, xc=1597.78, p=nan, KS=0.0904443, loglik=-2663.62, AIC=5329.23, BIC=5333.59
powerlaw: xmin=1.8076, alpha=1.44028, xc=nan, p=nan, KS=0.130233, loglik=-2707.12, AIC=5416.25, BIC=5420.61
shifted_exp: xmin=1.8076, alpha=0.0133638, xc=nan, p=nan, KS=0.369402, loglik=-3072.19, AIC=6146.38, BIC=6150.74

ΔAIC / ΔBIC
truncated: ΔAIC = 0 ΔBIC = 0
powerlaw: ΔAIC = 87.0138 ΔBIC = 87.0138
shifted_exp: ΔAIC = 817.144 ΔBIC = 817.144
",truncated,1.8076049089431763,True,,truncated,1.8076049089431763,1.31360723379136,1597.7800656557083,,0.09044426000875169,5329.23442427062,5333.593998139293,-2663.61721213531,578.0,True,,shifted_exp,1.8076049089431763,0.013363787760391424,,,0.36940210227567205,6146.378871281963,6150.738445150636,-3072.1894356409816,578.0,-817.1444470113429
/home/hpc/Desktop/resonant_swarm_runs/position_records/N100/kappa_1p5/okappa_2/pos_rep10_seed10000010.npz,100,1.5,2.0,10,10000010,com,-1,com,1.5633034586906447,0.9476324319839478,0.9046885371208191,792,792,True,,"Model comparison
----------------
truncated: xmin=3.32617, alpha=1.35064, xc=1349.62, p=nan, KS=0.0486094, loglik=-2433.45, AIC=4868.91, BIC=4873.13
powerlaw: xmin=3.32617, alpha=1.49519, xc=nan, p=nan, KS=0.0904922, loglik=-2471.88, AIC=4945.75, BIC=4949.97
shifted_exp: xmin=3.32617, alpha=0.0124396, xc=nan, p=nan, KS=0.325708, loglik=-2704.21, AIC=5410.42, BIC=5414.64

ΔAIC / ΔBIC
truncated: ΔAIC = 0 ΔBIC = 0
powerlaw: ΔAIC = 76.8464 ΔBIC = 76.8464
shifted_exp: ΔAIC = 541.51 ΔBIC = 541.51
",truncated,3.326168417930603,True,,truncated,3.326168417930603,1.3506427376855257,1349.616735816002,,0.04860941730852647,4868.907657850461,4873.126257970152,-2433.4538289252305,502.0,True,,shifted_exp,3.326168417930603,0.012439602783233191,,,0.3257083516516328,5410.417603280317,5414.6362034000085,-2704.2088016401585,502.0,-541.5099454298561
/home/hpc/Desktop/resonant_swarm_runs/position_records/N100/kappa_1p5/okappa_2/pos_rep11_seed10000011.npz,100,1.5,2.0,11,10000011,com,-1,com,1.6923369646072388,0.9805855751037598,0.93421870470047,717,717,True,,"Model comparison
----------------
truncated: xmin=3.51685, alpha=1.3421, xc=1337.84, p=nan, KS=0.0699512, loglik=-2455.4, AIC=4912.8, BIC=4917.02
powerlaw: xmin=3.51685, alpha=1.49324, xc=nan, p=nan, KS=0.105716, loglik=-2495.88, AIC=4993.76, BIC=4997.97
shifted_exp: xmin=3.51685, alpha=0.0118954, xc=nan, p=nan, KS=0.32466, loglik=-2715.8, AIC=5433.61, BIC=5437.82

ΔAIC / ΔBIC
truncated: ΔAIC = 0 ΔBIC = 0
powerlaw: ΔAIC = 80.9532 ΔBIC = 80.9532
shifted_exp: ΔAIC = 520.802 ΔBIC = 520.802
",truncated,3.516848921775818,True,,truncated,3.516848921775818,1.3421024937944486,1337.8387585878372,,0.06995122434033425,4912.804155226349,4917.0187633247715,-2455.4020776131747,500.0,True,,shifted_exp,3.516848921775818,0.01189536843107837,,,0.3246600298242561,5433.606162097946,5437.820770196368,-2715.803081048973,500.0,-520.8020068715969
/home/hpc/Desktop/resonant_swarm_runs/position_records/N100/kappa_1p5/okappa_2/pos_rep12_seed10000012.npz,100,1.5,2.0,12,10000012,com,-1,com,1.9744222283363344,1.0291838645935059,0.9842955470085144,533,533,True,,"Model comparison
----------------
truncated: xmin=2.00424, alpha=1.23339, xc=1503, p=nan, KS=0.127929, loglik=-2490.61, AIC=4983.22, BIC=4987.43
powerlaw: xmin=2.00424, alpha=1.40165, xc=nan, p=nan, KS=0.149786, loglik=-2548.59, AIC=5099.18, BIC=5103.4
shifted_exp: xmin=2.00424, alpha=0.0108906, xc=nan, p=nan, KS=0.295012, loglik=-2759.93, AIC=5521.86, BIC=5526.07

ΔAIC / ΔBIC
truncated: ΔAIC = 0 ΔBIC = 0
powerlaw: ΔAIC = 115.968 ΔBIC = 115.968
shifted_exp: ΔAIC = 538.643 ΔBIC = 538.643
",truncated,2.0042426586151123,True,,truncated,2.0042426586151123,1.2333876823935375,1503.0035300254822,,0.12792883829774765,4983.216220368482,4987.430828466904,-2490.608110184241,500.0,True,,shifted_exp,2.0042426586151123,0.01089055801433681,,,0.2950116278228758,5521.859102364109,5526.073710462531,-2759.9295511820546,500.0,-538.6428819956272
/home/hpc/Desktop/resonant_swarm_runs/position_records/N100/kappa_1p5/okappa_2/pos_rep13_seed10000013.npz,100,1.5,2.0,13,10000013,com,-1,com,1.5688712596893313,0.940070629119873,0.8923894166946411,817,817,True,,"Model comparison
----------------
truncated: xmin=3.38857, alpha=1.34246, xc=1044.37, p=nan, KS=0.0456372, loglik=-2512, AIC=5025.99, BIC=5030.25
powerlaw: xmin=3.38857, alpha=1.50422, xc=nan, p=nan, KS=0.096921, loglik=-2556.64, AIC=5115.28, BIC=5119.54
shifted_exp: xmin=3.38857, alpha=0.0131854, xc=nan, p=nan, KS=0.315825, loglik=-2786.88, AIC=5575.76, BIC=5580.02

ΔAIC / ΔBIC
truncated: ΔAIC = 0 ΔBIC = 0
powerlaw: ΔAIC = 89.2835 ΔBIC = 89.2835
shifted_exp: ΔAIC = 549.772 ΔBIC = 549.772
",truncated,3.3885711431503296,True,,truncated,3.3885711431503296,1.3424637861497342,1044.373966217041,,0.04563721547990293,5025.992873696649,5030.252455160715,-2511.9964368483247,523.0,True,,shifted_exp,3.3885711431503296,0.013185377421268442,,,0.3158254183319378,5575.764588926512,5580.024170390578,-2786.882294463256,523.0,-549.7717152298628
/home/hpc/Desktop/resonant_swarm_runs/position_records/N100/kappa_1p5/okappa_2/pos_rep14_seed10000014.npz,100,1.5,2.0,14,10000014,com,-1,com,1.7921929597854616,0.9918652176856995,0.9499058723449707,641,641,True,,"Model comparison
----------------
truncated: xmin=1.87805, alpha=1.25504, xc=1120.79, p=nan, KS=0.0804847, loglik=-2524.38, AIC=5050.76, BIC=5055.04
powerlaw: xmin=1.87805, alpha=1.42306, xc=nan, p=nan, KS=0.131147, loglik=-2582.42, AIC=5166.85, BIC=5171.12
shifted_exp: xmin=1.87805, alpha=0.0121008, xc=nan, p=nan, KS=0.348272, loglik=-2880.51, AIC=5763.01, BIC=5767.29

ΔAIC / ΔBIC
truncated: ΔAIC = 0 ΔBIC = 0
powerlaw: ΔAIC = 116.084 ΔBIC = 116.084
shifted_exp: ΔAIC = 712.249 ΔBIC = 712.249
",truncated,1.878048300743103,True,,truncated,1.878048300743103,1.2550379369552562,1120.7850452661514,,0.08048466220335153,5050.7633429786965,5055.0399864680385,-2524.3816714893483,532.0,True,,shifted_exp,1.878048300743103,0.01210078026392202,,,0.348271784249808,5763.012405842388,5767.28904933173,-2880.506202921194,532.0,-712.2490628636915
/home/hpc/Desktop/resonant_swarm_runs/position_records/N100/kappa_1p5/okappa_2/pos_rep15_seed10000015.npz,100,1.5,2.0,15,10000015,com,-1,com,1.7191536068916322,0.9890125393867493,0.940718948841095,647,647,True,,"Model comparison
----------------
truncated: xmin=1.80313, alpha=1.28803, xc=1695.72, p=nan, KS=0.0836125, loglik=-2431.4, AIC=4864.8, BIC=4869.05
powerlaw: xmin=1.80313, alpha=1.42286, xc=nan, p=nan, KS=0.125593, loglik=-2474.97, AIC=4951.93, BIC=4956.17
shifted_exp: xmin=1.80313, alpha=0.0117807, xc=nan, p=nan, KS=0.365747, loglik=-2796.83, AIC=5595.65, BIC=5599.89

ΔAIC / ΔBIC
truncated: ΔAIC = 0 ΔBIC = 0
powerlaw: ΔAIC = 87.1267 ΔBIC = 87.1267
shifted_exp: ΔAIC = 730.848 ΔBIC = 730.848
",truncated,1.8031314611434937,True,,truncated,1.8031314611434937,1.2880345244698714,1695.723469376564,,0.08361252685018326,4864.80361350235,4869.045836767806,-2431.401806751175,514.0,True,,shifted_exp,1.8031314611434937,0.01178066416952631,,,0.36574720139274264,5595.652001428309,5599.894224693764,-2796.8260007141544,514.0,-730.8483879259584
/home/hpc/Desktop/resonant_swarm_runs/position_records/N100/kappa_1p5/okappa_2/pos_rep16_seed10000016.npz,100,1.5,2.0,16,10000016,com,-1,com,1.9560398340225231,1.0301939249038696,0.9867674708366394,518,518,True,,"Model comparison
----------------
truncated: xmin=1.96966, alpha=1.27414, xc=2008.2, p=nan, KS=0.12146, loglik=-2451.72, AIC=4905.44, BIC=4909.66
powerlaw: xmin=1.96966, alpha=1.41186, xc=nan, p=nan, KS=0.133584, loglik=-2496.49, AIC=4994.97, BIC=4999.19
shifted_exp: xmin=1.96966, alpha=0.010853, xc=nan, p=nan, KS=0.326973, loglik=-2761.66, AIC=5525.32, BIC=5529.53

ΔAIC / ΔBIC
truncated: ΔAIC = 0 ΔBIC = 0
powerlaw: ΔAIC = 89.5303 ΔBIC = 89.5303
shifted_exp: ΔAIC = 619.878 ΔBIC = 619.878
",truncated,1.969663381576538,True,,truncated,1.969663381576538,1.2741440409295197,2008.2034039497375,,0.12146016493853146,4905.440687838552,4909.655295936974,-2451.720343919276,500.0,True,,shifted_exp,1.969663381576538,0.010852950328418228,,,0.32697335099659525,5525.318316289238,5529.53292438766,-2761.659158144619,500.0,-619.8776284506866
/home/hpc/Desktop/resonant_swarm_runs/position_records/N100/kappa_1p5/okappa_2/pos_rep17_seed10000017.npz,100,1.5,2.0,17,10000017,com,-1,com,1.5625351071357731,0.9438620805740356,0.8900546431541443,835,835,True,,"Model comparison
----------------
truncated: xmin=3.37426, alpha=1.3898, xc=1643.43, p=nan, KS=0.0524562, loglik=-2420.3, AIC=4842.61, BIC=4846.83
powerlaw: xmin=3.37426, alpha=1.51118, xc=nan, p=nan, KS=0.0897427, loglik=-2450.79, AIC=4903.58, BIC=4907.81
shifted_exp: xmin=3.37426, alpha=0.0128029, xc=nan, p=nan, KS=0.338368, loglik=-2711.19, AIC=5424.38, BIC=5428.61

ΔAIC / ΔBIC
truncated: ΔAIC = 0 ΔBIC = 0
powerlaw: ΔAIC = 60.9734 ΔBIC = 60.9734
shifted_exp: ΔAIC = 581.774 ΔBIC = 581.774
",truncated,3.37426495552063,True,,truncated,3.37426495552063,1.389800184411536,1643.4302421808243,,0.05245618997313864,4842.60793637915,4846.834473048437,-2420.303968189575,506.0,True,,shifted_exp,3.37426495552063,0.012802882116699872,,,0.3383676928766129,5424.381987651728,5428.6085243210155,-2711.190993825864,506.0,-581.7740512725786
/home/hpc/Desktop/resonant_swarm_runs/position_records/N100/kappa_1p5/okappa_2/pos_rep18_seed10000018.npz,100,1.5,2.0,18,10000018,com,-1,com,1.8915303468704223,1.0076192617416382,0.9778282046318054,521,521,True,,"Model comparison
----------------
truncated: xmin=1.90858, alpha=1.22633, xc=1196.06, p=nan, KS=0.149025, loglik=-2444.56, AIC=4891.12, BIC=4895.33
powerlaw: xmin=1.90858, alpha=1.4058, xc=nan, p=nan, KS=0.138494, loglik=-2506.24, AIC=5014.49, BIC=5018.7
shifted_exp: xmin=1.90858, alpha=0.0109733, xc=nan, p=nan, KS=0.319332, loglik=-2756.14, AIC=5514.29, BIC=5518.5

ΔAIC / ΔBIC
truncated: ΔAIC = 0 ΔBIC = 0
powerlaw: ΔAIC = 123.373 ΔBIC = 123.373
shifted_exp: ΔAIC = 623.171 ΔBIC = 623.171
",truncated,1.9085825681686401,True,,truncated,1.9085825681686401,1.2263341698848007,1196.059604883194,,0.14902527044387678,4891.116426062243,4895.331034160665,-2444.5582130311213,500.0,True,,shifted_exp,1.9085825681686401,0.010973335787965841,,,0.3193324844840045,5514.286968150712,5518.501576249134,-2756.143484075356,500.0,-623.1705420884691
/home/hpc/Desktop/resonant_swarm_runs/position_records/N100/kappa_1p5/okappa_2/pos_rep19_seed10000019.npz,100,1.5,2.0,19,10000019,com,-1,com,2.0618179082870483,1.0469446182250977,1.0149704217910767,485,485,True,,"Model comparison
----------------
truncated: ERROR too few samples: n=485, n_tail_min=500
powerlaw: ERROR too few samples: n=485, n_tail_min=500
shifted_exp: ERROR too few samples: n=485, n_tail_min=500

ΔAIC / ΔBIC
truncated: ΔAIC = nan ΔBIC = nan
powerlaw: ΔAIC = nan ΔBIC = nan
shifted_exp: ΔAIC = nan ΔBIC = nan
",truncated,,False,failed to estimate truncated xmin,,,,,,,,,,,False,failed to estimate truncated xmin,,,,,,,,,,,
/home/hpc/Desktop/resonant_swarm_runs/position_records/N200/kappa_1p5/okappa_2/pos_rep00_seed20000000.npz,200,1.5,2.0,0,20000000,com,-1,com,0.7921813130378724,0.5185165405273438,0.35910549759864807,2891,2891,True,,"Model comparison
----------------
truncated: xmin=3.26338, alpha=1.91646, xc=313.078, p=nan, KS=0.0292216, loglik=-2892.42, AIC=5786.84, BIC=5791.65
powerlaw: xmin=3.26338, alpha=1.97998, xc=nan, p=nan, KS=0.039881, loglik=-2904.3, AIC=5810.6, BIC=5815.4
shifted_exp: xmin=3.26338, alpha=0.0782334, xc=nan, p=nan, KS=0.282055, loglik=-3196.8, AIC=6395.6, BIC=6400.4

ΔAIC / ΔBIC
truncated: ΔAIC = 0 ΔBIC = 0
powerlaw: ΔAIC = 23.7555 ΔBIC = 23.7555
shifted_exp: ΔAIC = 608.759 ΔBIC = 608.759
",truncated,3.2633760571479797,True,,truncated,3.2633760571479797,1.9164574999719353,313.07813000679016,,0.029221551496048465,5786.84200990502,5791.645515162629,-2892.42100495251,901.0,True,,shifted_exp,3.2633760571479797,0.07823343390769384,,,0.2820550934261742,6395.600838963335,6400.404344220944,-3196.8004194816676,901.0,-608.7588290583153
/home/hpc/Desktop/resonant_swarm_runs/position_records/N200/kappa_1p5/okappa_2/pos_rep01_seed20000001.npz,200,1.5,2.0,1,20000001,com,-1,com,0.8059811294078828,0.5346751809120178,0.4145457446575165,2730,2730,True,,"Model comparison
----------------
truncated: xmin=3.35176, alpha=1.94358, xc=1229.82, p=nan, KS=0.0256437, loglik=-2892.72, AIC=5787.45, BIC=5792.23
powerlaw: xmin=3.35176, alpha=1.96408, xc=nan, p=nan, KS=0.0310597, loglik=-2895.88, AIC=5793.76, BIC=5798.55
shifted_exp: xmin=3.35176, alpha=0.0676131, xc=nan, p=nan, KS=0.283923, loglik=-3258.07, AIC=6518.13, BIC=6522.92

ΔAIC / ΔBIC
truncated: ΔAIC = 0 ΔBIC = 0
powerlaw: ΔAIC = 6.31653 ΔBIC = 6.31653
shifted_exp: ΔAIC = 730.685 ΔBIC = 730.685
",truncated,3.3517557978630066,True,,truncated,3.3517557978630066,1.9435776570959922,1229.816115140915,,0.025643743618729287,5787.4478048680485,5792.229996924055,-2892.7239024340242,882.0,True,,shifted_exp,3.3517557978630066,0.06761313176033863,,,0.2839227382704784,6518.133194292396,6522.9153863484025,-3258.066597146198,882.0,-730.6853894243477
/home/hpc/Desktop/resonant_swarm_runs/position_records/N200/kappa_1p5/okappa_2/pos_rep02_seed20000002.npz,200,1.5,2.0,2,20000002,com,-1,com,0.8099074959754945,0.5355892181396484,0.41832616925239563,2629,2629,True,,"Model comparison
----------------
truncated: xmin=4.16422, alpha=1.94472, xc=753.109, p=nan, KS=0.0188948, loglik=-2504.65, AIC=5011.29, BIC=5015.88
powerlaw: xmin=4.16422, alpha=1.98047, xc=nan, p=nan, KS=0.0281966, loglik=-2509.51, AIC=5021.02, BIC=5025.6
shifted_exp: xmin=4.16422, alpha=0.0568278, xc=nan, p=nan, KS=0.281807, loglik=-2800.24, AIC=5602.47, BIC=5607.06

ΔAIC / ΔBIC
truncated: ΔAIC = 0 ΔBIC = 0
powerlaw: ΔAIC = 9.72458 ΔBIC = 9.72458
shifted_exp: ΔAIC = 591.179 ΔBIC = 591.179
",truncated,4.16421765089035,True,,truncated,4.16421765089035,1.944723748769189,753.1085416078568,,0.018894771124800758,5011.294784069782,5015.879575462167,-2504.647392034891,724.0,True,,shifted_exp,4.16421765089035,0.056827762281302624,,,0.28180697936434784,5602.473474555349,5607.058265947734,-2800.2367372776744,724.0,-591.1786904855671
/home/hpc/Desktop/resonant_swarm_runs/position_records/N200/kappa_1p5/okappa_2/pos_rep03_seed20000003.npz,200,1.5,2.0,3,20000003,com,-1,com,0.8011810004711151,0.5361021757125854,0.4353974163532257,2652,2652,True,,"Model comparison
----------------
truncated: xmin=3.48741, alpha=1.8812, xc=884.362, p=nan, KS=0.0296196, loglik=-2714.39, AIC=5430.77, BIC=5435.45
powerlaw: xmin=3.48741, alpha=1.91545, xc=nan, p=nan, KS=0.0391511, loglik=-2719.88, AIC=5441.75, BIC=5446.43
shifted_exp: xmin=3.48741, alpha=0.0576899, xc=nan, p=nan, KS=0.286429, loglik=-3055.17, AIC=6112.34, BIC=6117.02

ΔAIC / ΔBIC
truncated: ΔAIC = 0 ΔBIC = 0
powerlaw: ΔAIC = 10.9799 ΔBIC = 10.9799
shifted_exp: ΔAIC = 681.566 ΔBIC = 681.566
",truncated,3.487405002117157,True,,truncated,3.487405002117157,1.8811974524235102,884.3621335029602,,0.02961961075657571,5430.773719685921,5435.449542907556,-2714.3868598429603,793.0,True,,shifted_exp,3.487405002117157,0.057689908781717945,,,0.28642871522804225,6112.339396865033,6117.015220086669,-3055.1696984325167,793.0,-681.5656771791128
/home/hpc/Desktop/resonant_swarm_runs/position_records/N200/kappa_1p5/okappa_2/pos_rep04_seed20000004.npz,200,1.5,2.0,4,20000004,com,-1,com,0.8005929291248322,0.5236942768096924,0.37449562549591064,2836,2836,True,,"Model comparison
----------------
truncated: xmin=3.32054, alpha=1.94619, xc=501.657, p=nan, KS=0.0313891, loglik=-2960.73, AIC=5923.46, BIC=5928.28
powerlaw: xmin=3.32054, alpha=1.98719, xc=nan, p=nan, KS=0.038298, loglik=-2967.93, AIC=5937.85, BIC=5942.67
shifted_exp: xmin=3.32054, alpha=0.0780219, xc=nan, p=nan, KS=0.26018, loglik=-3266.7, AIC=6535.41, BIC=6540.23

ΔAIC / ΔBIC
truncated: ΔAIC = 0 ΔBIC = 0
powerlaw: ΔAIC = 14.3921 ΔBIC = 14.3921
shifted_exp: ΔAIC = 611.95 ΔBIC = 611.95
",truncated,3.3205390572547913,True,,truncated,3.3205390572547913,1.9461897866321796,501.6572436094284,,0.03138914152156219,5923.458501944749,5928.282875614792,-2960.7292509723743,920.0,True,,shifted_exp,3.3205390572547913,0.07802192337918913,,,0.26018036696953273,6535.408377990756,6540.232751660799,-3266.704188995378,920.0,-611.9498760460074
/home/hpc/Desktop/resonant_swarm_runs/position_records/N200/kappa_1p5/okappa_2/pos_rep05_seed20000005.npz,200,1.5,2.0,5,20000005,com,-1,com,0.8189777731895447,0.551723837852478,0.469139963388443,2571,2571,True,,"Model comparison
----------------
truncated: xmin=4.71858, alpha=1.93279, xc=1173.45, p=nan, KS=0.0223711, loglik=-2225.63, AIC=4453.27, BIC=4457.69
powerlaw: xmin=4.71858, alpha=1.96179, xc=nan, p=nan, KS=0.0300998, loglik=-2228.94, AIC=4459.87, BIC=4464.29
shifted_exp: xmin=4.71858, alpha=0.0436819, xc=nan, p=nan, KS=0.301761, loglik=-2536.32, AIC=5074.65, BIC=5079.07

ΔAIC / ΔBIC
truncated: ΔAIC = 0 ΔBIC = 0
powerlaw: ΔAIC = 6.60526 ΔBIC = 6.60526
shifted_exp: ΔAIC = 621.381 ΔBIC = 621.381
",truncated,4.718578040599823,True,,truncated,4.718578040599823,1.9327920427638774,1173.4537013173103,,0.022371135882600424,4453.268795026021,4457.688789954168,-2225.6343975130103,614.0,True,,shifted_exp,4.718578040599823,0.04368187354476198,,,0.30176071118618597,5074.649484715266,5079.069479643414,-2536.324742357633,614.0,-621.3806896892456
/home/hpc/Desktop/resonant_swarm_runs/position_records/N200/kappa_1p5/okappa_2/pos_rep06_seed20000006.npz,200,1.5,2.0,6,20000006,com,-1,com,0.8289151728153229,0.5594281554222107,0.4718274176120758,2544,2544,True,,"Model comparison
----------------
truncated: xmin=4.35454, alpha=1.93863, xc=1030.14, p=nan, KS=0.0249439, loglik=-2404.6, AIC=4811.21, BIC=4815.73
powerlaw: xmin=4.35454, alpha=1.96817, xc=nan, p=nan, KS=0.0298773, loglik=-2408.32, AIC=4818.64, BIC=4823.16
shifted_exp: xmin=4.35454, alpha=0.0473168, xc=nan, p=nan, KS=0.311736, loglik=-2758.66, AIC=5519.31, BIC=5523.83

ΔAIC / ΔBIC
truncated: ΔAIC = 0 ΔBIC = 0
powerlaw: ΔAIC = 7.42894 ΔBIC = 7.42894
shifted_exp: ΔAIC = 708.103 ΔBIC = 708.103
",truncated,4.354542970657349,True,,truncated,4.354542970657349,1.938627040929996,1030.1367926597595,,0.02494391048775979,4811.207873491907,4815.731435798057,-2404.6039367459534,681.0,True,,shifted_exp,4.354542970657349,0.04731684795777222,,,0.31173573817409883,5519.310618188781,5523.8341804949305,-2758.6553090943903,681.0,-708.1027446968737
/home/hpc/Desktop/resonant_swarm_runs/position_records/N200/kappa_1p5/okappa_2/pos_rep07_seed20000007.npz,200,1.5,2.0,7,20000007,com,-1,com,0.7924764454364777,0.51857590675354,0.3675375282764435,2859,2859,True,,"Model comparison
----------------
truncated: xmin=5.36638, alpha=1.98212, xc=467.667, p=nan, KS=0.028471, loglik=-2094.4, AIC=4190.79, BIC=4195.16
powerlaw: xmin=5.36638, alpha=2.03952, xc=nan, p=nan, KS=0.0390292, loglik=-2100.76, AIC=4203.53, BIC=4207.9
shifted_exp: xmin=5.36638, alpha=0.057194, xc=nan, p=nan, KS=0.234606, loglik=-2251.14, AIC=4504.28, BIC=4508.65

ΔAIC / ΔBIC
truncated: ΔAIC = 0 ΔBIC = 0
powerlaw: ΔAIC = 12.7369 ΔBIC = 12.7369
shifted_exp: ΔAIC = 313.491 ΔBIC = 313.491
",truncated,5.3663840889930725,True,,truncated,5.3663840889930725,1.9821201896225051,467.667378783226,,0.028471026268002908,4190.792459589353,4195.160646775703,-2094.3962297946764,583.0,True,,shifted_exp,5.3663840889930725,0.05719397363230615,,,0.2346062075586643,4504.283661434689,4508.651848621039,-2251.1418307173444,583.0,-313.49120184533604
/home/hpc/Desktop/resonant_swarm_runs/position_records/N200/kappa_1p5/okappa_2/pos_rep08_seed20000008.npz,200,1.5,2.0,8,20000008,com,-1,com,0.8297924399375916,0.5527395009994507,0.4542563855648041,2548,2548,True,,"Model comparison
----------------
truncated: xmin=3.31562, alpha=1.83367, xc=607.262, p=nan, KS=0.0288778, loglik=-2818.41, AIC=5638.82, BIC=5643.53
powerlaw: xmin=3.31562, alpha=1.88421, xc=nan, p=nan, KS=0.0424015, loglik=-2827.73, AIC=5657.45, BIC=5662.16
shifted_exp: xmin=3.31562, alpha=0.0558297, xc=nan, p=nan, KS=0.303435, loglik=-3182.18, AIC=6366.36, BIC=6371.07

ΔAIC / ΔBIC
truncated: ΔAIC = 0 ΔBIC = 0
powerlaw: ΔAIC = 18.6323 ΔBIC = 18.6323
shifted_exp: ΔAIC = 727.546 ΔBIC = 727.546
",truncated,3.3156200647354126,True,,truncated,3.3156200647354126,1.8336685438085967,607.2621113061905,,0.02887775114775762,5638.818021057594,5643.526105141447,-2818.409010528797,819.0,True,,shifted_exp,3.3156200647354126,0.05582974892489994,,,0.30343522298284975,6366.364506728112,6371.072590811966,-3182.182253364056,819.0,-727.5464856705185
/home/hpc/Desktop/resonant_swarm_runs/position_records/N200/kappa_1p5/okappa_2/pos_rep09_seed20000009.npz,200,1.5,2.0,9,20000009,com,-1,com,0.7950332880020144,0.5375176668167114,0.44503864645957947,2664,2664,True,,"Model comparison
----------------
truncated: xmin=3.62963, alpha=1.94864, xc=946.335, p=nan, KS=0.0266513, loglik=-2624.85, AIC=5251.7, BIC=5256.37
powerlaw: xmin=3.62963, alpha=1.97504, xc=nan, p=nan, KS=0.0328542, loglik=-2628.58, AIC=5259.16, BIC=5263.83
shifted_exp: xmin=3.62963, alpha=0.0575596, xc=nan, p=nan, KS=0.304026, loglik=-3033.83, AIC=6069.67, BIC=6074.34

ΔAIC / ΔBIC
truncated: ΔAIC = 0 ΔBIC = 0
powerlaw: ΔAIC = 7.46664 ΔBIC = 7.46664
shifted_exp: ΔAIC = 817.969 ΔBIC = 817.969
",truncated,3.629631280899048,True,,truncated,3.629631280899048,1.9486421136003627,946.3352978229523,,0.026651343777473913,5251.697911020524,5256.366139268941,-2624.848955510262,787.0,True,,shifted_exp,3.629631280899048,0.057559594624034746,,,0.3040262519424072,6069.666808018049,6074.335036266466,-3033.8334040090244,787.0,-817.968896997525
/home/hpc/Desktop/resonant_swarm_runs/position_records/N200/kappa_1p5/okappa_2/pos_rep10_seed20000010.npz,200,1.5,2.0,10,20000010,com,-1,com,0.8250119626522064,0.555584192276001,0.4781951904296875,2448,2448,True,,"Model comparison
----------------
truncated: xmin=4.21249, alpha=1.85442, xc=981.273, p=nan, KS=0.0254349, loglik=-2367.61, AIC=4737.23, BIC=4741.7
powerlaw: xmin=4.21249, alpha=1.89433, xc=nan, p=nan, KS=0.0357229, loglik=-2373.12, AIC=4748.24, BIC=4752.71
shifted_exp: xmin=4.21249, alpha=0.0433061, xc=nan, p=nan, KS=0.30383, loglik=-2678.23, AIC=5358.46, BIC=5362.94

ΔAIC / ΔBIC
truncated: ΔAIC = 0 ΔBIC = 0
powerlaw: ΔAIC = 11.0135 ΔBIC = 11.0135
shifted_exp: ΔAIC = 621.235 ΔBIC = 621.235
",truncated,4.212485373020172,True,,truncated,4.212485373020172,1.8544155763384043,981.2734649777412,,0.025434943632620777,4737.227794851009,4741.70014114551,-2367.6138974255045,647.0,True,,shifted_exp,4.212485373020172,0.043306111065897095,,,0.30382989572858177,5358.4632078769555,5362.935554171457,-2678.2316039384777,647.0,-621.2354130259464
/home/hpc/Desktop/resonant_swarm_runs/position_records/N200/kappa_1p5/okappa_2/pos_rep11_seed20000011.npz,200,1.5,2.0,11,20000011,com,-1,com,0.8133686542510986,0.5392354726791382,0.41983562707901,2635,2635,True,,"Model comparison
----------------
truncated: xmin=3.40429, alpha=1.92452, xc=1037.91, p=nan, KS=0.0305726, loglik=-2842.21, AIC=5686.41, BIC=5691.16
powerlaw: xmin=3.40429, alpha=1.95002, xc=nan, p=nan, KS=0.0347853, loglik=-2846.22, AIC=5694.44, BIC=5699.2
shifted_exp: xmin=3.40429, alpha=0.0634836, xc=nan, p=nan, KS=0.298733, loglik=-3212.21, AIC=6426.43, BIC=6431.18

ΔAIC / ΔBIC
truncated: ΔAIC = 0 ΔBIC = 0
powerlaw: ΔAIC = 8.03161 ΔBIC = 8.03161
shifted_exp: ΔAIC = 740.013 ΔBIC = 740.013
",truncated,3.4042888283729553,True,,truncated,3.4042888283729553,1.924516875634004,1037.9112494587898,,0.030572572904515927,5686.413217556066,5691.164319025003,-2842.206608778033,855.0,True,,shifted_exp,3.4042888283729553,0.06348356311100979,,,0.2987326344895286,6426.425976453729,6431.177077922666,-3212.2129882268646,855.0,-740.0127588976629
/home/hpc/Desktop/resonant_swarm_runs/position_records/N200/kappa_1p5/okappa_2/pos_rep12_seed20000012.npz,200,1.5,2.0,12,20000012,com,-1,com,0.8282092094421387,0.548161506652832,0.44537344574928284,2467,2467,True,,"Model comparison
----------------
truncated: xmin=3.39462, alpha=1.91801, xc=1036.35, p=nan, KS=0.0206052, loglik=-2817.26, AIC=5636.53, BIC=5641.27
powerlaw: xmin=3.39462, alpha=1.94411, xc=nan, p=nan, KS=0.0243114, loglik=-2821.37, AIC=5644.74, BIC=5649.48
shifted_exp: xmin=3.39462, alpha=0.0579989, xc=nan, p=nan, KS=0.322439, loglik=-3250.99, AIC=6503.99, BIC=6508.73

ΔAIC / ΔBIC
truncated: ΔAIC = 0 ΔBIC = 0
powerlaw: ΔAIC = 8.21418 ΔBIC = 8.21418
shifted_exp: ΔAIC = 867.464 ΔBIC = 867.464
",truncated,3.394618511199951,True,,truncated,3.394618511199951,1.9180110360607832,1036.3534880280495,,0.020605209470524563,5636.525936488208,5641.265273115565,-2817.262968244104,845.0,True,,shifted_exp,3.394618511199951,0.05799890298254364,,,0.3224387322313833,6503.9896987776465,6508.729035405004,-3250.9948493888232,845.0,-867.4637622894388
/home/hpc/Desktop/resonant_swarm_runs/position_records/N200/kappa_1p5/okappa_2/pos_rep13_seed20000013.npz,200,1.5,2.0,13,20000013,com,-1,com,0.820914888381958,0.5461210608482361,0.438027948141098,2588,2588,True,,"Model comparison
----------------
truncated: xmin=3.43189, alpha=1.8744, xc=897.935, p=nan, KS=0.0400129, loglik=-2837.15, AIC=5676.29, BIC=5681.01
powerlaw: xmin=3.43189, alpha=1.90868, xc=nan, p=nan, KS=0.0494098, loglik=-2842.94, AIC=5687.88, BIC=5692.6
shifted_exp: xmin=3.43189, alpha=0.0589286, xc=nan, p=nan, KS=0.275519, loglik=-3176.25, AIC=6354.51, BIC=6359.23

ΔAIC / ΔBIC
truncated: ΔAIC = 0 ΔBIC = 0
powerlaw: ΔAIC = 11.5895 ΔBIC = 11.5895
shifted_exp: ΔAIC = 678.216 ΔBIC = 678.216
",truncated,3.4318896532058716,True,,truncated,3.4318896532058716,1.8744034000551708,897.9346792697906,,0.040012876256676655,5676.293638029253,5681.0138581843885,-2837.1468190146265,829.0,True,,shifted_exp,3.4318896532058716,0.05892857003464355,,,0.2755192673818522,6354.509689730798,6359.229909885933,-3176.254844865399,829.0,-678.2160517015445
/home/hpc/Desktop/resonant_swarm_runs/position_records/N200/kappa_1p5/okappa_2/pos_rep14_seed20000014.npz,200,1.5,2.0,14,20000014,com,-1,com,0.8099568963050843,0.538932204246521,0.41929349303245544,2671,2671,True,,"Model comparison
----------------
truncated: xmin=4.4929, alpha=1.93471, xc=1294.37, p=nan, KS=0.02949, loglik=-2373.21, AIC=4748.42, BIC=4752.91
powerlaw: xmin=4.4929, alpha=1.96038, xc=nan, p=nan, KS=0.0350625, loglik=-2376.31, AIC=4754.61, BIC=4759.11
shifted_exp: xmin=4.4929, alpha=0.0527664, xc=nan, p=nan, KS=0.262181, loglik=-2613.47, AIC=5228.93, BIC=5233.43

ΔAIC / ΔBIC
truncated: ΔAIC = 0 ΔBIC = 0
powerlaw: ΔAIC = 6.19626 ΔBIC = 6.19626
shifted_exp: ΔAIC = 480.518 ΔBIC = 480.518
",truncated,4.4928969740867615,True,,truncated,4.4928969740867615,1.9347129821312212,1294.3661457896233,,0.02948998635299621,4748.41650189334,4752.913276883526,-2373.20825094667,663.0,True,,shifted_exp,4.4928969740867615,0.052766357332597956,,,0.2621812171812131,5228.934820045668,5233.431595035854,-2613.467410022834,663.0,-480.518318152328
/home/hpc/Desktop/resonant_swarm_runs/position_records/N200/kappa_1p5/okappa_2/pos_rep15_seed20000015.npz,200,1.5,2.0,15,20000015,com,-1,com,0.7953665256500244,0.5314779877662659,0.42582520842552185,2731,2731,True,,"Model comparison
----------------
truncated: xmin=3.56622, alpha=1.90483, xc=863.026, p=nan, KS=0.0309137, loglik=-2669.53, AIC=5341.06, BIC=5345.72
powerlaw: xmin=3.56622, alpha=1.9375, xc=nan, p=nan, KS=0.0398426, loglik=-2674.53, AIC=5351.07, BIC=5355.74
shifted_exp: xmin=3.56622, alpha=0.0598846, xc=nan, p=nan, KS=0.282593, loglik=-2998.85, AIC=5999.71, BIC=6004.37

ΔAIC / ΔBIC
truncated: ΔAIC = 0 ΔBIC = 0
powerlaw: ΔAIC = 10.0135 ΔBIC = 10.0135
shifted_exp: ΔAIC = 658.651 ΔBIC = 658.651
",truncated,3.56622052192688,True,,truncated,3.56622052192688,1.9048306532944308,863.0255526900291,,0.03091366839506171,5341.056418430347,5345.723375222776,-2669.5282092151733,786.0,True,,shifted_exp,3.56622052192688,0.059884625339677595,,,0.28259348307042587,5999.707372881488,6004.374329673917,-2998.853686440744,786.0,-658.6509544511409
/home/hpc/Desktop/resonant_swarm_runs/position_records/N200/kappa_1p5/okappa_2/pos_rep16_seed20000016.npz,200,1.5,2.0,16,20000016,com,-1,com,0.7953362226486207,0.5212809443473816,0.39359229803085327,2644,2644,True,,"Model comparison
----------------
truncated: xmin=3.2847, alpha=1.89193, xc=533.99, p=nan, KS=0.0269647, loglik=-2916.34, AIC=5834.68, BIC=5839.46
powerlaw: xmin=3.2847, alpha=1.93783, xc=nan, p=nan, KS=0.0378338, loglik=-2924.69, AIC=5851.39, BIC=5856.17
shifted_exp: xmin=3.2847, alpha=0.068685, xc=nan, p=nan, KS=0.276838, loglik=-3240.52, AIC=6483.03, BIC=6487.81

ΔAIC / ΔBIC
truncated: ΔAIC = 0 ΔBIC = 0
powerlaw: ΔAIC = 16.7081 ΔBIC = 16.7081
shifted_exp: ΔAIC = 648.354 ΔBIC = 648.354
",truncated,3.284695625305176,True,,truncated,3.284695625305176,1.8919327712428697,533.989864230156,,0.026964678397865094,5834.677074056161,5839.458131682097,-2916.3385370280803,881.0,True,,shifted_exp,3.284695625305176,0.0686850183796401,,,0.2768381663875721,6483.030999189969,6487.812056815906,-3240.5154995949847,881.0,-648.3539251338088
/home/hpc/Desktop/resonant_swarm_runs/position_records/N200/kappa_1p5/okappa_2/pos_rep17_seed20000017.npz,200,1.5,2.0,17,20000017,com,-1,com,0.8300580561161044,0.5524246692657471,0.45408642292022705,2425,2425,True,,"Model comparison
----------------
truncated: xmin=3.76126, alpha=1.85435, xc=1601.31, p=nan, KS=0.037668, loglik=-2572.54, AIC=5147.07, BIC=5151.65
powerlaw: xmin=3.76126, alpha=1.88032, xc=nan, p=nan, KS=0.0449148, loglik=-2576.3, AIC=5154.61, BIC=5159.18
shifted_exp: xmin=3.76126, alpha=0.0488285, xc=nan, p=nan, KS=0.285704, loglik=-2885.96, AIC=5773.92, BIC=5778.49

ΔAIC / ΔBIC
truncated: ΔAIC = 0 ΔBIC = 0
powerlaw: ΔAIC = 7.53163 ΔBIC = 7.53163
shifted_exp: ΔAIC = 626.842 ΔBIC = 626.842
",truncated,3.76125967502594,True,,truncated,3.76125967502594,1.8543472255095417,1601.312134861946,,0.03766795686073565,5147.074469771229,5151.650939340278,-2572.5372348856145,718.0,True,,shifted_exp,3.76125967502594,0.048828527975711467,,,0.2857044277661098,5773.9166258693685,5778.493095438417,-2885.9583129346843,718.0,-626.8421560981396
/home/hpc/Desktop/resonant_swarm_runs/position_records/N200/kappa_1p5/okappa_2/pos_rep18_seed20000018.npz,200,1.5,2.0,18,20000018,com,-1,com,0.8222940504550934,0.5607398152351379,0.4944252669811249,2463,2463,True,,"Model comparison
----------------
truncated: xmin=4.20408, alpha=1.92602, xc=1509.51, p=nan, KS=0.0231163, loglik=-2357.31, AIC=4716.63, BIC=4721.13
powerlaw: xmin=4.20408, alpha=1.94835, xc=nan, p=nan, KS=0.0286005, loglik=-2360, AIC=4722, BIC=4726.5
shifted_exp: xmin=4.20408, alpha=0.0438333, xc=nan, p=nan, KS=0.338695, loglik=-2748.82, AIC=5499.65, BIC=5504.15

ΔAIC / ΔBIC
truncated: ΔAIC = 0 ΔBIC = 0
powerlaw: ΔAIC = 5.36994 ΔBIC = 5.36994
shifted_exp: ΔAIC = 783.018 ΔBIC = 783.018
",truncated,4.204076886177063,True,,truncated,4.204076886177063,1.9260197390772833,1509.5114748477936,,0.023116328582906687,4716.627285523432,4721.128575193972,-2357.313642761716,666.0,True,,shifted_exp,4.204076886177063,0.04383329210435068,,,0.33869480528934937,5499.64572661521,5504.14701628575,-2748.822863307605,666.0,-783.0184410917782
/home/hpc/Desktop/resonant_swarm_runs/position_records/N200/kappa_1p5/okappa_2/pos_rep19_seed20000019.npz,200,1.5,2.0,19,20000019,com,-1,com,0.7877167999744416,0.5133377909660339,0.3577236235141754,2853,2853,True,,"Model comparison
----------------
truncated: xmin=6.24248, alpha=1.98914, xc=377.006, p=nan, KS=0.0271095, loglik=-1930.97, AIC=3863.94, BIC=3868.2
powerlaw: xmin=6.24248, alpha=2.06527, xc=nan, p=nan, KS=0.038657, loglik=-1938.7, AIC=3879.4, BIC=3883.66
shifted_exp: xmin=6.24248, alpha=0.0554241, xc=nan, p=nan, KS=0.217631, loglik=-2035.9, AIC=4073.81, BIC=4078.07

ΔAIC / ΔBIC
truncated: ΔAIC = 0 ΔBIC = 0
powerlaw: ΔAIC = 15.4618 ΔBIC = 15.4618
shifted_exp: ΔAIC = 209.865 ΔBIC = 209.865
",truncated,6.242478907108307,True,,truncated,6.242478907108307,1.989140435330085,377.0061824321747,,0.027109475719196474,3863.941637048927,3868.201218512992,-1930.9708185244635,523.0,True,,shifted_exp,6.242478907108307,0.055424117197803865,,,0.2176307963648117,4073.8065122445623,4078.0660937086272,-2035.9032561222812,523.0,-209.86487519563525
/home/hpc/Desktop/resonant_swarm_runs/position_records/N300/kappa_1p5/okappa_2/pos_rep00_seed30000000.npz,300,1.5,2.0,0,30000000,com,-1,com,0.7332398653030395,0.47236624360084534,0.33243778347969055,2331,2331,True,,"Model comparison
----------------
truncated: xmin=3.27365, alpha=1.72525, xc=216.431, p=nan, KS=0.0295804, loglik=-2577.4, AIC=5156.8, BIC=5161.41
powerlaw: xmin=3.27365, alpha=1.856, xc=nan, p=nan, KS=0.0512733, loglik=-2604.13, AIC=5210.25, BIC=5214.86
shifted_exp: xmin=3.27365, alpha=0.0652375, xc=nan, p=nan, KS=0.246053, loglik=-2767.45, AIC=5536.91, BIC=5541.51

ΔAIC / ΔBIC
truncated: ΔAIC = 0 ΔBIC = 0
powerlaw: ΔAIC = 53.4508 ΔBIC = 53.4508
shifted_exp: ΔAIC = 380.104 ΔBIC = 380.104
",truncated,3.2736514806747437,True,,truncated,3.2736514806747437,1.7252539985728754,216.43079096078873,,0.029580443310098792,5156.8011357209325,5161.4104849641,-2577.4005678604663,742.0,True,,shifted_exp,3.2736514806747437,0.0652375073197576,,,0.24605342282121634,5536.9055333594115,5541.514882602579,-2767.4527666797057,742.0,-380.104397638479
/home/hpc/Desktop/resonant_swarm_runs/position_records/N300/kappa_1p5/okappa_2/pos_rep01_seed30000001.npz,300,1.5,2.0,1,30000001,com,-1,com,0.7443100035190583,0.48382917046546936,0.3672792911529541,2157,2157,True,,"Model comparison
----------------
truncated: xmin=3.27451, alpha=1.79328, xc=667.69, p=nan, KS=0.0445525, loglik=-2552.73, AIC=5107.46, BIC=5112.05
powerlaw: xmin=3.27451, alpha=1.84665, xc=nan, p=nan, KS=0.0593678, loglik=-2561.98, AIC=5125.96, BIC=5130.55
shifted_exp: xmin=3.27451, alpha=0.0575151, xc=nan, p=nan, KS=0.265719, loglik=-2795.39, AIC=5592.78, BIC=5597.36

ΔAIC / ΔBIC
truncated: ΔAIC = 0 ΔBIC = 0
powerlaw: ΔAIC = 18.4983 ΔBIC = 18.4983
shifted_exp: ΔAIC = 485.311 ΔBIC = 485.311
",truncated,3.274514317512512,True,,truncated,3.274514317512512,1.7932826048195811,667.6895688772202,,0.04455246675655666,5107.463924555621,5112.050096210475,-2552.7319622778105,725.0,True,,shifted_exp,3.274514317512512,0.05751513976426778,,,0.2657192149708753,5592.77524510278,5597.361416757634,-2795.38762255139,725.0,-485.3113205471591
/home/hpc/Desktop/resonant_swarm_runs/position_records/N300/kappa_1p5/okappa_2/pos_rep02_seed30000002.npz,300,1.5,2.0,2,30000002,com,-1,com,0.7408525407314301,0.481298565864563,0.3632493317127228,2266,2266,True,,"Model comparison
----------------
truncated: xmin=3.36693, alpha=1.73896, xc=404.667, p=nan, KS=0.0327837, loglik=-2456.37, AIC=4914.73, BIC=4919.26
powerlaw: xmin=3.36693, alpha=1.82645, xc=nan, p=nan, KS=0.0509915, loglik=-2472.4, AIC=4946.8, BIC=4951.33
shifted_exp: xmin=3.36693, alpha=0.0551075, xc=nan, p=nan, KS=0.264915, loglik=-2666.55, AIC=5335.11, BIC=5339.63

ΔAIC / ΔBIC
truncated: ΔAIC = 0 ΔBIC = 0
powerlaw: ΔAIC = 32.0685 ΔBIC = 32.0685
shifted_exp: ΔAIC = 420.375 ΔBIC = 420.375
",truncated,3.366925537586212,True,,truncated,3.366925537586212,1.7389573051049996,404.6668345928192,,0.03278371459325567,4914.731121692565,4919.259079610187,-2456.3655608462823,684.0,True,,shifted_exp,3.366925537586212,0.0551074853872695,,,0.26491475508582485,5335.106578466911,5339.634536384533,-2666.5532892334554,684.0,-420.3754567743463
/home/hpc/Desktop/resonant_swarm_runs/position_records/N300/kappa_1p5/okappa_2/pos_rep03_seed30000003.npz,300,1.5,2.0,3,30000003,com,-1,com,0.7391353189945222,0.48402851819992065,0.3577915132045746,2340,2340,True,,"Model comparison
----------------
truncated: xmin=3.27782, alpha=1.87073, xc=792.044, p=nan, KS=0.0327912, loglik=-2625.12, AIC=5252.24, BIC=5256.89
powerlaw: xmin=3.27782, alpha=1.90751, xc=nan, p=nan, KS=0.0405211, loglik=-2631.03, AIC=5264.05, BIC=5268.71
shifted_exp: xmin=3.27782, alpha=0.0649255, xc=nan, p=nan, KS=0.271336, loglik=-2901.72, AIC=5805.44, BIC=5810.09

ΔAIC / ΔBIC
truncated: ΔAIC = 0 ΔBIC = 0
powerlaw: ΔAIC = 11.8157 ΔBIC = 11.8157
shifted_exp: ΔAIC = 553.198 ΔBIC = 553.198
",truncated,3.277816414833069,True,,truncated,3.277816414833069,1.8707278268718905,792.0440458655357,,0.03279121680423795,5252.237728754756,5256.893169105124,-2625.118864377378,777.0,True,,shifted_exp,3.277816414833069,0.06492552168836054,,,0.27133644766155773,5805.435511584935,5810.090951935303,-2901.7177557924674,777.0,-553.1977828301788
/home/hpc/Desktop/resonant_swarm_runs/position_records/N300/kappa_1p5/okappa_2/pos_rep04_seed30000004.npz,300,1.5,2.0,4,30000004,com,-1,com,0.7614077210426331,0.5031574368476868,0.42239895462989807,2074,2074,True,,"Model comparison
----------------
truncated: xmin=3.82784, alpha=1.81567, xc=1009, p=nan, KS=0.0321903, loglik=-2297.7, AIC=4597.39, BIC=4601.84
powerlaw: xmin=3.82784, alpha=1.85744, xc=nan, p=nan, KS=0.0379939, loglik=-2303.63, AIC=4609.26, BIC=4613.7
shifted_exp: xmin=3.82784, alpha=0.0451571, xc=nan, p=nan, KS=0.314562, loglik=-2577.39, AIC=5156.79, BIC=5161.23

ΔAIC / ΔBIC
truncated: ΔAIC = 0 ΔBIC = 0
powerlaw: ΔAIC = 11.8632 ΔBIC = 11.8632
shifted_exp: ΔAIC = 559.396 ΔBIC = 559.396
",truncated,3.8278421759605408,True,,truncated,3.8278421759605408,1.815671237210045,1008.9994717240334,,0.03219025985983555,4597.3933131625745,4601.837444419275,-2297.6966565812872,629.0,True,,shifted_exp,3.8278421759605408,0.045157146915032496,,,0.31456177677238417,5156.789252444583,5161.233383701284,-2577.3946262222917,629.0,-559.3959392820088
/home/hpc/Desktop/resonant_swarm_runs/position_records/N300/kappa_1p5/okappa_2/pos_rep05_seed30000005.npz,300,1.5,2.0,5,30000005,com,-1,com,0.7506828427314759,0.4867405593395233,0.36717653274536133,2210,2210,True,,"Model comparison
----------------
truncated: xmin=4.2073, alpha=1.68575, xc=315.752, p=nan, KS=0.022762, loglik=-2159.34, AIC=4320.68, BIC=4325.02
powerlaw: xmin=4.2073, alpha=1.81796, xc=nan, p=nan, KS=0.0548644, loglik=-2181.08, AIC=4364.16, BIC=4368.5
shifted_exp: xmin=4.2073, alpha=0.0460363, xc=nan, p=nan, KS=0.238559, loglik=-2304.25, AIC=4610.51, BIC=4614.84

ΔAIC / ΔBIC
truncated: ΔAIC = 0 ΔBIC = 0
powerlaw: ΔAIC = 43.4826 ΔBIC = 43.4826
shifted_exp: ΔAIC = 289.827 ΔBIC = 289.827
",truncated,4.207297265529633,True,,truncated,4.207297265529633,1.6857500634460096,315.75237584114075,,0.022762037577011673,4320.6808423572975,4325.017668088444,-2159.3404211786487,565.0,True,,shifted_exp,4.207297265529633,0.04603629253542131,,,0.23855873362714525,4610.507504705935,4614.844330437082,-2304.2537523529677,565.0,-289.8266623486379
/home/hpc/Desktop/resonant_swarm_runs/position_records/N300/kappa_1p5/okappa_2/pos_rep06_seed30000006.npz,300,1.5,2.0,6,30000006,com,-1,com,0.736072051525116,0.48929062485694885,0.4027998745441437,2253,2253,True,,"Model comparison
----------------
truncated: xmin=3.40561, alpha=1.77922, xc=1002.88, p=nan, KS=0.0402933, loglik=-2366.64, AIC=4735.29, BIC=4739.77
powerlaw: xmin=3.40561, alpha=1.82319, xc=nan, p=nan, KS=0.0510856, loglik=-2373.5, AIC=4749.01, BIC=4753.49
shifted_exp: xmin=3.40561, alpha=0.049684, xc=nan, p=nan, KS=0.28924, loglik=-2613.35, AIC=5228.71, BIC=5233.19

ΔAIC / ΔBIC
truncated: ΔAIC = 0 ΔBIC = 0
powerlaw: ΔAIC = 13.7208 ΔBIC = 13.7208
shifted_exp: ΔAIC = 493.419 ΔBIC = 493.419
",truncated,3.405612826347351,True,,truncated,3.405612826347351,1.779222528362857,1002.8787211179733,,0.04029334245520133,4735.286249994458,4739.767827123734,-2366.643124997229,653.0,True,,shifted_exp,3.405612826347351,0.0496840482397143,,,0.28924024057318554,5228.705194031343,5233.186771160619,-2613.3525970156716,653.0,-493.4189440368855
/home/hpc/Desktop/resonant_swarm_runs/position_records/N300/kappa_1p5/okappa_2/pos_rep07_seed30000007.npz,300,1.5,2.0,7,30000007,com,-1,com,0.723597913980484,0.4681374430656433,0.32552918791770935,2505,2505,True,,"Model comparison
----------------
truncated: xmin=3.21119, alpha=1.81813, xc=265.059, p=nan, KS=0.0294806, loglik=-2614.69, AIC=5231.37, BIC=5236.03
powerlaw: xmin=3.21119, alpha=1.90936, xc=nan, p=nan, KS=0.0496291, loglik=-2631.92, AIC=5265.84, BIC=5270.5
shifted_exp: xmin=3.21119, alpha=0.0731661, xc=nan, p=nan, KS=0.252248, loglik=-2830.56, AIC=5663.13, BIC=5667.79

ΔAIC / ΔBIC
truncated: ΔAIC = 0 ΔBIC = 0
powerlaw: ΔAIC = 34.4668 ΔBIC = 34.4668
shifted_exp: ΔAIC = 431.755 ΔBIC = 431.755
",truncated,3.21118700504303,True,,truncated,3.21118700504303,1.8181328446334553,265.0591015815735,,0.02948062480233571,5231.371100821397,5236.034233517387,-2614.6855504106984,783.0,True,,shifted_exp,3.21118700504303,0.07316612080117765,,,0.2522478301840085,5663.125698127291,5667.788830823281,-2830.5628490636454,783.0,-431.7545973058941
/home/hpc/Desktop/resonant_swarm_runs/position_records/N300/kappa_1p5/okappa_2/pos_rep08_seed30000008.npz,300,1.5,2.0,8,30000008,com,-1,com,0.7275499224662781,0.46897605061531067,0.33533117175102234,2294,2294,True,,"Model comparison
----------------
truncated: xmin=4.86591, alpha=1.76681, xc=315.908, p=nan, KS=0.0327018, loglik=-2012.39, AIC=4026.78, BIC=4031.05
powerlaw: xmin=4.86591, alpha=1.88749, xc=nan, p=nan, KS=0.0605027, loglik=-2029.05, AIC=4060.1, BIC=4064.37
shifted_exp: xmin=4.86591, alpha=0.0494123, xc=nan, p=nan, KS=0.225224, loglik=-2124, AIC=4250.01, BIC=4254.28

ΔAIC / ΔBIC
truncated: ΔAIC = 0 ΔBIC = 0
powerlaw: ΔAIC = 33.3217 ΔBIC = 33.3217
shifted_exp: ΔAIC = 223.233 ΔBIC = 223.233
",truncated,4.865906894207001,True,,truncated,4.865906894207001,1.766807358164708,315.9075166583061,,0.03270178679813712,4026.7756114354183,4031.0484884419643,-2012.3878057177092,530.0,True,,shifted_exp,4.865906894207001,0.04941233392018394,,,0.2252241575997168,4250.008524141345,4254.281401147891,-2124.0042620706727,530.0,-223.232912705927
/home/hpc/Desktop/resonant_swarm_runs/position_records/N300/kappa_1p5/okappa_2/pos_rep09_seed30000009.npz,300,1.5,2.0,9,30000009,com,-1,com,0.7504409015178681,0.4841655492782593,0.35326457023620605,2219,2219,True,,"Model comparison
----------------
truncated: xmin=3.34899, alpha=1.81658, xc=821.903, p=nan, KS=0.0386755, loglik=-2602.12, AIC=5206.24, BIC=5210.85
powerlaw: xmin=3.34899, alpha=1.86029, xc=nan, p=nan, KS=0.0498571, loglik=-2609.46, AIC=5220.92, BIC=5225.53
shifted_exp: xmin=3.34899, alpha=0.0611449, xc=nan, p=nan, KS=0.261188, loglik=-2811.73, AIC=5625.46, BIC=5630.07

ΔAIC / ΔBIC
truncated: ΔAIC = 0 ΔBIC = 0
powerlaw: ΔAIC = 14.682 ΔBIC = 14.682
shifted_exp: ΔAIC = 419.222 ΔBIC = 419.222
",truncated,3.348991870880127,True,,truncated,3.348991870880127,1.8165825508852549,821.9027197957039,,0.03867550468571079,5206.240797499599,5210.8487981248945,-2602.1203987497993,741.0,True,,shifted_exp,3.348991870880127,0.06114486990670029,,,0.2611876048273162,5625.462803292655,5630.070803917951,-2811.7314016463274,741.0,-419.22200579305627
/home/hpc/Desktop/resonant_swarm_runs/position_records/N300/kappa_1p5/okappa_2/pos_rep10_seed30000010.npz,300,1.5,2.0,10,30000010,com,-1,com,0.7362014889717102,0.48098060488700867,0.3584655225276947,2201,2201,True,,"Model comparison
----------------
truncated: xmin=2.99601, alpha=1.79022, xc=526.468, p=nan, KS=0.0349173, loglik=-2577.39, AIC=5156.77, BIC=5161.4
powerlaw: xmin=2.99601, alpha=1.84962, xc=nan, p=nan, KS=0.0427933, loglik=-2588.24, AIC=5178.47, BIC=5183.1
shifted_exp: xmin=2.99601, alpha=0.0596039, xc=nan, p=nan, KS=0.295776, loglik=-2876.49, AIC=5754.97, BIC=5759.6

ΔAIC / ΔBIC
truncated: ΔAIC = 0 ΔBIC = 0
powerlaw: ΔAIC = 21.6999 ΔBIC = 21.6999
shifted_exp: ΔAIC = 598.197 ΔBIC = 598.197
",truncated,2.996014416217804,True,,truncated,2.996014416217804,1.7902167903782356,526.4680784344673,,0.0349172629866733,5156.7749083008575,5161.398973528658,-2577.3874541504288,753.0,True,,shifted_exp,2.996014416217804,0.0596038757283643,,,0.2957758294835823,5754.972225106742,5759.596290334543,-2876.486112553371,753.0,-598.1973168058848
/home/hpc/Desktop/resonant_swarm_runs/position_records/N300/kappa_1p5/okappa_2/pos_rep11_seed30000011.npz,300,1.5,2.0,11,30000011,com,-1,com,0.7673515021800995,0.5027337670326233,0.41245704889297485,2024,2024,True,,"Model comparison
----------------
truncated: xmin=2.56926, alpha=1.73474, xc=725.725, p=nan, KS=0.0418917, loglik=-2706.94, AIC=5415.89, BIC=5420.56
powerlaw: xmin=2.56926, alpha=1.78721, xc=nan, p=nan, KS=0.0494784, loglik=-2717.66, AIC=5437.33, BIC=5442
shifted_exp: xmin=2.56926, alpha=0.0534665, xc=nan, p=nan, KS=0.325412, loglik=-3091.89, AIC=6185.77, BIC=6190.44

ΔAIC / ΔBIC
truncated: ΔAIC = 0 ΔBIC = 0
powerlaw: ΔAIC = 21.4385 ΔBIC = 21.4385
shifted_exp: ΔAIC = 769.883 ΔBIC = 769.883
",truncated,2.569261848926544,True,,truncated,2.569261848926544,1.734742092945093,725.7252576351166,,0.041891684602567994,5415.889156137178,5420.5573843855955,-2706.944578068589,787.0,True,,shifted_exp,2.569261848926544,0.05346653954376241,,,0.32541168257665587,6185.772619234132,6190.4408474825495,-3091.886309617066,787.0,-769.8834630969541
/home/hpc/Desktop/resonant_swarm_runs/position_records/N300/kappa_1p5/okappa_2/pos_rep12_seed30000012.npz,300,1.5,2.0,12,30000012,com,-1,com,0.7375163972377777,0.47728317975997925,0.3630976974964142,2184,2184,True,,"Model comparison
----------------
truncated: xmin=3.24539, alpha=1.79619, xc=550.765, p=nan, KS=0.031411, loglik=-2580.27, AIC=5162.54, BIC=5167.15
powerlaw: xmin=3.24539, alpha=1.85589, xc=nan, p=nan, KS=0.0448057, loglik=-2590.9, AIC=5183.81, BIC=5188.41
shifted_exp: xmin=3.24539, alpha=0.0597079, xc=nan, p=nan, KS=0.284665, loglik=-2825.54, AIC=5653.07, BIC=5657.68

ΔAIC / ΔBIC
truncated: ΔAIC = 0 ΔBIC = 0
powerlaw: ΔAIC = 21.2647 ΔBIC = 21.2647
shifted_exp: ΔAIC = 490.53 ΔBIC = 490.53
",truncated,3.2453863620758057,True,,truncated,3.2453863620758057,1.7961901001313774,550.7650579810143,,0.031410987242831645,5162.540842978141,5167.147493164339,-2580.2704214890705,740.0,True,,shifted_exp,3.2453863620758057,0.0597079026842384,,,0.2846647173056729,5653.070523229259,5657.677173415457,-2825.5352616146297,740.0,-490.5296802511184
/home/hpc/Desktop/resonant_swarm_runs/position_records/N300/kappa_1p5/okappa_2/pos_rep13_seed30000013.npz,300,1.5,2.0,13,30000013,com,-1,com,0.7280238926410676,0.47715339064598083,0.36070650815963745,2387,2387,True,,"Model comparison
----------------
truncated: xmin=3.25286, alpha=1.84042, xc=602.364, p=nan, KS=0.0294878, loglik=-2468.75, AIC=4939.5, BIC=4944.08
powerlaw: xmin=3.25286, alpha=1.88953, xc=nan, p=nan, KS=0.0364818, loglik=-2476.65, AIC=4955.31, BIC=4959.89
shifted_exp: xmin=3.25286, alpha=0.0603924, xc=nan, p=nan, KS=0.301828, loglik=-2756.19, AIC=5514.38, BIC=5518.96

ΔAIC / ΔBIC
truncated: ΔAIC = 0 ΔBIC = 0
powerlaw: ΔAIC = 15.8117 ΔBIC = 15.8117
shifted_exp: ΔAIC = 574.884 ΔBIC = 574.884
",truncated,3.252858579158783,True,,truncated,3.252858579158783,1.8404214001679386,602.3644416928291,,0.0294877894998508,4939.495456071278,4944.080247463663,-2468.747728035639,724.0,True,,shifted_exp,3.252858579158783,0.06039242642799375,,,0.3018278323490863,5514.378996499827,5518.963787892212,-2756.1894982499134,724.0,-574.8835404285492
/home/hpc/Desktop/resonant_swarm_runs/position_records/N300/kappa_1p5/okappa_2/pos_rep14_seed30000014.npz,300,1.5,2.0,14,30000014,com,-1,com,0.739590460062027,0.4767216145992279,0.34875422716140747,2309,2309,True,,"Model comparison
----------------
truncated: xmin=3.28294, alpha=1.77319, xc=403.284, p=nan, KS=0.029795, loglik=-2546.57, AIC=5095.15, BIC=5099.74
powerlaw: xmin=3.28294, alpha=1.85191, xc=nan, p=nan, KS=0.0514123, loglik=-2561.1, AIC=5124.21, BIC=5128.8
shifted_exp: xmin=3.28294, alpha=0.0615173, xc=nan, p=nan, KS=0.247938, loglik=-2754.19, AIC=5510.39, BIC=5514.98

ΔAIC / ΔBIC
truncated: ΔAIC = 0 ΔBIC = 0
powerlaw: ΔAIC = 29.0606 ΔBIC = 29.0606
shifted_exp: ΔAIC = 415.239 ΔBIC = 415.239
",truncated,3.282939612865448,True,,truncated,3.282939612865448,1.7731893264578198,403.28380757570267,,0.029794971069353804,5095.1488913658195,5099.737817843353,-2546.5744456829098,727.0,True,,shifted_exp,3.282939612865448,0.0615172710662587,,,0.24793837354573633,5510.387853464708,5514.976779942242,-2754.193926732354,727.0,-415.2389620988888
/home/hpc/Desktop/resonant_swarm_runs/position_records/N300/kappa_1p5/okappa_2/pos_rep15_seed30000015.npz,300,1.5,2.0,15,30000015,com,-1,com,0.7518337309360504,0.48316025733947754,0.3438875675201416,2217,2217,True,,"Model comparison
----------------
truncated: xmin=3.3341, alpha=1.75849, xc=393.058, p=nan, KS=0.02538, loglik=-2513.74, AIC=5029.48, BIC=5034.05
powerlaw: xmin=3.3341, alpha=1.84257, xc=nan, p=nan, KS=0.0421534, loglik=-2529.27, AIC=5060.54, BIC=5065.1
shifted_exp: xmin=3.3341, alpha=0.0590036, xc=nan, p=nan, KS=0.256901, loglik=-2719.41, AIC=5440.82, BIC=5445.39

ΔAIC / ΔBIC
truncated: ΔAIC = 0 ΔBIC = 0
powerlaw: ΔAIC = 31.0572 ΔBIC = 31.0572
shifted_exp: ΔAIC = 411.34 ΔBIC = 411.34
",truncated,3.334095001220703,True,,truncated,3.334095001220703,1.7584922795457831,393.05785351991653,,0.025379953877249672,5029.481852708134,5034.047117678169,-2513.740926354067,710.0,True,,shifted_exp,3.334095001220703,0.05900362981793955,,,0.2569011195902763,5440.82196677585,5445.387231745885,-2719.410983387925,710.0,-411.34011406771606
/home/hpc/Desktop/resonant_swarm_runs/position_records/N300/kappa_1p5/okappa_2/pos_rep16_seed30000016.npz,300,1.5,2.0,16,30000016,com,-1,com,0.7457959055900574,0.4779101014137268,0.3318299949169159,2308,2308,True,,"Model comparison
----------------
truncated: xmin=3.04858, alpha=1.7879, xc=347.851, p=nan, KS=0.0297793, loglik=-2708.87, AIC=5419.73, BIC=5424.42
powerlaw: xmin=3.04858, alpha=1.86729, xc=nan, p=nan, KS=0.0450819, loglik=-2724.66, AIC=5451.32, BIC=5456
shifted_exp: xmin=3.04858, alpha=0.0676072, xc=nan, p=nan, KS=0.266146, loglik=-2951.54, AIC=5905.08, BIC=5909.76

ΔAIC / ΔBIC
truncated: ΔAIC = 0 ΔBIC = 0
powerlaw: ΔAIC = 31.5823 ΔBIC = 31.5823
shifted_exp: ΔAIC = 485.344 ΔBIC = 485.344
",truncated,3.0485798716545105,True,,truncated,3.0485798716545105,1.7879048688003345,347.85111051797867,,0.029779272580938043,5419.733134971281,5424.4164959170475,-2708.8665674856406,799.0,True,,shifted_exp,3.0485798716545105,0.06760722048045789,,,0.2661456333816927,5905.076702694174,5909.76006363994,-2951.538351347087,799.0,-485.34356772289266
/home/hpc/Desktop/resonant_swarm_runs/position_records/N300/kappa_1p5/okappa_2/pos_rep17_seed30000017.npz,300,1.5,2.0,17,30000017,com,-1,com,0.7257252395153045,0.4635471999645233,0.31629130244255066,2403,2403,True,,"Model comparison
----------------
truncated: xmin=3.30157, alpha=1.75666, xc=231.855, p=nan, KS=0.0231646, loglik=-2505.9, AIC=5013.8, BIC=5018.39
powerlaw: xmin=3.30157, alpha=1.87403, xc=nan, p=nan, KS=0.0444362, loglik=-2528.46, AIC=5058.91, BIC=5063.5
shifted_exp: xmin=3.30157, alpha=0.0678013, xc=nan, p=nan, KS=0.235807, loglik=-2687.17, AIC=5376.35, BIC=5380.94

ΔAIC / ΔBIC
truncated: ΔAIC = 0 ΔBIC = 0
powerlaw: ΔAIC = 45.1077 ΔBIC = 45.1077
shifted_exp: ΔAIC = 362.546 ΔBIC = 362.546
",truncated,3.3015706539154053,True,,truncated,3.3015706539154053,1.7566558462658062,231.8551555275917,,0.023164596311080407,5013.802614486656,5018.392915534853,-2505.901307243328,728.0,True,,shifted_exp,3.3015706539154053,0.06780133935892385,,,0.23580680527393727,5376.348368006082,5380.938669054279,-2687.174184003041,728.0,-362.5457535194255
/home/hpc/Desktop/resonant_swarm_runs/position_records/N300/kappa_1p5/okappa_2/pos_rep18_seed30000018.npz,300,1.5,2.0,18,30000018,com,-1,com,0.7567007601261139,0.4962450861930847,0.39042526483535767,2089,2089,True,,"Model comparison
----------------
truncated: xmin=3.4235, alpha=1.74698, xc=573.747, p=nan, KS=0.0275873, loglik=-2434.9, AIC=4871.81, BIC=4876.32
powerlaw: xmin=3.4235, alpha=1.81662, xc=nan, p=nan, KS=0.0415007, loglik=-2447.07, AIC=4896.15, BIC=4900.65
shifted_exp: xmin=3.4235, alpha=0.0497182, xc=nan, p=nan, KS=0.28816, loglik=-2676.93, AIC=5355.85, BIC=5360.36

ΔAIC / ΔBIC
truncated: ΔAIC = 0 ΔBIC = 0
powerlaw: ΔAIC = 24.3354 ΔBIC = 24.3354
shifted_exp: ΔAIC = 484.041 ΔBIC = 484.041
",truncated,3.4234976172447205,True,,truncated,3.4234976172447205,1.7469847011765258,573.7467003464699,,0.027587286903069993,4871.809657651468,4876.315441711597,-2434.904828825734,669.0,True,,shifted_exp,3.4234976172447205,0.04971824870506509,,,0.2881597004746459,5355.850769912912,5360.356553973041,-2676.925384956456,669.0,-484.04111226144414
/home/hpc/Desktop/resonant_swarm_runs/position_records/N300/kappa_1p5/okappa_2/pos_rep19_seed30000019.npz,300,1.5,2.0,19,30000019,com,-1,com,0.7511551439762116,0.48985230922698975,0.3743281066417694,2225,2225,True,,"Model comparison
----------------
truncated: xmin=4.02011, alpha=1.80742, xc=437.217, p=nan, KS=0.0292078, loglik=-2319.41, AIC=4640.82, BIC=4645.28
powerlaw: xmin=4.02011, alpha=1.88521, xc=nan, p=nan, KS=0.0478857, loglik=-2331.47, AIC=4664.94, BIC=4669.4
shifted_exp: xmin=4.02011, alpha=0.0529438, xc=nan, p=nan, KS=0.261138, loglik=-2520.66, AIC=5043.31, BIC=5047.77

ΔAIC / ΔBIC
truncated: ΔAIC = 0 ΔBIC = 0
powerlaw: ΔAIC = 24.1178 ΔBIC = 24.1178
shifted_exp: ΔAIC = 402.494 ΔBIC = 402.494
",truncated,4.020110607147217,True,,truncated,4.020110607147217,1.8074180232862342,437.21702885627747,,0.02920777253196105,4640.818060880919,4645.279529057272,-2319.4090304404594,640.0,True,,shifted_exp,4.020110607147217,0.052943754249078406,,,0.2611381487570841,5043.312216995773,5047.7736851721265,-2520.6561084978866,640.0,-402.4941561148544
/home/hpc/Desktop/resonant_swarm_runs/position_records/N400/kappa_1p5/okappa_2/pos_rep00_seed40000000.npz,400,1.5,2.0,0,40000000,com,-1,com,0.670141500234604,0.43670445680618286,0.3019014298915863,2303,2303,True,,"Model comparison
----------------
truncated: xmin=3.04774, alpha=1.76582, xc=327.043, p=nan, KS=0.0366565, loglik=-2244.95, AIC=4491.89, BIC=4496.38
powerlaw: xmin=3.04774, alpha=1.85338, xc=nan, p=nan, KS=0.0449446, loglik=-2259.77, AIC=4521.54, BIC=4526.03
shifted_exp: xmin=3.04774, alpha=0.0616442, xc=nan, p=nan, KS=0.295095, loglik=-2483.86, AIC=4969.72, BIC=4974.21

ΔAIC / ΔBIC
truncated: ΔAIC = 0 ΔBIC = 0
powerlaw: ΔAIC = 29.6471 ΔBIC = 29.6471
shifted_exp: ΔAIC = 477.832 ΔBIC = 477.832
",truncated,3.0477375388145447,True,,truncated,3.0477375388145447,1.7658197636624953,327.0429809689522,,0.036656455167136004,4491.892147625859,4496.3783084148035,-2244.9460738129296,656.0,True,,shifted_exp,3.0477375388145447,0.061644246119243955,,,0.2950949998829354,4969.72450528604,4974.210666074984,-2483.86225264302,656.0,-477.8323576601806
/home/hpc/Desktop/resonant_swarm_runs/position_records/N400/kappa_1p5/okappa_2/pos_rep01_seed40000001.npz,400,1.5,2.0,1,40000001,com,-1,com,0.6720648646354676,0.44240787625312805,0.3415769040584564,2070,2070,True,,"Model comparison
----------------
truncated: xmin=3.05576, alpha=1.75965, xc=828.859, p=nan, KS=0.0356091, loglik=-2248.59, AIC=4499.19, BIC=4503.64
powerlaw: xmin=3.05576, alpha=1.80917, xc=nan, p=nan, KS=0.0430266, loglik=-2256.39, AIC=4514.79, BIC=4519.24
shifted_exp: xmin=3.05576, alpha=0.0531812, xc=nan, p=nan, KS=0.311948, loglik=-2490.25, AIC=4982.51, BIC=4986.96

ΔAIC / ΔBIC
truncated: ΔAIC = 0 ΔBIC = 0
powerlaw: ΔAIC = 15.6006 ΔBIC = 15.6006
shifted_exp: ΔAIC = 483.318 ΔBIC = 483.318
",truncated,3.0557554364204407,True,,truncated,3.0557554364204407,1.7596522936419952,828.8592035770416,,0.035609067047987386,4499.1892691597095,4503.639739581854,-2248.5946345798548,633.0,True,,shifted_exp,3.0557554364204407,0.05318123124931559,,,0.3119484459154849,4982.506972039165,4986.957442461309,-2490.2534860195824,633.0,-483.3177028794553
/home/hpc/Desktop/resonant_swarm_runs/position_records/N400/kappa_1p5/okappa_2/pos_rep02_seed40000002.npz,400,1.5,2.0,2,40000002,com,-1,com,0.7049839258193971,0.4563790261745453,0.339202344417572,1873,1873,True,,"Model comparison
----------------
truncated: xmin=3.63146, alpha=1.65907, xc=294.744, p=nan, KS=0.0237542, loglik=-2222.34, AIC=4446.69, BIC=4451.07
powerlaw: xmin=3.63146, alpha=1.79325, xc=nan, p=nan, KS=0.0538584, loglik=-2246.45, AIC=4494.9, BIC=4499.28
shifted_exp: xmin=3.63146, alpha=0.0487983, xc=nan, p=nan, KS=0.259258, loglik=-2387.92, AIC=4777.83, BIC=4782.22

ΔAIC / ΔBIC
truncated: ΔAIC = 0 ΔBIC = 0
powerlaw: ΔAIC = 48.2092 ΔBIC = 48.2092
shifted_exp: ΔAIC = 331.144 ΔBIC = 331.144
",truncated,3.631464958190918,True,,truncated,3.631464958190918,1.659068565664604,294.7439116239548,,0.0237542293501678,4446.686905833905,4451.073785153268,-2222.3434529169526,594.0,True,,shifted_exp,3.631464958190918,0.048798293043810885,,,0.25925798867962224,4777.831215070139,4782.218094389501,-2387.9156075350693,594.0,-331.1443092362333
/home/hpc/Desktop/resonant_swarm_runs/position_records/N400/kappa_1p5/okappa_2/pos_rep03_seed40000003.npz,400,1.5,2.0,3,40000003,com,-1,com,0.6720707297325135,0.4434460699558258,0.3361770808696747,2257,2257,True,,"Model comparison
----------------
truncated: xmin=3.87023, alpha=1.77178, xc=404.434, p=nan, KS=0.0284478, loglik=-1972.38, AIC=3946.76, BIC=3951.05
powerlaw: xmin=3.87023, alpha=1.85947, xc=nan, p=nan, KS=0.0415305, loglik=-1984.52, AIC=3971.05, BIC=3975.34
shifted_exp: xmin=3.87023, alpha=0.0500185, xc=nan, p=nan, KS=0.284362, loglik=-2161.49, AIC=4324.98, BIC=4329.28

ΔAIC / ΔBIC
truncated: ΔAIC = 0 ΔBIC = 0
powerlaw: ΔAIC = 24.2913 ΔBIC = 24.2913
shifted_exp: ΔAIC = 378.224 ΔBIC = 378.224
",truncated,3.8702343702316284,True,,truncated,3.8702343702316284,1.7717794375789298,404.4337688088417,,0.028447773172142143,3946.7582544675683,3951.051673746415,-1972.3791272337842,541.0,True,,shifted_exp,3.8702343702316284,0.05001847322578602,,,0.28436223243352465,4324.982633209904,4329.27605248875,-2161.491316604952,541.0,-378.2243787423354
/home/hpc/Desktop/resonant_swarm_runs/position_records/N400/kappa_1p5/okappa_2/pos_rep04_seed40000004.npz,400,1.5,2.0,4,40000004,com,-1,com,0.6942862212657929,0.4586489200592041,0.36963334679603577,2077,2077,True,,"Model comparison
----------------
truncated: xmin=2.99528, alpha=1.79293, xc=1131.84, p=nan, KS=0.0300811, loglik=-2330.8, AIC=4663.61, BIC=4668.11
powerlaw: xmin=2.99528, alpha=1.82851, xc=nan, p=nan, KS=0.0354798, loglik=-2336.25, AIC=4674.49, BIC=4679
shifted_exp: xmin=2.99528, alpha=0.0530584, xc=nan, p=nan, KS=0.311801, loglik=-2633.43, AIC=5268.85, BIC=5273.36

ΔAIC / ΔBIC
truncated: ΔAIC = 0 ΔBIC = 0
powerlaw: ΔAIC = 10.8851 ΔBIC = 10.8851
shifted_exp: ΔAIC = 605.247 ΔBIC = 605.247
",truncated,2.995279014110565,True,,truncated,2.995279014110565,1.7929315158123447,1131.83689981699,,0.030081104340828294,4663.605064292658,4668.110848352787,-2330.802532146329,669.0,True,,shifted_exp,2.995279014110565,0.053058396918553866,,,0.31180083693452476,5268.852547796586,5273.358331856714,-2633.426273898293,669.0,-605.2474835039275
/home/hpc/Desktop/resonant_swarm_runs/position_records/N400/kappa_1p5/okappa_2/pos_rep05_seed40000005.npz,400,1.5,2.0,5,40000005,com,-1,com,0.7004862546920777,0.4521726965904236,0.3597947955131531,1873,1873,True,,"Model comparison
----------------
truncated: xmin=2.85275, alpha=1.75092, xc=786.415, p=nan, KS=0.0339137, loglik=-2414.8, AIC=4831.6, BIC=4836.13
powerlaw: xmin=2.85275, alpha=1.80139, xc=nan, p=nan, KS=0.0431172, loglik=-2423.58, AIC=4849.16, BIC=4853.69
shifted_exp: xmin=2.85275, alpha=0.0535965, xc=nan, p=nan, KS=0.320033, loglik=-2705.2, AIC=5412.4, BIC=5416.94

ΔAIC / ΔBIC
truncated: ΔAIC = 0 ΔBIC = 0
powerlaw: ΔAIC = 17.561 ΔBIC = 17.561
shifted_exp: ΔAIC = 580.805 ΔBIC = 580.805
",truncated,2.852752208709717,True,,truncated,2.852752208709717,1.7509203956251953,786.4149442315102,,0.03391366387098094,4831.596499540508,4836.131740811522,-2414.798249770254,689.0,True,,shifted_exp,2.852752208709717,0.053596523642380794,,,0.32003278434969884,5412.401535048382,5416.936776319396,-2705.200767524191,689.0,-580.805035507874
/home/hpc/Desktop/resonant_swarm_runs/position_records/N400/kappa_1p5/okappa_2/pos_rep06_seed40000006.npz,400,1.5,2.0,6,40000006,com,-1,com,0.7023439288139344,0.46481022238731384,0.3867029845714569,1855,1855,True,,"Model comparison
----------------
truncated: xmin=3.1226, alpha=1.70536, xc=578.27, p=nan, KS=0.0272559, loglik=-2248.55, AIC=4499.11, BIC=4503.53
powerlaw: xmin=3.1226, alpha=1.77941, xc=nan, p=nan, KS=0.037714, loglik=-2261.27, AIC=4524.55, BIC=4528.97
shifted_exp: xmin=3.1226, alpha=0.045391, xc=nan, p=nan, KS=0.316957, loglik=-2520.94, AIC=5043.89, BIC=5048.31

ΔAIC / ΔBIC
truncated: ΔAIC = 0 ΔBIC = 0
powerlaw: ΔAIC = 25.4395 ΔBIC = 25.4395
shifted_exp: ΔAIC = 544.78 ΔBIC = 544.78
",truncated,3.1225953102111816,True,,truncated,3.1225953102111816,1.705358876706631,578.2697266340256,,0.027255913396220674,4499.108644347167,4503.5318913107,-2248.5543221735834,616.0,True,,shifted_exp,3.1225953102111816,0.04539098501924457,,,0.31695653263249046,5043.888250180432,5048.311497143965,-2520.944125090216,616.0,-544.7796058332651
/home/hpc/Desktop/resonant_swarm_runs/position_records/N400/kappa_1p5/okappa_2/pos_rep07_seed40000007.npz,400,1.5,2.0,7,40000007,com,-1,com,0.6692662179470062,0.4332191050052643,0.290835440158844,2254,2254,True,,"Model comparison
----------------
truncated: xmin=3.06141, alpha=1.72492, xc=225.901, p=nan, KS=0.0297453, loglik=-2271.53, AIC=4545.07, BIC=4549.56
powerlaw: xmin=3.06141, alpha=1.84721, xc=nan, p=nan, KS=0.0414631, loglik=-2293.85, AIC=4589.7, BIC=4594.2
shifted_exp: xmin=3.06141, alpha=0.0648309, xc=nan, p=nan, KS=0.26734, loglik=-2473.21, AIC=4948.43, BIC=4952.92

ΔAIC / ΔBIC
truncated: ΔAIC = 0 ΔBIC = 0
powerlaw: ΔAIC = 44.6317 ΔBIC = 44.6317
shifted_exp: ΔAIC = 403.359 ΔBIC = 403.359
",truncated,3.061406195163727,True,,truncated,3.061406195163727,1.724923650468235,225.90072214603424,,0.029745331283446197,4545.068691638465,4549.563957194402,-2271.5343458192324,662.0,True,,shifted_exp,3.061406195163727,0.0648309205790416,,,0.2673400071079143,4948.427748884479,4952.923014440416,-2473.2138744422396,662.0,-403.35905724601434
/home/hpc/Desktop/resonant_swarm_runs/position_records/N400/kappa_1p5/okappa_2/pos_rep08_seed40000008.npz,400,1.5,2.0,8,40000008,com,-1,com,0.6848416447639465,0.45025160908699036,0.36483004689216614,1960,1960,True,,"Model comparison
----------------
truncated: xmin=3.08109, alpha=1.72455, xc=853.295, p=nan, KS=0.0318013, loglik=-2211.2, AIC=4424.4, BIC=4428.8
powerlaw: xmin=3.08109, alpha=1.77946, xc=nan, p=nan, KS=0.0470105, loglik=-2220.02, AIC=4442.05, BIC=4446.45
shifted_exp: xmin=3.08109, alpha=0.047654, xc=nan, p=nan, KS=0.290828, loglik=-2454.58, AIC=4911.16, BIC=4915.57

ΔAIC / ΔBIC
truncated: ΔAIC = 0 ΔBIC = 0
powerlaw: ΔAIC = 17.6492 ΔBIC = 17.6492
shifted_exp: ΔAIC = 486.764 ΔBIC = 486.764
",truncated,3.081089735031128,True,,truncated,3.081089735031128,1.7245451006822832,853.295202434063,,0.03180128660289272,4424.396123694105,4428.804652485164,-2211.1980618470525,607.0,True,,shifted_exp,3.081089735031128,0.047653982810834425,,,0.2908279988308454,4911.159928160439,4915.568456951499,-2454.5799640802197,607.0,-486.7638044663345
/home/hpc/Desktop/resonant_swarm_runs/position_records/N400/kappa_1p5/okappa_2/pos_rep09_seed40000009.npz,400,1.5,2.0,9,40000009,com,-1,com,0.6964566707611085,0.45016270875930786,0.3390321433544159,1981,1981,True,,"Model comparison
----------------
truncated: xmin=3.3118, alpha=1.64665, xc=298.375, p=nan, KS=0.0332151, loglik=-2210.87, AIC=4423.74, BIC=4428.13
powerlaw: xmin=3.3118, alpha=1.77685, xc=nan, p=nan, KS=0.0571149, loglik=-2234.88, AIC=4471.75, BIC=4476.15
shifted_exp: xmin=3.3118, alpha=0.0496809, xc=nan, p=nan, KS=0.283139, loglik=-2393.28, AIC=4788.55, BIC=4792.95

ΔAIC / ΔBIC
truncated: ΔAIC = 0 ΔBIC = 0
powerlaw: ΔAIC = 48.0145 ΔBIC = 48.0145
shifted_exp: ΔAIC = 364.815 ΔBIC = 364.815
",truncated,3.3118016719818115,True,,truncated,3.3118016719818115,1.646649671682746,298.3750858306885,,0.033215125541943946,4423.737582895129,4428.13117364908,-2210.8687914475645,598.0,True,,shifted_exp,3.3118016719818115,0.04968091535241874,,,0.2831387837341749,4788.552762203943,4792.946352957893,-2393.2763811019713,598.0,-364.81517930881364
/home/hpc/Desktop/resonant_swarm_runs/position_records/N400/kappa_1p5/okappa_2/pos_rep10_seed40000010.npz,400,1.5,2.0,10,40000010,com,-1,com,0.6728313207626343,0.43317654728889465,0.3048190176486969,2115,2115,True,,"Model comparison
----------------
truncated: xmin=3.02073, alpha=1.74147, xc=315.531, p=nan, KS=0.0273074, loglik=-2390.63, AIC=4783.25, BIC=4787.79
powerlaw: xmin=3.02073, alpha=1.83628, xc=nan, p=nan, KS=0.0469, loglik=-2408.21, AIC=4818.41, BIC=4822.95
shifted_exp: xmin=3.02073, alpha=0.0639658, xc=nan, p=nan, KS=0.263797, loglik=-2594.59, AIC=5191.18, BIC=5195.72

ΔAIC / ΔBIC
truncated: ΔAIC = 0 ΔBIC = 0
powerlaw: ΔAIC = 35.1596 ΔBIC = 35.1596
shifted_exp: ΔAIC = 407.926 ΔBIC = 407.926
",truncated,3.020725429058075,True,,truncated,3.020725429058075,1.7414652658387444,315.5312408208847,,0.027307379521992803,4783.2519713229985,4787.791557278616,-2390.6259856614993,692.0,True,,shifted_exp,3.020725429058075,0.06396582569799954,,,0.26379719332062834,5191.178335400862,5195.71792135648,-2594.589167700431,692.0,-407.9263640778636
/home/hpc/Desktop/resonant_swarm_runs/position_records/N400/kappa_1p5/okappa_2/pos_rep11_seed40000011.npz,400,1.5,2.0,11,40000011,com,-1,com,0.711113452911377,0.45691850781440735,0.3375610411167145,1834,1834,True,,"Model comparison
----------------
truncated: xmin=3.3016, alpha=1.65269, xc=338.284, p=nan, KS=0.0380032, loglik=-2208.26, AIC=4418.52, BIC=4422.9
powerlaw: xmin=3.3016, alpha=1.7722, xc=nan, p=nan, KS=0.0621782, loglik=-2230.02, AIC=4462.04, BIC=4466.43
shifted_exp: xmin=3.3016, alpha=0.0480075, xc=nan, p=nan, KS=0.287912, loglik=-2401.66, AIC=4805.31, BIC=4809.7

ΔAIC / ΔBIC
truncated: ΔAIC = 0 ΔBIC = 0
powerlaw: ΔAIC = 43.5237 ΔBIC = 43.5237
shifted_exp: ΔAIC = 386.799 ΔBIC = 386.799
",truncated,3.301604390144348,True,,truncated,3.301604390144348,1.6526906029622954,338.28388863801956,,0.038003187908089875,4418.515825523338,4422.9043869288835,-2208.257912761669,595.0,True,,shifted_exp,3.301604390144348,0.04800746542349667,,,0.28791167669999373,4805.314513108742,4809.703074514287,-2401.657256554371,595.0,-386.79868758540397
/home/hpc/Desktop/resonant_swarm_runs/position_records/N400/kappa_1p5/okappa_2/pos_rep12_seed40000012.npz,400,1.5,2.0,12,40000012,com,-1,com,0.70981485247612,0.46121418476104736,0.35266056656837463,1814,1814,True,,"Model comparison
----------------
truncated: xmin=2.79823, alpha=1.68097, xc=761.822, p=nan, KS=0.0405471, loglik=-2396.59, AIC=4795.17, BIC=4799.66
powerlaw: xmin=2.79823, alpha=1.74486, xc=nan, p=nan, KS=0.0494643, loglik=-2408.62, AIC=4819.23, BIC=4823.72
shifted_exp: xmin=2.79823, alpha=0.0498195, xc=nan, p=nan, KS=0.293021, loglik=-2627.57, AIC=5257.15, BIC=5261.63

ΔAIC / ΔBIC
truncated: ΔAIC = 0 ΔBIC = 0
powerlaw: ΔAIC = 24.0633 ΔBIC = 24.0633
shifted_exp: ΔAIC = 461.974 ΔBIC = 461.974
",truncated,2.798228621482849,True,,truncated,2.798228621482849,1.6809710891814058,761.8222803473473,,0.04054712098018154,4795.171242031917,4799.6589260504015,-2396.5856210159586,657.0,True,,shifted_exp,2.798228621482849,0.04981946345184633,,,0.2930214726465361,5257.14529416744,5261.632978185924,-2627.57264708372,657.0,-461.97405213552247
/home/hpc/Desktop/resonant_swarm_runs/position_records/N400/kappa_1p5/okappa_2/pos_rep13_seed40000013.npz,400,1.5,2.0,13,40000013,com,-1,com,0.6843775153160097,0.4472068250179291,0.34046146273612976,2111,2111,True,,"Model comparison
----------------
truncated: xmin=3.01954, alpha=1.78493, xc=839.4, p=nan, KS=0.0310664, loglik=-2381.23, AIC=4764.47, BIC=4768.99
powerlaw: xmin=3.01954, alpha=1.82969, xc=nan, p=nan, KS=0.042512, loglik=-2388.49, AIC=4778.99, BIC=4783.51
shifted_exp: xmin=3.01954, alpha=0.0582023, xc=nan, p=nan, KS=0.282437, loglik=-2625.34, AIC=5252.67, BIC=5257.2

ΔAIC / ΔBIC
truncated: ΔAIC = 0 ΔBIC = 0
powerlaw: ΔAIC = 14.5214 ΔBIC = 14.5214
shifted_exp: ΔAIC = 488.207 ΔBIC = 488.207
",truncated,3.0195358991622925,True,,truncated,3.0195358991622925,1.7849278056857647,839.3995550870895,,0.031066443360649038,4764.466502551348,4768.992997410918,-2381.233251275674,683.0,True,,shifted_exp,3.0195358991622925,0.058202259905945984,,,0.28243733359976764,5252.673275769368,5257.1997706289385,-2625.336637884684,683.0,-488.2067732180203
/home/hpc/Desktop/resonant_swarm_runs/position_records/N400/kappa_1p5/okappa_2/pos_rep14_seed40000014.npz,400,1.5,2.0,14,40000014,com,-1,com,0.7274080812931062,0.47247815132141113,0.37776118516921997,1832,1832,True,,"Model comparison
----------------
truncated: xmin=2.36826, alpha=1.68556, xc=1043.7, p=nan, KS=0.0446053, loglik=-2553.73, AIC=5109.47, BIC=5114.06
powerlaw: xmin=2.36826, alpha=1.73342, xc=nan, p=nan, KS=0.0518773, loglik=-2563.37, AIC=5128.73, BIC=5133.32
shifted_exp: xmin=2.36826, alpha=0.0512253, xc=nan, p=nan, KS=0.320669, loglik=-2879.35, AIC=5760.71, BIC=5765.29

ΔAIC / ΔBIC
truncated: ΔAIC = 0 ΔBIC = 0
powerlaw: ΔAIC = 19.263 ΔBIC = 19.263
shifted_exp: ΔAIC = 651.237 ΔBIC = 651.237
",truncated,2.368261396884918,True,,truncated,2.368261396884918,1.6855645892004472,1043.6977863907814,,0.044605292543630264,5109.469460243713,5114.055631898567,-2553.7347301218565,725.0,True,,shifted_exp,2.368261396884918,0.05122531579394402,,,0.32066864870672684,5760.70605905203,5765.292230706884,-2879.353029526015,725.0,-651.2365988083166
/home/hpc/Desktop/resonant_swarm_runs/position_records/N400/kappa_1p5/okappa_2/pos_rep15_seed40000015.npz,400,1.5,2.0,15,40000015,com,-1,com,0.7121709644794464,0.45336979627609253,0.33407968282699585,1867,1867,True,,"Model comparison
----------------
truncated: xmin=3.25662, alpha=1.69185, xc=438.906, p=nan, KS=0.0358634, loglik=-2313.13, AIC=4628.26, BIC=4632.71
powerlaw: xmin=3.25662, alpha=1.78444, xc=nan, p=nan, KS=0.0539545, loglik=-2329.91, AIC=4661.82, BIC=4666.27
shifted_exp: xmin=3.25662, alpha=0.0520302, xc=nan, p=nan, KS=0.279008, loglik=-2492.24, AIC=4986.47, BIC=4990.92

ΔAIC / ΔBIC
truncated: ΔAIC = 0 ΔBIC = 0
powerlaw: ΔAIC = 33.5581 ΔBIC = 33.5581
shifted_exp: ΔAIC = 358.209 ΔBIC = 358.209
",truncated,3.2566246390342712,True,,truncated,3.2566246390342712,1.6918469831416407,438.90563982725143,,0.03586339537688643,4628.263758594284,4632.70947841367,-2313.131879297142,630.0,True,,shifted_exp,3.2566246390342712,0.05203020328493986,,,0.2790080528275418,4986.472929735997,4990.918649555383,-2492.2364648679986,630.0,-358.20917114171334
/home/hpc/Desktop/resonant_swarm_runs/position_records/N400/kappa_1p5/okappa_2/pos_rep16_seed40000016.npz,400,1.5,2.0,16,40000016,com,-1,com,0.7099357187747956,0.46480023860931396,0.36585453152656555,1863,1863,True,,"Model comparison
----------------
truncated: xmin=3.23786, alpha=1.65503, xc=672.989, p=nan, KS=0.0381593, loglik=-2168.4, AIC=4338.8, BIC=4343.14
powerlaw: xmin=3.23786, alpha=1.73543, xc=nan, p=nan, KS=0.0543371, loglik=-2182.23, AIC=4366.45, BIC=4370.8
shifted_exp: xmin=3.23786, alpha=0.043122, xc=nan, p=nan, KS=0.293806, loglik=-2353.63, AIC=4709.27, BIC=4713.61

ΔAIC / ΔBIC
truncated: ΔAIC = 0 ΔBIC = 0
powerlaw: ΔAIC = 27.6542 ΔBIC = 27.6542
shifted_exp: ΔAIC = 370.467 ΔBIC = 370.467
",truncated,3.237859606742859,True,,truncated,3.237859606742859,1.655032804996344,672.9887030720711,,0.03815933292193563,4338.800521873129,4343.14264329185,-2168.4002609365643,568.0,True,,shifted_exp,3.237859606742859,0.04312202637707789,,,0.29380645584852305,4709.267464486317,4713.609585905038,-2353.6337322431586,568.0,-370.4669426131886
/home/hpc/Desktop/resonant_swarm_runs/position_records/N400/kappa_1p5/okappa_2/pos_rep17_seed40000017.npz,400,1.5,2.0,17,40000017,com,-1,com,0.7142249643802643,0.46152806282043457,0.3383718729019165,1948,1948,True,,"Model comparison
----------------
truncated: xmin=3.21945, alpha=1.68484, xc=308.984, p=nan, KS=0.0288651, loglik=-2299.53, AIC=4601.05, BIC=4605.51
powerlaw: xmin=3.21945, alpha=1.79962, xc=nan, p=nan, KS=0.0492337, loglik=-2320.86, AIC=4643.72, BIC=4648.18
shifted_exp: xmin=3.21945, alpha=0.0519256, xc=nan, p=nan, KS=0.282731, loglik=-2521.21, AIC=5044.42, BIC=5048.88

ΔAIC / ΔBIC
truncated: ΔAIC = 0 ΔBIC = 0
powerlaw: ΔAIC = 42.6698 ΔBIC = 42.6698
shifted_exp: ΔAIC = 443.368 ΔBIC = 443.368
",truncated,3.2194473147392273,True,,truncated,3.2194473147392273,1.684838987446565,308.9839198589325,,0.02886505386543821,4601.051621607833,4605.508391263405,-2299.5258108039166,637.0,True,,shifted_exp,3.2194473147392273,0.05192559148540491,,,0.28273066493850796,5044.420042105229,5048.8768117608015,-2521.2100210526146,637.0,-443.3684204973961
/home/hpc/Desktop/resonant_swarm_runs/position_records/N400/kappa_1p5/okappa_2/pos_rep18_seed40000018.npz,400,1.5,2.0,18,40000018,com,-1,com,0.6964012920856476,0.4479001760482788,0.3276212215423584,2059,2059,True,,"Model comparison
----------------
truncated: xmin=3.15864, alpha=1.72423, xc=458.425, p=nan, KS=0.027729, loglik=-2273.6, AIC=4549.21, BIC=4553.66
powerlaw: xmin=3.15864, alpha=1.80538, xc=nan, p=nan, KS=0.0465299, loglik=-2287.63, AIC=4577.25, BIC=4581.71
shifted_exp: xmin=3.15864, alpha=0.0547997, xc=nan, p=nan, KS=0.273807, loglik=-2475.18, AIC=4952.36, BIC=4956.81

ΔAIC / ΔBIC
truncated: ΔAIC = 0 ΔBIC = 0
powerlaw: ΔAIC = 28.0482 ΔBIC = 28.0482
shifted_exp: ΔAIC = 403.154 ΔBIC = 403.154
",truncated,3.158641517162323,True,,truncated,3.158641517162323,1.724233393296466,458.4251453280449,,0.02772899910924842,4549.205897536743,4553.65794649118,-2273.6029487683713,634.0,True,,shifted_exp,3.158641517162323,0.05479974883265194,,,0.2738074270412185,4952.360339511468,4956.812388465905,-2475.180169755734,634.0,-403.15444197472516
/home/hpc/Desktop/resonant_swarm_runs/position_records/N400/kappa_1p5/okappa_2/pos_rep19_seed40000019.npz,400,1.5,2.0,19,40000019,com,-1,com,0.6880907118320466,0.44380906224250793,0.3159937262535095,2042,2042,True,,"Model comparison
----------------
truncated: xmin=3.84785, alpha=1.65487, xc=224.436, p=nan, KS=0.0298046, loglik=-1987, AIC=3976, BIC=3980.28
powerlaw: xmin=3.84785, alpha=1.81825, xc=nan, p=nan, KS=0.046532, loglik=-2013.3, AIC=4028.59, BIC=4032.87
shifted_exp: xmin=3.84785, alpha=0.0480685, xc=nan, p=nan, KS=0.272334, loglik=-2154.76, AIC=4311.52, BIC=4315.8

ΔAIC / ΔBIC
truncated: ΔAIC = 0 ΔBIC = 0
powerlaw: ΔAIC = 52.5956 ΔBIC = 52.5956
shifted_exp: ΔAIC = 335.52 ΔBIC = 335.52
",truncated,3.8478525280952454,True,,truncated,3.8478525280952454,1.6548710026348725,224.4362571835518,,0.02980457575075446,3975.9971366122586,3980.2775324512186,-1986.9985683061293,534.0,True,,shifted_exp,3.8478525280952454,0.04806849689846123,,,0.2723342560567932,4311.516988707332,4315.797384546292,-2154.758494353666,534.0,-335.519852095073
/home/hpc/Desktop/resonant_swarm_runs/position_records/N500/kappa_1p5/okappa_2/pos_rep00_seed50000000.npz,500,1.5,2.0,0,50000000,com,-1,com,0.64258993268013,0.42202261090278625,0.31230729818344116,2127,2127,True,,"Model comparison
----------------
truncated: xmin=3.61612, alpha=1.80353, xc=562.132, p=nan, KS=0.0223595, loglik=-1928.11, AIC=3858.22, BIC=3862.51
powerlaw: xmin=3.61612, alpha=1.86545, xc=nan, p=nan, KS=0.0392893, loglik=-1936.1, AIC=3874.21, BIC=3878.5
shifted_exp: xmin=3.61612, alpha=0.0517145, xc=nan, p=nan, KS=0.279911, loglik=-2139.49, AIC=4280.98, BIC=4285.27

ΔAIC / ΔBIC
truncated: ΔAIC = 0 ΔBIC = 0
powerlaw: ΔAIC = 15.9853 ΔBIC = 15.9853
shifted_exp: ΔAIC = 422.756 ΔBIC = 422.756
",truncated,3.6161189675331116,True,,truncated,3.6161189675331116,1.8035338861968775,562.1320214867592,,0.022359546711007594,3858.2228786563246,3862.514447795883,-1928.1114393281623,540.0,True,,shifted_exp,3.6161189675331116,0.051714460231865225,,,0.27991056083272026,4280.9792688934895,4285.270838033048,-2139.4896344467447,540.0,-422.75639023716485
/home/hpc/Desktop/resonant_swarm_runs/position_records/N500/kappa_1p5/okappa_2/pos_rep01_seed50000001.npz,500,1.5,2.0,1,50000001,com,-1,com,0.6624895095825196,0.4291577637195587,0.3122113347053528,1986,1986,True,,"Model comparison
----------------
truncated: xmin=3.96331, alpha=1.67585, xc=280.981, p=nan, KS=0.0318775, loglik=-1882.98, AIC=3767.97, BIC=3772.18
powerlaw: xmin=3.96331, alpha=1.81555, xc=nan, p=nan, KS=0.0493711, loglik=-1903.57, AIC=3809.15, BIC=3813.36
shifted_exp: xmin=3.96331, alpha=0.0470738, xc=nan, p=nan, KS=0.264249, loglik=-2028.02, AIC=4058.04, BIC=4062.25

ΔAIC / ΔBIC
truncated: ΔAIC = 0 ΔBIC = 0
powerlaw: ΔAIC = 41.1804 ΔBIC = 41.1804
shifted_exp: ΔAIC = 290.07 ΔBIC = 290.07
",truncated,3.9633073210716248,True,,truncated,3.9633073210716248,1.6758506637817145,280.9810158610344,,0.031877463456647215,3767.969274669346,3772.183882767768,-1882.984637334673,500.0,True,,shifted_exp,3.9633073210716248,0.047073792829279246,,,0.2642487115476372,4058.038848330564,4062.2534564289863,-2028.019424165282,500.0,-290.0695736612183
/home/hpc/Desktop/resonant_swarm_runs/position_records/N500/kappa_1p5/okappa_2/pos_rep02_seed50000002.npz,500,1.5,2.0,2,50000002,com,-1,com,0.6794631361961365,0.4409407079219818,0.3444799780845642,1699,1699,True,,"Model comparison
----------------
truncated: xmin=3.0564, alpha=1.67126, xc=653.569, p=nan, KS=0.0335205, loglik=-2146.4, AIC=4294.8, BIC=4299.15
powerlaw: xmin=3.0564, alpha=1.74669, xc=nan, p=nan, KS=0.0424856, loglik=-2159.18, AIC=4320.36, BIC=4324.72
shifted_exp: xmin=3.0564, alpha=0.0450216, xc=nan, p=nan, KS=0.299827, loglik=-2361.95, AIC=4725.91, BIC=4730.26

ΔAIC / ΔBIC
truncated: ΔAIC = 0 ΔBIC = 0
powerlaw: ΔAIC = 25.561 ΔBIC = 25.561
shifted_exp: ΔAIC = 431.108 ΔBIC = 431.108
",truncated,3.056398868560791,True,,truncated,3.056398868560791,1.6712648339894998,653.568810403347,,0.033520492635848664,4294.798838901528,4299.154946562224,-2146.399419450764,576.0,True,,shifted_exp,3.056398868560791,0.04502156728071827,,,0.2998266967548312,4725.906903052016,4730.263010712712,-2361.953451526008,576.0,-431.10806415048773
/home/hpc/Desktop/resonant_swarm_runs/position_records/N500/kappa_1p5/okappa_2/pos_rep03_seed50000003.npz,500,1.5,2.0,3,50000003,com,-1,com,0.6783493757247925,0.44352245330810547,0.36425185203552246,1611,1611,True,,"Model comparison
----------------
truncated: xmin=2.95068, alpha=1.68189, xc=876.765, p=nan, KS=0.0327833, loglik=-2162.51, AIC=4327.01, BIC=4331.38
powerlaw: xmin=2.95068, alpha=1.7425, xc=nan, p=nan, KS=0.0505478, loglik=-2172.58, AIC=4347.17, BIC=4351.53
shifted_exp: xmin=2.95068, alpha=0.0433347, xc=nan, p=nan, KS=0.309969, loglik=-2412.92, AIC=4827.84, BIC=4832.21

ΔAIC / ΔBIC
truncated: ΔAIC = 0 ΔBIC = 0
powerlaw: ΔAIC = 20.1513 ΔBIC = 20.1513
shifted_exp: ΔAIC = 500.828 ΔBIC = 500.828
",truncated,2.950675904750824,True,,truncated,2.950675904750824,1.6818850120700302,876.7645364999771,,0.03278328611351633,4327.014594188039,4331.382781374389,-2162.5072970940196,583.0,True,,shifted_exp,2.950675904750824,0.0433347160551984,,,0.3099692501710375,4827.842209388074,4832.210396574424,-2412.921104694037,583.0,-500.8276152000344
/home/hpc/Desktop/resonant_swarm_runs/position_records/N500/kappa_1p5/okappa_2/pos_rep04_seed50000004.npz,500,1.5,2.0,4,50000004,com,-1,com,0.6551073908805848,0.4262838363647461,0.3124469518661499,1974,1974,True,,"Model comparison
----------------
truncated: xmin=2.1591, alpha=1.70407, xc=245.778, p=nan, KS=0.0481664, loglik=-2455.92, AIC=4913.85, BIC=4918.49
powerlaw: xmin=2.1591, alpha=1.80308, xc=nan, p=nan, KS=0.0621252, loglik=-2477.39, AIC=4956.78, BIC=4961.42
shifted_exp: xmin=2.1591, alpha=0.0631887, xc=nan, p=nan, KS=0.358179, loglik=-2881.41, AIC=5764.82, BIC=5769.46

ΔAIC / ΔBIC
truncated: ΔAIC = 0 ΔBIC = 0
powerlaw: ΔAIC = 42.9382 ΔBIC = 42.9382
shifted_exp: ΔAIC = 850.971 ΔBIC = 850.971
",truncated,2.1590951681137085,True,,truncated,2.1590951681137085,1.7040699109075377,245.77822083234787,,0.04816641195429336,4913.845486649836,4918.486668819576,-2455.922743324918,766.0,True,,shifted_exp,2.1590951681137085,0.0631887079305612,,,0.3581790283266624,5764.8166479716765,5769.457830141417,-2881.4083239858383,766.0,-850.9711613218406
/home/hpc/Desktop/resonant_swarm_runs/position_records/N500/kappa_1p5/okappa_2/pos_rep05_seed50000005.npz,500,1.5,2.0,5,50000005,com,-1,com,0.6359820127487184,0.41372671723365784,0.3125503659248352,2047,2047,True,,"Model comparison
----------------
truncated: xmin=3.36653, alpha=1.77799, xc=597.033, p=nan, KS=0.0276898, loglik=-2053.71, AIC=4109.41, BIC=4113.77
powerlaw: xmin=3.36653, alpha=1.83927, xc=nan, p=nan, KS=0.0387094, loglik=-2062.44, AIC=4126.87, BIC=4131.23
shifted_exp: xmin=3.36653, alpha=0.0548372, xc=nan, p=nan, KS=0.288969, loglik=-2248.35, AIC=4498.7, BIC=4503.06

ΔAIC / ΔBIC
truncated: ΔAIC = 0 ΔBIC = 0
powerlaw: ΔAIC = 17.4626 ΔBIC = 17.4626
shifted_exp: ΔAIC = 389.29 ΔBIC = 389.29
",truncated,3.366532027721405,True,,truncated,3.366532027721405,1.7779940300960906,597.0327152013779,,0.027689795114945404,4109.412164714481,4113.768272375177,-2053.7060823572406,576.0,True,,shifted_exp,3.366532027721405,0.05483716949016078,,,0.28896857994589487,4498.701869601971,4503.057977262667,-2248.3509348009857,576.0,-389.2897048874902
/home/hpc/Desktop/resonant_swarm_runs/position_records/N500/kappa_1p5/okappa_2/pos_rep06_seed50000006.npz,500,1.5,2.0,6,50000006,com,-1,com,0.6519489228725435,0.4131072461605072,0.28762027621269226,1921,1921,True,,"Model comparison
----------------
truncated: xmin=2.9789, alpha=1.62486, xc=194.684, p=nan, KS=0.0360808, loglik=-2121.64, AIC=4245.28, BIC=4249.68
powerlaw: xmin=2.9789, alpha=1.78787, xc=nan, p=nan, KS=0.0497151, loglik=-2152.34, AIC=4306.67, BIC=4311.07
shifted_exp: xmin=2.9789, alpha=0.0561854, xc=nan, p=nan, KS=0.280781, loglik=-2319.7, AIC=4641.4, BIC=4645.79

ΔAIC / ΔBIC
truncated: ΔAIC = 0 ΔBIC = 0
powerlaw: ΔAIC = 61.3907 ΔBIC = 61.3907
shifted_exp: ΔAIC = 396.118 ΔBIC = 396.118
",truncated,2.978899896144867,True,,truncated,2.978899896144867,1.624859324817134,194.68371391296387,,0.03608083650831395,4245.28322181473,4249.67681256868,-2121.641610907365,598.0,True,,shifted_exp,2.978899896144867,0.056185412830914445,,,0.2807807942290532,4641.401344275021,4645.794935028972,-2319.7006721375105,598.0,-396.1181224602915
/home/hpc/Desktop/resonant_swarm_runs/position_records/N500/kappa_1p5/okappa_2/pos_rep07_seed50000007.npz,500,1.5,2.0,7,50000007,com,-1,com,0.6489424645900727,0.42184725403785706,0.31619635224342346,1882,1882,True,,"Model comparison
----------------
truncated: xmin=2.88727, alpha=1.69491, xc=514.308, p=nan, KS=0.0295438, loglik=-2200.22, AIC=4402.44, BIC=4406.86
powerlaw: xmin=2.88727, alpha=1.773, xc=nan, p=nan, KS=0.046186, loglik=-2213.82, AIC=4429.64, BIC=4434.06
shifted_exp: xmin=2.88727, alpha=0.0532014, xc=nan, p=nan, KS=0.279812, loglik=-2411.34, AIC=4824.68, BIC=4829.1

ΔAIC / ΔBIC
truncated: ΔAIC = 0 ΔBIC = 0
powerlaw: ΔAIC = 27.206 ΔBIC = 27.206
shifted_exp: ΔAIC = 422.242 ΔBIC = 422.242
",truncated,2.8872732520103455,True,,truncated,2.8872732520103455,1.6949050128207714,514.307817697525,,0.0295438460734746,4402.439002359316,4406.8573672952525,-2200.219501179658,613.0,True,,shifted_exp,2.8872732520103455,0.053201367867854815,,,0.2798122497146942,4824.6808558462035,4829.09922078214,-2411.3404279231017,613.0,-422.2418534868875
/home/hpc/Desktop/resonant_swarm_runs/position_records/N500/kappa_1p5/okappa_2/pos_rep08_seed50000008.npz,500,1.5,2.0,8,50000008,com,-1,com,0.6428409099578858,0.42040154337882996,0.33018365502357483,1813,1813,True,,"Model comparison
----------------
truncated: xmin=2.81643, alpha=1.65155, xc=418.264, p=nan, KS=0.0304302, loglik=-2101.26, AIC=4204.53, BIC=4208.89
powerlaw: xmin=2.81643, alpha=1.74918, xc=nan, p=nan, KS=0.0426409, loglik=-2118.58, AIC=4239.16, BIC=4243.52
shifted_exp: xmin=2.81643, alpha=0.0477767, xc=nan, p=nan, KS=0.316283, loglik=-2339.86, AIC=4681.73, BIC=4686.09

ΔAIC / ΔBIC
truncated: ΔAIC = 0 ΔBIC = 0
powerlaw: ΔAIC = 34.6339 ΔBIC = 34.6339
shifted_exp: ΔAIC = 477.2 ΔBIC = 477.2
",truncated,2.8164257407188416,True,,truncated,2.8164257407188416,1.6515493294834533,418.26381373405457,,0.030430223733341255,4204.529679145079,4208.890981622652,-2101.2648395725396,579.0,True,,shifted_exp,2.8164257407188416,0.04777671254694566,,,0.316282699419128,4681.729220466859,4686.090522944432,-2339.8646102334296,579.0,-477.1995413217801
/home/hpc/Desktop/resonant_swarm_runs/position_records/N500/kappa_1p5/okappa_2/pos_rep09_seed50000009.npz,500,1.5,2.0,9,50000009,com,-1,com,0.6355813086032868,0.4161207377910614,0.3099035620689392,1873,1873,True,,"Model comparison
----------------
truncated: xmin=2.91993, alpha=1.63379, xc=351.532, p=nan, KS=0.0362072, loglik=-1973.53, AIC=3949.06, BIC=3953.35
powerlaw: xmin=2.91993, alpha=1.74839, xc=nan, p=nan, KS=0.0451871, loglik=-1993, AIC=3988, BIC=3992.29
shifted_exp: xmin=2.91993, alpha=0.0464727, xc=nan, p=nan, KS=0.309692, loglik=-2193.13, AIC=4388.26, BIC=4392.55

ΔAIC / ΔBIC
truncated: ΔAIC = 0 ΔBIC = 0
powerlaw: ΔAIC = 38.9415 ΔBIC = 38.9415
shifted_exp: ΔAIC = 439.204 ΔBIC = 439.204
",truncated,2.919926345348358,True,,truncated,2.919926345348358,1.6337906617941036,351.531619310379,,0.03620715153771853,3949.0594182790614,3953.3491338499703,-1973.5297091395307,539.0,True,,shifted_exp,2.919926345348358,0.046472732524414015,,,0.3096916599933204,4388.2629194969,4392.552635067809,-2193.13145974845,539.0,-439.20350121783895
/home/hpc/Desktop/resonant_swarm_runs/position_records/N500/kappa_1p5/okappa_2/pos_rep10_seed50000010.npz,500,1.5,2.0,10,50000010,com,-1,com,0.6797802031040192,0.44178980588912964,0.36034998297691345,1667,1667,True,,"Model comparison
----------------
truncated: xmin=3.053, alpha=1.63717, xc=499.5, p=nan, KS=0.0360189, loglik=-2127.76, AIC=4257.52, BIC=4261.86
powerlaw: xmin=3.053, alpha=1.73347, xc=nan, p=nan, KS=0.0458438, loglik=-2144.84, AIC=4291.68, BIC=4296.02
shifted_exp: xmin=3.053, alpha=0.0428611, xc=nan, p=nan, KS=0.305687, loglik=-2348.78, AIC=4699.56, BIC=4703.9

ΔAIC / ΔBIC
truncated: ΔAIC = 0 ΔBIC = 0
powerlaw: ΔAIC = 34.1539 ΔBIC = 34.1539
shifted_exp: ΔAIC = 442.038 ΔBIC = 442.038
",truncated,3.052998125553131,True,,truncated,3.052998125553131,1.6371714202201926,499.50001615285873,,0.03601891586601624,4257.523467604059,4261.862061682262,-2127.7617338020295,566.0,True,,shifted_exp,3.052998125553131,0.042861141571088265,,,0.30568694549875797,4699.561888790242,4703.900482868445,-2348.780944395121,566.0,-442.03842118618286
/home/hpc/Desktop/resonant_swarm_runs/position_records/N500/kappa_1p5/okappa_2/pos_rep11_seed50000011.npz,500,1.5,2.0,11,50000011,com,-1,com,0.6668991327285767,0.42836639285087585,0.31947818398475647,1717,1717,True,,"Model comparison
----------------
truncated: xmin=2.99009, alpha=1.59411, xc=357.654, p=nan, KS=0.0387652, loglik=-2045.53, AIC=4093.06, BIC=4097.36
powerlaw: xmin=2.99009, alpha=1.72094, xc=nan, p=nan, KS=0.0501427, loglik=-2068.6, AIC=4139.2, BIC=4143.5
shifted_exp: xmin=2.99009, alpha=0.0442138, xc=nan, p=nan, KS=0.299161, loglik=-2236.46, AIC=4474.93, BIC=4479.22

ΔAIC / ΔBIC
truncated: ΔAIC = 0 ΔBIC = 0
powerlaw: ΔAIC = 46.1398 ΔBIC = 46.1398
shifted_exp: ΔAIC = 381.866 ΔBIC = 381.866
",truncated,2.9900925159454346,True,,truncated,2.9900925159454346,1.5941060227364614,357.65380638837814,,0.038765222927814924,4093.061458180513,4097.358567500447,-2045.5307290902565,543.0,True,,shifted_exp,2.9900925159454346,0.04421381131549589,,,0.2991610319055137,4474.927819140388,4479.224928460322,-2236.463909570194,543.0,-381.86636095987524
/home/hpc/Desktop/resonant_swarm_runs/position_records/N500/kappa_1p5/okappa_2/pos_rep12_seed50000012.npz,500,1.5,2.0,12,50000012,com,-1,com,0.6438080608844757,0.4157711863517761,0.3006625473499298,1958,1958,True,,"Model comparison
----------------
truncated: xmin=3.28789, alpha=1.7387, xc=386.921, p=nan, KS=0.0246004, loglik=-2078.12, AIC=4158.24, BIC=4162.61
powerlaw: xmin=3.28789, alpha=1.8274, xc=nan, p=nan, KS=0.0428463, loglik=-2091.99, AIC=4185.98, BIC=4190.35
shifted_exp: xmin=3.28789, alpha=0.0541421, xc=nan, p=nan, KS=0.27575, loglik=-2283.11, AIC=4568.22, BIC=4572.59

ΔAIC / ΔBIC
truncated: ΔAIC = 0 ΔBIC = 0
powerlaw: ΔAIC = 27.7382 ΔBIC = 27.7382
shifted_exp: ΔAIC = 409.979 ΔBIC = 409.979
",truncated,3.287894308567047,True,,truncated,3.287894308567047,1.7387041171646254,386.92113387584686,,0.024600358604081496,4158.24290020055,4162.6110873869,-2078.121450100275,583.0,True,,shifted_exp,3.287894308567047,0.05414213492643323,,,0.27575023146584354,4568.2222274477945,4572.5904146341445,-2283.1111137238972,583.0,-409.9793272472443
/home/hpc/Desktop/resonant_swarm_runs/position_records/N500/kappa_1p5/okappa_2/pos_rep13_seed50000013.npz,500,1.5,2.0,13,50000013,com,-1,com,0.6511227488517762,0.42359721660614014,0.31067585945129395,1953,1953,True,,"Model comparison
----------------
truncated: xmin=2.89742, alpha=1.68549, xc=291.567, p=nan, KS=0.0295214, loglik=-2167.51, AIC=4337.01, BIC=4341.44
powerlaw: xmin=2.89742, alpha=1.79698, xc=nan, p=nan, KS=0.0415341, loglik=-2187.56, AIC=4377.11, BIC=4381.54
shifted_exp: xmin=2.89742, alpha=0.0542702, xc=nan, p=nan, KS=0.306234, loglik=-2414.8, AIC=4831.61, BIC=4836.03

ΔAIC / ΔBIC
truncated: ΔAIC = 0 ΔBIC = 0
powerlaw: ΔAIC = 40.1019 ΔBIC = 40.1019
shifted_exp: ΔAIC = 494.595 ΔBIC = 494.595
",truncated,2.8974176049232483,True,,truncated,2.8974176049232483,1.6854920245646716,291.56668412685394,,0.02952136803737338,4337.0105830202865,4341.435452044192,-2167.5052915101433,617.0,True,,shifted_exp,2.8974176049232483,0.0542701736933186,,,0.30623382533639143,4831.605125118689,4836.029994142595,-2414.8025625593446,617.0,-494.5945420984026
/home/hpc/Desktop/resonant_swarm_runs/position_records/N500/kappa_1p5/okappa_2/pos_rep14_seed50000014.npz,500,1.5,2.0,14,50000014,com,-1,com,0.674279534816742,0.434524804353714,0.3381533920764923,1611,1611,True,,"Model comparison
----------------
truncated: xmin=3.03975, alpha=1.61588, xc=403.763, p=nan, KS=0.0316475, loglik=-2083.34, AIC=4168.67, BIC=4172.99
powerlaw: xmin=3.03975, alpha=1.72966, xc=nan, p=nan, KS=0.0551181, loglik=-2103.78, AIC=4209.56, BIC=4213.88
shifted_exp: xmin=3.03975, alpha=0.0436429, xc=nan, p=nan, KS=0.285682, loglik=-2288.97, AIC=4579.94, BIC=4584.26

ΔAIC / ΔBIC
truncated: ΔAIC = 0 ΔBIC = 0
powerlaw: ΔAIC = 40.8859 ΔBIC = 40.8859
shifted_exp: ΔAIC = 411.266 ΔBIC = 411.266
",truncated,3.039746403694153,True,,truncated,3.039746403694153,1.6158810637829495,403.76336789131165,,0.031647522606360834,4168.674742256726,4172.991906943474,-2083.337371128363,554.0,True,,shifted_exp,3.039746403694153,0.043642866281314176,,,0.28568200493744067,4579.940707557681,4584.257872244429,-2288.9703537788405,554.0,-411.26596530095503
/home/hpc/Desktop/resonant_swarm_runs/position_records/N500/kappa_1p5/okappa_2/pos_rep15_seed50000015.npz,500,1.5,2.0,15,50000015,com,-1,com,0.6154715895652771,0.39833909273147583,0.2795223593711853,2084,2084,True,,"Model comparison
----------------
truncated: xmin=2.70719, alpha=1.70644, xc=202.13, p=nan, KS=0.0267934, loglik=-2249.98, AIC=4501.97, BIC=4506.48
powerlaw: xmin=2.70719, alpha=1.83304, xc=nan, p=nan, KS=0.0506059, loglik=-2274.08, AIC=4550.16, BIC=4554.67
shifted_exp: xmin=2.70719, alpha=0.0665788, xc=nan, p=nan, KS=0.282383, loglik=-2496.41, AIC=4994.81, BIC=4999.32

ΔAIC / ΔBIC
truncated: ΔAIC = 0 ΔBIC = 0
powerlaw: ΔAIC = 48.1916 ΔBIC = 48.1916
shifted_exp: ΔAIC = 492.843 ΔBIC = 492.843
",truncated,2.707191050052643,True,,truncated,2.707191050052643,1.7064418316167174,202.12950730323792,,0.02679343503335757,4501.96728378878,4506.4790291184245,-2249.98364189439,673.0,True,,shifted_exp,2.707191050052643,0.06657883399071837,,,0.28238325192753455,4994.810081618149,4999.321826947793,-2496.4050408090743,673.0,-492.84279782936846
/home/hpc/Desktop/resonant_swarm_runs/position_records/N500/kappa_1p5/okappa_2/pos_rep16_seed50000016.npz,500,1.5,2.0,16,50000016,com,-1,com,0.6610782563686372,0.43069180846214294,0.3367801606655121,1887,1887,True,,"Model comparison
----------------
truncated: xmin=2.93202, alpha=1.7771, xc=949.488, p=nan, KS=0.0395236, loglik=-2186.4, AIC=4374.81, BIC=4379.25
powerlaw: xmin=2.93202, alpha=1.81876, xc=nan, p=nan, KS=0.0471847, loglik=-2192.63, AIC=4387.25, BIC=4391.69
shifted_exp: xmin=2.93202, alpha=0.0523878, xc=nan, p=nan, KS=0.339917, loglik=-2476.07, AIC=4954.15, BIC=4958.59

ΔAIC / ΔBIC
truncated: ΔAIC = 0 ΔBIC = 0
powerlaw: ΔAIC = 12.4438 ΔBIC = 12.4438
shifted_exp: ΔAIC = 579.341 ΔBIC = 579.341
",truncated,2.932016432285309,True,,truncated,2.932016432285309,1.777103476095443,949.4881259202957,,0.039523624042517316,4374.808484231901,4379.249430772534,-2186.4042421159506,627.0,True,,shifted_exp,2.932016432285309,0.05238775259945317,,,0.339916949554524,4954.149384766086,4958.590331306718,-2476.074692383043,627.0,-579.3409005341846
/home/hpc/Desktop/resonant_swarm_runs/position_records/N500/kappa_1p5/okappa_2/pos_rep17_seed50000017.npz,500,1.5,2.0,17,50000017,com,-1,com,0.6647790253162386,0.4276953637599945,0.31336838006973267,1764,1764,True,,"Model comparison
----------------
truncated: xmin=3.02093, alpha=1.59387, xc=322.678, p=nan, KS=0.0359347, loglik=-2051.52, AIC=4105.04, BIC=4109.35
powerlaw: xmin=3.02093, alpha=1.72837, xc=nan, p=nan, KS=0.0622536, loglik=-2076.11, AIC=4154.22, BIC=4158.53
shifted_exp: xmin=3.02093, alpha=0.0461884, xc=nan, p=nan, KS=0.301757, loglik=-2229.04, AIC=4460.08, BIC=4464.38

ΔAIC / ΔBIC
truncated: ΔAIC = 0 ΔBIC = 0
powerlaw: ΔAIC = 49.1797 ΔBIC = 49.1797
shifted_exp: ΔAIC = 355.037 ΔBIC = 355.037
",truncated,3.020932674407959,True,,truncated,3.020932674407959,1.593874321844937,322.6784951686859,,0.035934694977901804,4105.041910972952,4109.3463597753735,-2051.520955486476,547.0,True,,shifted_exp,3.020932674407959,0.04618840723337684,,,0.3017565624528791,4460.078923244253,4464.383372046675,-2229.0394616221265,547.0,-355.03701227130114
/home/hpc/Desktop/resonant_swarm_runs/position_records/N500/kappa_1p5/okappa_2/pos_rep18_seed50000018.npz,500,1.5,2.0,18,50000018,com,-1,com,0.6474307119846344,0.4168599843978882,0.3031540513038635,1940,1940,True,,"Model comparison
----------------
truncated: xmin=2.90654, alpha=1.69408, xc=266.5, p=nan, KS=0.0325668, loglik=-2130.23, AIC=4262.45, BIC=4266.87
powerlaw: xmin=2.90654, alpha=1.80938, xc=nan, p=nan, KS=0.0543303, loglik=-2150.54, AIC=4303.09, BIC=4307.5
shifted_exp: xmin=2.90654, alpha=0.0549434, xc=nan, p=nan, KS=0.310695, loglik=-2387.69, AIC=4777.38, BIC=4781.79

ΔAIC / ΔBIC
truncated: ΔAIC = 0 ΔBIC = 0
powerlaw: ΔAIC = 40.6315 ΔBIC = 40.6315
shifted_exp: ΔAIC = 514.923 ΔBIC = 514.923
",truncated,2.9065372347831726,True,,truncated,2.9065372347831726,1.6940803081398994,266.49990075826645,,0.03256682653210057,4262.454919545324,4266.871651827836,-2130.227459772662,612.0,True,,shifted_exp,2.9065372347831726,0.054943350045894776,,,0.31069535998724773,4777.378011444148,4781.79474372666,-2387.689005722074,612.0,-514.9230918988242
/home/hpc/Desktop/resonant_swarm_runs/position_records/N500/kappa_1p5/okappa_2/pos_rep19_seed50000019.npz,500,1.5,2.0,19,50000019,com,-1,com,0.6678175270557405,0.43430230021476746,0.33660176396369934,1818,1818,True,,"Model comparison
----------------
truncated: xmin=2.94654, alpha=1.74851, xc=661.48, p=nan, KS=0.0281392, loglik=-2179.69, AIC=4361.38, BIC=4365.8
powerlaw: xmin=2.94654, alpha=1.80631, xc=nan, p=nan, KS=0.0378357, loglik=-2188.87, AIC=4379.74, BIC=4384.17
shifted_exp: xmin=2.94654, alpha=0.0501121, xc=nan, p=nan, KS=0.341397, loglik=-2471.97, AIC=4945.94, BIC=4950.37

ΔAIC / ΔBIC
truncated: ΔAIC = 0 ΔBIC = 0
powerlaw: ΔAIC = 18.3668 ΔBIC = 18.3668
shifted_exp: ΔAIC = 584.567 ΔBIC = 584.567
",truncated,2.946541905403137,True,,truncated,2.946541905403137,1.7485092235643593,661.4795533418655,,0.028139223870461416,4361.376098291049,4365.804203563734,-2179.6880491455245,619.0,True,,shifted_exp,2.946541905403137,0.050112123403706535,,,0.3413972225347621,4945.943487280832,4950.371592553517,-2471.971743640416,619.0,-584.5673889897835
