path,N,percept_kappa,option_kappa,rep,seed,level,individual,kind,threshold,series_mean,series_std,flight_count,n_positive_flights,comparison_ok,comparison_error,comparison_summary,best_model,fixed_xmin_for_comparison,truncated_ok,truncated_error,truncated_model,truncated_xmin,truncated_alpha,truncated_xc,truncated_p_value,truncated_ks_D,truncated_aic,truncated_bic,truncated_loglik,truncated_n_used,shifted_exp_ok,shifted_exp_error,shifted_exp_model,shifted_exp_xmin,shifted_exp_alpha,shifted_exp_xc,shifted_exp_p_value,shifted_exp_ks_D,shifted_exp_aic,shifted_exp_bic,shifted_exp_loglik,shifted_exp_n_used,delta_aic_trunc_minus_exp
/home/hpc/Desktop/resonant_swarm_runs/position_records/N100/kappa_1p5/okappa_2/pos_rep00_seed10000000.npz,100,1.5,2.0,0,10000000,com,-1,com,1.28958694934845,0.9806140065193176,0.9409762024879456,1377,1377,True,,"Model comparison
----------------
truncated: xmin=5.86746, alpha=1.51221, xc=2047.93, p=nan, KS=0.0307338, loglik=-2613.14, AIC=5228.28, BIC=5232.57
powerlaw: xmin=5.86746, alpha=1.60782, xc=nan, p=nan, KS=0.063961, loglik=-2633.12, AIC=5268.24, BIC=5272.53
shifted_exp: xmin=5.86746, alpha=0.0114495, xc=nan, p=nan, KS=0.336525, loglik=-2931.82, AIC=5865.63, BIC=5869.92

ΔAIC / ΔBIC
truncated: ΔAIC = 0 ΔBIC = 0
powerlaw: ΔAIC = 39.9583 ΔBIC = 39.9583
shifted_exp: ΔAIC = 637.348 ΔBIC = 637.348
",truncated,5.867459416389465,True,,truncated,5.867459416389465,1.5122127280991582,2047.9303170442581,,0.030733785354342014,5228.284080620923,5232.568214781994,-2613.1420403104617,536,True,,shifted_exp,5.867459416389465,0.011449538502060971,,,0.33652451206070777,5865.63187687199,5869.916011033061,-2931.815938435995,536,-637.3477962510669
/home/hpc/Desktop/resonant_swarm_runs/position_records/N100/kappa_1p5/okappa_2/pos_rep01_seed10000001.npz,100,1.5,2.0,1,10000001,com,-1,com,1.3633470773696903,1.0112113952636719,0.9684122204780579,1159,1159,True,,"Model comparison
----------------
truncated: xmin=4.5303, alpha=1.39888, xc=1419.07, p=nan, KS=0.029097, loglik=-2739.36, AIC=5480.73, BIC=5485.05
powerlaw: xmin=4.5303, alpha=1.5373, xc=nan, p=nan, KS=0.077645, loglik=-2776.19, AIC=5554.37, BIC=5558.7
shifted_exp: xmin=4.5303, alpha=0.011049, xc=nan, p=nan, KS=0.341004, loglik=-3061.01, AIC=6124.02, BIC=6128.34

ΔAIC / ΔBIC
truncated: ΔAIC = 0 ΔBIC = 0
powerlaw: ΔAIC = 73.6472 ΔBIC = 73.6472
shifted_exp: ΔAIC = 643.292 ΔBIC = 643.292
",truncated,4.530295133590698,True,,truncated,4.530295133590698,1.3988817512499345,1419.0686779022217,,0.029096970297009278,5480.727067460261,5485.047835754512,-2739.3635337301307,556,True,,shifted_exp,4.530295133590698,0.01104903128823301,,,0.34100431799340036,6124.018723446008,6128.339491740258,-3061.009361723004,556,-643.2916559857467
/home/hpc/Desktop/resonant_swarm_runs/position_records/N100/kappa_1p5/okappa_2/pos_rep02_seed10000002.npz,100,1.5,2.0,2,10000002,com,-1,com,1.1495288848876957,0.8982521891593933,0.8443541526794434,2152,2152,True,,"Model comparison
----------------
truncated: xmin=5.48645, alpha=1.60786, xc=1417.81, p=nan, KS=0.0164954, loglik=-2984.32, AIC=5970.65, BIC=5975.15
powerlaw: xmin=5.48645, alpha=1.69032, xc=nan, p=nan, KS=0.0379484, loglik=-3002.26, AIC=6006.52, BIC=6011.01
shifted_exp: xmin=5.48645, alpha=0.0171762, xc=nan, p=nan, KS=0.351495, loglik=-3362.65, AIC=6727.3, BIC=6731.8

ΔAIC / ΔBIC
truncated: ΔAIC = 0 ΔBIC = 0
powerlaw: ΔAIC = 35.8666 ΔBIC = 35.8666
shifted_exp: ΔAIC = 756.649 ΔBIC = 756.649
",truncated,5.486447215080261,True,,truncated,5.486447215080261,1.6078628922156515,1417.8074181079865,,0.016495420019520868,5970.649598126126,5975.147880275603,-2984.324799063063,664,True,,shifted_exp,5.486447215080261,0.017176194251181845,,,0.3514950864306585,6727.298647172732,6731.796929322209,-3362.649323586366,664,-756.6490490466058
/home/hpc/Desktop/resonant_swarm_runs/position_records/N100/kappa_1p5/okappa_2/pos_rep03_seed10000003.npz,100,1.5,2.0,3,10000003,com,-1,com,1.312109398841858,0.9996485114097595,0.9673585295677185,1361,1361,True,,"Model comparison
----------------
truncated: xmin=5.95819, alpha=1.49906, xc=1677.25, p=nan, KS=0.0222459, loglik=-2509.8, AIC=5021.59, BIC=5025.84
powerlaw: xmin=5.95819, alpha=1.60817, xc=nan, p=nan, KS=0.0585055, loglik=-2532.14, AIC=5066.28, BIC=5070.52
shifted_exp: xmin=5.95819, alpha=0.0106288, xc=nan, p=nan, KS=0.358348, loglik=-2849.71, AIC=5701.43, BIC=5705.67

ΔAIC / ΔBIC
truncated: ΔAIC = 0 ΔBIC = 0
powerlaw: ΔAIC = 44.6846 ΔBIC = 44.6846
shifted_exp: ΔAIC = 679.835 ΔBIC = 679.835
",truncated,5.958189129829407,True,,truncated,5.958189129829407,1.4990615412719392,1677.2463108301163,,0.022245911449632838,5021.5944398063475,5025.836663071803,-2509.7972199031738,514,True,,shifted_exp,5.958189129829407,0.010628758779331036,,,0.3583483059066874,5701.429231325615,5705.67145459107,-2849.7146156628073,514,-679.8347915192671
/home/hpc/Desktop/resonant_swarm_runs/position_records/N100/kappa_1p5/okappa_2/pos_rep04_seed10000004.npz,100,1.5,2.0,4,10000004,com,-1,com,1.3915651798248292,1.0200990438461304,0.981777012348175,1110,1110,True,,"Model comparison
----------------
truncated: xmin=4.76405, alpha=1.34631, xc=1533.43, p=nan, KS=0.0382675, loglik=-2619.52, AIC=5241.04, BIC=5245.27
powerlaw: xmin=4.76405, alpha=1.50417, xc=nan, p=nan, KS=0.0942084, loglik=-2661.76, AIC=5325.53, BIC=5329.76
shifted_exp: xmin=4.76405, alpha=0.00995997, xc=nan, p=nan, KS=0.305068, loglik=-2855.07, AIC=5712.15, BIC=5716.38

ΔAIC / ΔBIC
truncated: ΔAIC = 0 ΔBIC = 0
powerlaw: ΔAIC = 84.4918 ΔBIC = 84.4918
shifted_exp: ΔAIC = 471.109 ΔBIC = 471.109
",truncated,4.764048933982849,True,,truncated,4.764048933982849,1.346311339078326,1533.4301966428757,,0.038267466568184805,5241.0374742710055,5245.269922287556,-2619.5187371355028,509,True,,shifted_exp,4.764048933982849,0.009959967843760612,,,0.3050679474620986,5712.146701775654,5716.379149792205,-2855.073350887827,509,-471.1092275046485
/home/hpc/Desktop/resonant_swarm_runs/position_records/N100/kappa_1p5/okappa_2/pos_rep05_seed10000005.npz,100,1.5,2.0,5,10000005,com,-1,com,1.3138853311538705,0.9947522282600403,0.9667999744415283,1291,1291,True,,"Model comparison
----------------
truncated: xmin=4.54294, alpha=1.44366, xc=1625.76, p=nan, KS=0.0319828, loglik=-2728.45, AIC=5458.9, BIC=5463.24
powerlaw: xmin=4.54294, alpha=1.5597, xc=nan, p=nan, KS=0.0750081, loglik=-2757.52, AIC=5517.05, BIC=5521.39
shifted_exp: xmin=4.54294, alpha=0.0114774, xc=nan, p=nan, KS=0.344708, loglik=-3089.07, AIC=6180.14, BIC=6184.47

ΔAIC / ΔBIC
truncated: ΔAIC = 0 ΔBIC = 0
powerlaw: ΔAIC = 58.1449 ΔBIC = 58.1449
shifted_exp: ΔAIC = 721.232 ΔBIC = 721.232
",truncated,4.542937159538269,True,,truncated,4.542937159538269,1.4436594360002304,1625.7616475820541,,0.03198279272361315,5458.904618237542,5463.241443968689,-2728.452309118771,565,True,,shifted_exp,4.542937159538269,0.011477376286410147,,,0.3447081949980182,6180.136530581277,6184.473356312424,-3089.0682652906385,565,-721.2319123437346
/home/hpc/Desktop/resonant_swarm_runs/position_records/N100/kappa_1p5/okappa_2/pos_rep06_seed10000006.npz,100,1.5,2.0,6,10000006,com,-1,com,1.208129930496216,0.9343127608299255,0.8894627094268799,1731,1731,True,,"Model comparison
----------------
truncated: xmin=3.9818, alpha=1.55452, xc=1679.43, p=nan, KS=0.032379, loglik=-3245.77, AIC=6493.55, BIC=6498.15
powerlaw: xmin=3.9818, alpha=1.63132, xc=nan, p=nan, KS=0.0547265, loglik=-3266.13, AIC=6534.27, BIC=6538.87
shifted_exp: xmin=3.9818, alpha=0.0168637, xc=nan, p=nan, KS=0.373849, loglik=-3750.95, AIC=7503.91, BIC=7508.51

ΔAIC / ΔBIC
truncated: ΔAIC = 0 ΔBIC = 0
powerlaw: ΔAIC = 40.7223 ΔBIC = 40.7223
shifted_exp: ΔAIC = 1010.36 ΔBIC = 1010.36
",truncated,3.9817991256713867,True,,truncated,3.9817991256713867,1.5545245099810685,1679.4256383180618,,0.03237903139128184,6493.546416844788,6498.150360669389,-3245.773208422394,738,True,,shifted_exp,3.9817991256713867,0.016863705878820644,,,0.37384924475361614,7503.9051241798115,7508.509068004412,-3750.9525620899058,738,-1010.3587073350236
/home/hpc/Desktop/resonant_swarm_runs/position_records/N100/kappa_1p5/okappa_2/pos_rep07_seed10000007.npz,100,1.5,2.0,7,10000007,com,-1,com,1.3101531744003307,0.9910411834716797,0.9484560489654541,1398,1398,True,,"Model comparison
----------------
truncated: xmin=6.06535, alpha=1.53408, xc=1981.83, p=nan, KS=0.0271179, loglik=-2590.58, AIC=5183.16, BIC=5187.44
powerlaw: xmin=6.06535, alpha=1.62619, xc=nan, p=nan, KS=0.0489958, loglik=-2609.05, AIC=5220.11, BIC=5224.39
shifted_exp: xmin=6.06535, alpha=0.0113562, xc=nan, p=nan, KS=0.376571, loglik=-2936.2, AIC=5874.4, BIC=5878.69

ΔAIC / ΔBIC
truncated: ΔAIC = 0 ΔBIC = 0
powerlaw: ΔAIC = 36.9482 ΔBIC = 36.9482
shifted_exp: ΔAIC = 691.245 ΔBIC = 691.245
",truncated,6.065346837043762,True,,truncated,6.065346837043762,1.5340787868491619,1981.827364563942,,0.02711786514248741,5183.157631669076,5187.441765830147,-2590.578815834538,536,True,,shifted_exp,6.065346837043762,0.01135624678726829,,,0.37657052078931763,5874.402394952247,5878.686529113318,-2936.2011974761235,536,-691.2447632831709
/home/hpc/Desktop/resonant_swarm_runs/position_records/N100/kappa_1p5/okappa_2/pos_rep08_seed10000008.npz,100,1.5,2.0,8,10000008,com,-1,com,1.3525738954544069,1.0189064741134644,0.9898998737335205,1165,1165,True,,"Model comparison
----------------
truncated: xmin=4.39003, alpha=1.46842, xc=1497.64, p=nan, KS=0.0311489, loglik=-2717.08, AIC=5436.16, BIC=5440.52
powerlaw: xmin=4.39003, alpha=1.57845, xc=nan, p=nan, KS=0.0483869, loglik=-2743.93, AIC=5489.87, BIC=5494.22
shifted_exp: xmin=4.39003, alpha=0.0112536, xc=nan, p=nan, KS=0.402633, loglik=-3166.04, AIC=6334.08, BIC=6338.44

ΔAIC / ΔBIC
truncated: ΔAIC = 0 ΔBIC = 0
powerlaw: ΔAIC = 53.7024 ΔBIC = 53.7024
shifted_exp: ΔAIC = 897.915 ΔBIC = 897.915
",truncated,4.390028238296509,True,,truncated,4.390028238296509,1.4684221848185763,1497.639800786972,,0.031148933241351595,5436.164573769945,5440.522416036452,-2717.0822868849723,577,True,,shifted_exp,4.390028238296509,0.011253562443224075,,,0.40263294030088104,6334.0794018196275,6338.437244086135,-3166.0397009098137,577,-897.9148280496829
/home/hpc/Desktop/resonant_swarm_runs/position_records/N100/kappa_1p5/okappa_2/pos_rep09_seed10000009.npz,100,1.5,2.0,9,10000009,com,-1,com,1.3090390920639046,0.9821099042892456,0.9371109008789062,1358,1358,True,,"Model comparison
----------------
truncated: xmin=6.09196, alpha=1.45067, xc=1604.94, p=nan, KS=0.024015, loglik=-2512.3, AIC=5026.6, BIC=5030.82
powerlaw: xmin=6.09196, alpha=1.57906, xc=nan, p=nan, KS=0.0650342, loglik=-2540.12, AIC=5082.24, BIC=5086.45
shifted_exp: xmin=6.09196, alpha=0.0106826, xc=nan, p=nan, KS=0.332626, loglik=-2769.57, AIC=5541.14, BIC=5545.35

ΔAIC / ΔBIC
truncated: ΔAIC = 0 ΔBIC = 0
powerlaw: ΔAIC = 55.6355 ΔBIC = 55.6355
shifted_exp: ΔAIC = 514.535 ΔBIC = 514.535
",truncated,6.091959595680237,True,,truncated,6.091959595680237,1.4506728346592201,1604.9412109851837,,0.024015008641275037,5026.601120180851,5030.815728279273,-2512.3005600904253,500,True,,shifted_exp,6.091959595680237,0.010682635362141908,,,0.3326255167684896,5541.135719134668,5545.35032723309,-2769.567859567334,500,-514.5345989538173
/home/hpc/Desktop/resonant_swarm_runs/position_records/N100/kappa_1p5/okappa_2/pos_rep10_seed10000010.npz,100,1.5,2.0,10,10000010,com,-1,com,1.2242571353912355,0.9476324319839478,0.9046885371208191,1637,1637,True,,"Model comparison
----------------
truncated: xmin=5.45094, alpha=1.51579, xc=1459.16, p=nan, KS=0.0231421, loglik=-2818.4, AIC=5638.81, BIC=5643.19
powerlaw: xmin=5.45094, alpha=1.6221, xc=nan, p=nan, KS=0.057199, loglik=-2842.84, AIC=5687.68, BIC=5692.07
shifted_exp: xmin=5.45094, alpha=0.0135583, xc=nan, p=nan, KS=0.357515, loglik=-3153.95, AIC=6309.9, BIC=6314.29

ΔAIC / ΔBIC
truncated: ΔAIC = 0 ΔBIC = 0
powerlaw: ΔAIC = 48.8729 ΔBIC = 48.8729
shifted_exp: ΔAIC = 671.093 ΔBIC = 671.093
",truncated,5.450943946838379,True,,truncated,5.450943946838379,1.5157896334390923,1459.1603416204453,,0.02314207585395678,5638.806207961823,5643.194769367368,-2818.4031039809115,595,True,,shifted_exp,5.450943946838379,0.013558308386097551,,,0.3575148433822045,6309.899347902175,6314.28790930772,-3153.9496739510873,595,-671.0931399403516
/home/hpc/Desktop/resonant_swarm_runs/position_records/N100/kappa_1p5/okappa_2/pos_rep11_seed10000011.npz,100,1.5,2.0,11,10000011,com,-1,com,1.2841713190078738,0.9805855751037598,0.93421870470047,1454,1454,True,,"Model comparison
----------------
truncated: xmin=5.82748, alpha=1.49249, xc=2017.12, p=nan, KS=0.0271282, loglik=-2614.81, AIC=5231.63, BIC=5235.9
powerlaw: xmin=5.82748, alpha=1.59432, xc=nan, p=nan, KS=0.0626845, loglik=-2636.69, AIC=5275.37, BIC=5279.65
shifted_exp: xmin=5.82748, alpha=0.0114724, xc=nan, p=nan, KS=0.333265, loglik=-2903.41, AIC=5808.81, BIC=5813.09

ΔAIC / ΔBIC
truncated: ΔAIC = 0 ΔBIC = 0
powerlaw: ΔAIC = 43.7497 ΔBIC = 43.7497
shifted_exp: ΔAIC = 577.189 ΔBIC = 577.189
",truncated,5.827475428581238,True,,truncated,5.827475428581238,1.4924872172552135,2017.1247755289078,,0.027128229678505367,5231.625241595804,5235.900003617046,-2614.812620797902,531,True,,shifted_exp,5.827475428581238,0.011472409113923164,,,0.33326465360076385,5808.814574503978,5813.0893365252205,-2903.407287251989,531,-577.189332908174
/home/hpc/Desktop/resonant_swarm_runs/position_records/N100/kappa_1p5/okappa_2/pos_rep12_seed10000012.npz,100,1.5,2.0,12,10000012,com,-1,com,1.4009179115295434,1.0291838645935059,0.9842955470085144,1078,1078,True,,"Model comparison
----------------
truncated: xmin=4.75171, alpha=1.41178, xc=2642.71, p=nan, KS=0.0394861, loglik=-2541.77, AIC=5085.54, BIC=5089.76
powerlaw: xmin=4.75171, alpha=1.52005, xc=nan, p=nan, KS=0.0813213, loglik=-2567.62, AIC=5137.25, BIC=5141.46
shifted_exp: xmin=4.75171, alpha=0.00970428, xc=nan, p=nan, KS=0.337658, loglik=-2817.59, AIC=5637.19, BIC=5641.4

ΔAIC / ΔBIC
truncated: ΔAIC = 0 ΔBIC = 0
powerlaw: ΔAIC = 51.7027 ΔBIC = 51.7027
shifted_exp: ΔAIC = 551.645 ΔBIC = 551.645
",truncated,4.7517077922821045,True,,truncated,4.7517077922821045,1.4117791067617511,2642.70973610878,,0.03948609717453888,5085.543867309305,5089.758475407727,-2541.7719336546525,500,True,,shifted_exp,4.7517077922821045,0.009704278855762392,,,0.33765760821438706,5637.188371586488,5641.40297968491,-2817.594185793244,500,-551.6445042771829
/home/hpc/Desktop/resonant_swarm_runs/position_records/N100/kappa_1p5/okappa_2/pos_rep13_seed10000013.npz,100,1.5,2.0,13,10000013,com,-1,com,1.2302486658096319,0.940070629119873,0.8923894166946411,1660,1660,True,,"Model comparison
----------------
truncated: xmin=4.2047, alpha=1.5049, xc=1074.81, p=nan, KS=0.0272632, loglik=-3093.69, AIC=6189.38, BIC=6193.91
powerlaw: xmin=4.2047, alpha=1.6168, xc=nan, p=nan, KS=0.0638123, loglik=-3123.99, AIC=6249.97, BIC=6254.5
shifted_exp: xmin=4.2047, alpha=0.015586, xc=nan, p=nan, KS=0.352528, loglik=-3551.03, AIC=7104.06, BIC=7108.6

ΔAIC / ΔBIC
truncated: ΔAIC = 0 ΔBIC = 0
powerlaw: ΔAIC = 60.5946 ΔBIC = 60.5946
shifted_exp: ΔAIC = 914.686 ΔBIC = 914.686
",truncated,4.204699993133545,True,,truncated,4.204699993133545,1.5049038468188354,1074.8105527162552,,0.027263166788239993,6189.376283966161,6193.910072804095,-3093.6881419830806,688,True,,shifted_exp,4.204699993133545,0.015586001397656563,,,0.35252835018334583,7104.061788708411,7108.595577546344,-3551.0308943542054,688,-914.6855047422496
/home/hpc/Desktop/resonant_swarm_runs/position_records/N100/kappa_1p5/okappa_2/pos_rep14_seed10000014.npz,100,1.5,2.0,14,10000014,com,-1,com,1.3189735174179078,0.9918652176856995,0.9499058723449707,1309,1309,True,,"Model comparison
----------------
truncated: xmin=6.0268, alpha=1.45617, xc=1456.36, p=nan, KS=0.0303477, loglik=-2487.93, AIC=4977.85, BIC=4982.07
powerlaw: xmin=6.0268, alpha=1.58714, xc=nan, p=nan, KS=0.0733436, loglik=-2515.94, AIC=5033.88, BIC=5038.1
shifted_exp: xmin=6.0268, alpha=0.0104537, xc=nan, p=nan, KS=0.338053, loglik=-2780.4, AIC=5562.8, BIC=5567.02

ΔAIC / ΔBIC
truncated: ΔAIC = 0 ΔBIC = 0
powerlaw: ΔAIC = 56.0295 ΔBIC = 56.0295
shifted_exp: ΔAIC = 584.95 ΔBIC = 584.95
",truncated,6.026802182197571,True,,truncated,6.026802182197571,1.4561655994232465,1456.364637851715,,0.030347701979271835,4977.853384196745,4982.067992295167,-2487.9266920983723,500,True,,shifted_exp,6.026802182197571,0.010453656190907304,,,0.3380532380020028,5562.803487035235,5567.018095133657,-2780.4017435176174,500,-584.9501028384902
/home/hpc/Desktop/resonant_swarm_runs/position_records/N100/kappa_1p5/okappa_2/pos_rep15_seed10000015.npz,100,1.5,2.0,15,10000015,com,-1,com,1.2833034992218018,0.9890125393867493,0.940718948841095,1425,1425,True,,"Model comparison
----------------
truncated: xmin=4.28402, alpha=1.50452, xc=1705.1, p=nan, KS=0.0293042, loglik=-2774.71, AIC=5551.41, BIC=5555.81
powerlaw: xmin=4.28402, alpha=1.597, xc=nan, p=nan, KS=0.0505323, loglik=-2796.75, AIC=5595.5, BIC=5599.9
shifted_exp: xmin=4.28402, alpha=0.0125549, xc=nan, p=nan, KS=0.410978, loglik=-3237.34, AIC=6476.68, BIC=6481.08

ΔAIC / ΔBIC
truncated: ΔAIC = 0 ΔBIC = 0
powerlaw: ΔAIC = 44.0837 ΔBIC = 44.0837
shifted_exp: ΔAIC = 925.266 ΔBIC = 925.266
",truncated,4.284022808074951,True,,truncated,4.284022808074951,1.504523852649218,1705.0972250699997,,0.029304155042275903,5551.4135889674635,5555.813846412772,-2774.7067944837318,602,True,,shifted_exp,4.284022808074951,0.012554939366693304,,,0.41097762478121147,6476.679903422429,6481.0801608677375,-3237.3399517112143,602,-925.2663144549651
/home/hpc/Desktop/resonant_swarm_runs/position_records/N100/kappa_1p5/okappa_2/pos_rep16_seed10000016.npz,100,1.5,2.0,16,10000016,com,-1,com,1.3877870559692385,1.0301939249038696,0.9867674708366394,1095,1095,True,,"Model comparison
----------------
truncated: xmin=4.59985, alpha=1.41235, xc=2094.17, p=nan, KS=0.0377124, loglik=-2580.17, AIC=5162.33, BIC=5166.58
powerlaw: xmin=4.59985, alpha=1.52858, xc=nan, p=nan, KS=0.082773, loglik=-2608.6, AIC=5219.2, BIC=5223.44
shifted_exp: xmin=4.59985, alpha=0.00999048, xc=nan, p=nan, KS=0.341249, loglik=-2892.76, AIC=5787.52, BIC=5791.76

ΔAIC / ΔBIC
truncated: ΔAIC = 0 ΔBIC = 0
powerlaw: ΔAIC = 56.8676 ΔBIC = 56.8676
shifted_exp: ΔAIC = 625.187 ΔBIC = 625.187
",truncated,4.599853277206421,True,,truncated,4.599853277206421,1.4123479368325262,2094.1731231212616,,0.037712397488031235,5162.3311590001285,5166.57726576561,-2580.1655795000643,516,True,,shifted_exp,4.599853277206421,0.009990483890288235,,,0.3412487851661691,5787.5181620293515,5791.764268794833,-2892.7590810146758,516,-625.187003029223
/home/hpc/Desktop/resonant_swarm_runs/position_records/N100/kappa_1p5/okappa_2/pos_rep17_seed10000017.npz,100,1.5,2.0,17,10000017,com,-1,com,1.235287857055664,0.9438620805740356,0.8900546431541443,1668,1668,True,,"Model comparison
----------------
truncated: xmin=6.64047, alpha=1.55391, xc=1655.19, p=nan, KS=0.0288777, loglik=-2616.07, AIC=5234.14, BIC=5238.44
powerlaw: xmin=6.64047, alpha=1.65234, xc=nan, p=nan, KS=0.0522705, loglik=-2635.35, AIC=5272.7, BIC=5277
shifted_exp: xmin=6.64047, alpha=0.012782, xc=nan, p=nan, KS=0.33538, loglik=-2910.33, AIC=5822.65, BIC=5826.95

ΔAIC / ΔBIC
truncated: ΔAIC = 0 ΔBIC = 0
powerlaw: ΔAIC = 38.5603 ΔBIC = 38.5603
shifted_exp: ΔAIC = 588.514 ΔBIC = 588.514
",truncated,6.640470385551453,True,,truncated,6.640470385551453,1.5539090006983196,1655.1937592029572,,0.02887765683092136,5234.140145177867,5238.437254497801,-2616.0700725889337,543,True,,shifted_exp,6.640470385551453,0.01278198680175132,,,0.33537965240611856,5822.654161027306,5826.95127034724,-2910.327080513653,543,-588.5140158494387
/home/hpc/Desktop/resonant_swarm_runs/position_records/N100/kappa_1p5/okappa_2/pos_rep18_seed10000018.npz,100,1.5,2.0,18,10000018,com,-1,com,1.3297900438308716,1.0076192617416382,0.9778282046318054,1163,1163,True,,"Model comparison
----------------
truncated: xmin=4.41608, alpha=1.40521, xc=1661.91, p=nan, KS=0.0590334, loglik=-2466.53, AIC=4935.06, BIC=4939.27
powerlaw: xmin=4.41608, alpha=1.53243, xc=nan, p=nan, KS=0.0739228, loglik=-2496.87, AIC=4995.75, BIC=4999.96
shifted_exp: xmin=4.41608, alpha=0.0098415, xc=nan, p=nan, KS=0.36429, loglik=-2810.57, AIC=5623.15, BIC=5627.36

ΔAIC / ΔBIC
truncated: ΔAIC = 0 ΔBIC = 0
powerlaw: ΔAIC = 60.6897 ΔBIC = 60.6897
shifted_exp: ΔAIC = 688.09 ΔBIC = 688.09
",truncated,4.416077613830566,True,,truncated,4.416077613830566,1.4052085758125854,1661.9074374437332,,0.05903336277713713,4935.057188630428,4939.27179672885,-2466.528594315214,500,True,,shifted_exp,4.416077613830566,0.009841501025137553,,,0.36429049787621715,5623.1470363464705,5627.361644444893,-2810.5735181732352,500,-688.0898477160426
/home/hpc/Desktop/resonant_swarm_runs/position_records/N100/kappa_1p5/okappa_2/pos_rep19_seed10000019.npz,100,1.5,2.0,19,10000019,com,-1,com,1.4337584257125855,1.0469446182250977,1.0149704217910767,1035,1035,True,,"Model comparison
----------------
truncated: xmin=4.73584, alpha=1.44163, xc=1805.8, p=nan, KS=0.0343054, loglik=-2475.5, AIC=4953, BIC=4957.23
powerlaw: xmin=4.73584, alpha=1.55553, xc=nan, p=nan, KS=0.0629296, loglik=-2501.2, AIC=5004.4, BIC=5008.63
shifted_exp: xmin=4.73584, alpha=0.00948664, xc=nan, p=nan, KS=0.388132, loglik=-2862.88, AIC=5727.77, BIC=5731.99

ΔAIC / ΔBIC
truncated: ΔAIC = 0 ΔBIC = 0
powerlaw: ΔAIC = 51.397 ΔBIC = 51.397
shifted_exp: ΔAIC = 774.762 ΔBIC = 774.762
",truncated,4.735836148262024,True,,truncated,4.735836148262024,1.4416336040180315,1805.7965325117111,,0.03430540372641078,4953.003550260548,4957.230086929835,-2475.501775130274,506,True,,shifted_exp,4.735836148262024,0.00948663813946848,,,0.3881319444603776,5727.765433861415,5731.991970530702,-2862.8827169307074,506,-774.7618836008669
/home/hpc/Desktop/resonant_swarm_runs/position_records/N200/kappa_1p5/okappa_2/pos_rep00_seed20000000.npz,200,1.5,2.0,0,20000000,com,-1,com,0.7182215452194214,0.5185165405273438,0.35910549759864807,3850,3850,True,,"Model comparison
----------------
truncated: xmin=3.85815, alpha=1.95756, xc=313.078, p=nan, KS=0.0197983, loglik=-3263.54, AIC=6529.07, BIC=6533.97
powerlaw: xmin=3.85815, alpha=2.02245, xc=nan, p=nan, KS=0.0299646, loglik=-3276.28, AIC=6554.56, BIC=6559.46
shifted_exp: xmin=3.85815, alpha=0.0761386, xc=nan, p=nan, KS=0.252674, loglik=-3543.02, AIC=7088.05, BIC=7092.95

ΔAIC / ΔBIC
truncated: ΔAIC = 0 ΔBIC = 0
powerlaw: ΔAIC = 25.4868 ΔBIC = 25.4868
shifted_exp: ΔAIC = 558.973 ΔBIC = 558.973
",truncated,3.85815292596817,True,,truncated,3.85815292596817,1.9575630383729028,313.07813000679016,,0.019798287182973717,6529.07361219897,6533.9723267333,-3263.536806099485,991,True,,shifted_exp,3.85815292596817,0.07613857628198718,,,0.2526735038064932,7088.046849694803,7092.945564229133,-3543.0234248474017,991,-558.973237495833
/home/hpc/Desktop/resonant_swarm_runs/position_records/N200/kappa_1p5/okappa_2/pos_rep01_seed20000001.npz,200,1.5,2.0,1,20000001,com,-1,com,0.7259207606315613,0.5346751809120178,0.4145457446575165,3734,3734,True,,"Model comparison
----------------
truncated: xmin=3.0124, alpha=1.96622, xc=1234.45, p=nan, KS=0.0276055, loglik=-3826.11, AIC=7654.22, BIC=7659.32
powerlaw: xmin=3.0124, alpha=1.98337, xc=nan, p=nan, KS=0.0301074, loglik=-3829.58, AIC=7661.15, BIC=7666.26
shifted_exp: xmin=3.0124, alpha=0.078868, xc=nan, p=nan, KS=0.2786, loglik=-4322.32, AIC=8646.63, BIC=8651.74

ΔAIC / ΔBIC
truncated: ΔAIC = 0 ΔBIC = 0
powerlaw: ΔAIC = 6.93728 ΔBIC = 6.93728
shifted_exp: ΔAIC = 992.416 ΔBIC = 992.416
",truncated,3.0124043226242065,True,,truncated,3.0124043226242065,1.9662249347664245,1234.4468480348587,,0.027605477051604155,7654.215399191282,7659.322824665393,-3826.107699595641,1221,True,,shifted_exp,3.0124043226242065,0.0788679680138625,,,0.2786001593195576,8646.631442401838,8651.738867875949,-4322.315721200919,1221,-992.4160432105564
/home/hpc/Desktop/resonant_swarm_runs/position_records/N200/kappa_1p5/okappa_2/pos_rep02_seed20000002.npz,200,1.5,2.0,2,20000002,com,-1,com,0.7276094555854797,0.5355892181396484,0.41832616925239563,3567,3567,True,,"Model comparison
----------------
truncated: xmin=3.80476, alpha=1.98038, xc=795.709, p=nan, KS=0.0210666, loglik=-3310.96, AIC=6623.92, BIC=6628.83
powerlaw: xmin=3.80476, alpha=2.00858, xc=nan, p=nan, KS=0.0282928, loglik=-3315.88, AIC=6633.76, BIC=6638.67
shifted_exp: xmin=3.80476, alpha=0.0661038, xc=nan, p=nan, KS=0.273955, loglik=-3712.81, AIC=7427.62, BIC=7432.53

ΔAIC / ΔBIC
truncated: ΔAIC = 0 ΔBIC = 0
powerlaw: ΔAIC = 9.84187 ΔBIC = 9.84187
shifted_exp: ΔAIC = 803.704 ΔBIC = 803.704
",truncated,3.804756820201874,True,,truncated,3.804756820201874,1.9803771307461184,795.7090050578117,,0.021066594459223875,6623.9200287560925,6628.8267835347415,-3310.9600143780463,999,True,,shifted_exp,3.804756820201874,0.06610383948422825,,,0.273954966918441,7427.623838738458,7432.530593517107,-3712.811919369229,999,-803.7038099823658
/home/hpc/Desktop/resonant_swarm_runs/position_records/N200/kappa_1p5/okappa_2/pos_rep03_seed20000003.npz,200,1.5,2.0,3,20000003,com,-1,com,0.7205681800842285,0.5361021757125854,0.4353974163532257,3645,3645,True,,"Model comparison
----------------
truncated: xmin=2.95754, alpha=1.91337, xc=898.683, p=nan, KS=0.0252932, loglik=-3753.07, AIC=7508.14, BIC=7513.2
powerlaw: xmin=2.95754, alpha=1.94002, xc=nan, p=nan, KS=0.0321605, loglik=-3758.93, AIC=7519.86, BIC=7524.92
shifted_exp: xmin=2.95754, alpha=0.0716993, xc=nan, p=nan, KS=0.28718, loglik=-4256.91, AIC=8515.81, BIC=8520.88

ΔAIC / ΔBIC
truncated: ΔAIC = 0 ΔBIC = 0
powerlaw: ΔAIC = 11.7217 ΔBIC = 11.7217
shifted_exp: ΔAIC = 1007.68 ΔBIC = 1007.68
",truncated,2.957542896270752,True,,truncated,2.957542896270752,1.9133738585337192,898.6826213598251,,0.02529321372241078,7508.136274538798,7513.201887902395,-3753.068137269399,1171,True,,shifted_exp,2.957542896270752,0.07169925704577632,,,0.2871801772274044,8515.813800375217,8520.879413738816,-4256.906900187609,1171,-1007.6775258364196
/home/hpc/Desktop/resonant_swarm_runs/position_records/N200/kappa_1p5/okappa_2/pos_rep04_seed20000004.npz,200,1.5,2.0,4,20000004,com,-1,com,0.7235748767852783,0.5236942768096924,0.37449562549591064,3745,3745,True,,"Model comparison
----------------
truncated: xmin=3.0256, alpha=1.95045, xc=504.043, p=nan, KS=0.0234792, loglik=-3883.77, AIC=7769.55, BIC=7774.67
powerlaw: xmin=3.0256, alpha=1.98789, xc=nan, p=nan, KS=0.0325436, loglik=-3892.51, AIC=7787.02, BIC=7792.14
shifted_exp: xmin=3.0256, alpha=0.0865147, xc=nan, p=nan, KS=0.254177, loglik=-4285.17, AIC=8572.34, BIC=8577.46

ΔAIC / ΔBIC
truncated: ΔAIC = 0 ΔBIC = 0
powerlaw: ΔAIC = 17.4704 ΔBIC = 17.4704
shifted_exp: ΔAIC = 802.79 ΔBIC = 802.79
",truncated,3.0255966782569885,True,,truncated,3.0255966782569885,1.9504544903480268,504.0431427359581,,0.02347915593283409,7769.5481912107625,7774.6734743022735,-3883.7740956053813,1243,True,,shifted_exp,3.0255966782569885,0.08651471538940181,,,0.2541773455762556,8572.33772787933,8577.463010970841,-4285.168863939665,1243,-802.789536668568
/home/hpc/Desktop/resonant_swarm_runs/position_records/N200/kappa_1p5/okappa_2/pos_rep05_seed20000005.npz,200,1.5,2.0,5,20000005,com,-1,com,0.7346439719200135,0.551723837852478,0.469139963388443,3499,3499,True,,"Model comparison
----------------
truncated: xmin=4.84124, alpha=1.97977, xc=1180.69, p=nan, KS=0.0277455, loglik=-2751.07, AIC=5504.14, BIC=5508.79
powerlaw: xmin=4.84124, alpha=2.00468, xc=nan, p=nan, KS=0.0333054, loglik=-2754.38, AIC=5510.75, BIC=5515.4
shifted_exp: xmin=4.84124, alpha=0.0482709, xc=nan, p=nan, KS=0.293894, loglik=-3111.87, AIC=6225.75, BIC=6230.4

ΔAIC / ΔBIC
truncated: ΔAIC = 0 ΔBIC = 0
powerlaw: ΔAIC = 6.60925 ΔBIC = 6.60925
shifted_exp: ΔAIC = 721.606 ΔBIC = 721.606
",truncated,4.841244101524353,True,,truncated,4.841244101524353,1.9797706600681448,1180.6916975975037,,0.02774550226061137,5504.143349845434,5508.792334395459,-2751.071674922717,772,True,,shifted_exp,4.841244101524353,0.04827093199905126,,,0.2938943522608126,6225.749313929534,6230.398298479558,-3111.874656964767,772,-721.6059640840995
/home/hpc/Desktop/resonant_swarm_runs/position_records/N200/kappa_1p5/okappa_2/pos_rep06_seed20000006.npz,200,1.5,2.0,6,20000006,com,-1,com,0.7439282298088075,0.5594281554222107,0.4718274176120758,3536,3536,True,,"Model comparison
----------------
truncated: xmin=4.71034, alpha=1.98294, xc=1031.82, p=nan, KS=0.0216671, loglik=-2838.07, AIC=5678.13, BIC=5682.82
powerlaw: xmin=4.71034, alpha=2.00985, xc=nan, p=nan, KS=0.027487, loglik=-2841.81, AIC=5685.63, BIC=5690.32
shifted_exp: xmin=4.71034, alpha=0.0501023, xc=nan, p=nan, KS=0.306914, loglik=-3214.92, AIC=6431.84, BIC=6436.53

ΔAIC / ΔBIC
truncated: ΔAIC = 0 ΔBIC = 0
powerlaw: ΔAIC = 7.4958 ΔBIC = 7.4958
shifted_exp: ΔAIC = 753.705 ΔBIC = 753.705
",truncated,4.710342228412628,True,,truncated,4.710342228412628,1.982943186036919,1031.8193212747574,,0.021667139931860868,5678.132530590559,5682.823372867978,-2838.0662652952797,805,True,,shifted_exp,4.710342228412628,0.050102312026262634,,,0.30691382030226866,6431.837879200984,6436.528721478403,-3214.918939600492,805,-753.7053486104251
/home/hpc/Desktop/resonant_swarm_runs/position_records/N200/kappa_1p5/okappa_2/pos_rep07_seed20000007.npz,200,1.5,2.0,7,20000007,com,-1,com,0.7171992778778077,0.51857590675354,0.3675375282764435,3798,3798,True,,"Model comparison
----------------
truncated: xmin=3.94494, alpha=1.97463, xc=468.413, p=nan, KS=0.0261754, loglik=-3224.34, AIC=6450.69, BIC=6455.57
powerlaw: xmin=3.94494, alpha=2.02022, xc=nan, p=nan, KS=0.0371968, loglik=-3232.61, AIC=6467.22, BIC=6472.1
shifted_exp: xmin=3.94494, alpha=0.0738826, xc=nan, p=nan, KS=0.231341, loglik=-3497.12, AIC=6996.24, BIC=7001.12

ΔAIC / ΔBIC
truncated: ΔAIC = 0 ΔBIC = 0
powerlaw: ΔAIC = 16.5348 ΔBIC = 16.5348
shifted_exp: ΔAIC = 545.55 ΔBIC = 545.55
",truncated,3.944938600063324,True,,truncated,3.944938600063324,1.9746334744332696,468.413251042366,,0.026175370159828237,6450.688156113365,6455.565452184863,-3224.3440780566825,970,True,,shifted_exp,3.944938600063324,0.07388264741426834,,,0.2313411618367336,6996.237943212022,7001.11523928352,-3497.118971606011,970,-545.5497870986574
/home/hpc/Desktop/resonant_swarm_runs/position_records/N200/kappa_1p5/okappa_2/pos_rep08_seed20000008.npz,200,1.5,2.0,8,20000008,com,-1,com,0.7437158107757569,0.5527395009994507,0.4542563855648041,3447,3447,True,,"Model comparison
----------------
truncated: xmin=3.44381, alpha=1.89139, xc=609.75, p=nan, KS=0.0311934, loglik=-3500.06, AIC=7002.12, BIC=7007.07
powerlaw: xmin=3.44381, alpha=1.93455, xc=nan, p=nan, KS=0.0427252, loglik=-3509.27, AIC=7020.54, BIC=7025.49
shifted_exp: xmin=3.44381, alpha=0.0618592, xc=nan, p=nan, KS=0.281206, loglik=-3934.21, AIC=7870.42, BIC=7875.37

ΔAIC / ΔBIC
truncated: ΔAIC = 0 ΔBIC = 0
powerlaw: ΔAIC = 18.4257 ΔBIC = 18.4257
shifted_exp: ΔAIC = 868.301 ΔBIC = 868.301
",truncated,3.4438058137893677,True,,truncated,3.4438058137893677,1.891390314587206,609.7504276633263,,0.03119337666921828,7002.118231897612,7007.065207889747,-3500.059115948806,1040,True,,shifted_exp,3.4438058137893677,0.061859241049697165,,,0.2812061898319823,7870.419063727498,7875.366039719634,-3934.209531863749,1040,-868.3008318298862
/home/hpc/Desktop/resonant_swarm_runs/position_records/N200/kappa_1p5/okappa_2/pos_rep09_seed20000009.npz,200,1.5,2.0,9,20000009,com,-1,com,0.7156888842582703,0.5375176668167114,0.44503864645957947,3649,3649,True,,"Model comparison
----------------
truncated: xmin=2.92945, alpha=1.96849, xc=947.051, p=nan, KS=0.0228442, loglik=-3807.82, AIC=7617.65, BIC=7622.76
powerlaw: xmin=2.92945, alpha=1.98911, xc=nan, p=nan, KS=0.0274494, loglik=-3812.13, AIC=7626.26, BIC=7631.38
shifted_exp: xmin=2.92945, alpha=0.074661, xc=nan, p=nan, KS=0.299795, loglik=-4425.2, AIC=8852.39, BIC=8857.51

ΔAIC / ΔBIC
truncated: ΔAIC = 0 ΔBIC = 0
powerlaw: ΔAIC = 8.6109 ΔBIC = 8.6109
shifted_exp: ΔAIC = 1234.74 ΔBIC = 1234.74
",truncated,2.929453194141388,True,,truncated,2.929453194141388,1.9684916246652209,947.0513953566551,,0.022844193464884532,7617.648698617731,7622.764280743915,-3807.8243493088653,1231,True,,shifted_exp,2.929453194141388,0.07466101595526187,,,0.2997946046656609,8852.390701056524,8857.506283182707,-4425.195350528262,1231,-1234.742002438793
/home/hpc/Desktop/resonant_swarm_runs/position_records/N200/kappa_1p5/okappa_2/pos_rep10_seed20000010.npz,200,1.5,2.0,10,20000010,com,-1,com,0.7372244119644168,0.555584192276001,0.4781951904296875,3382,3382,True,,"Model comparison
----------------
truncated: xmin=3.11977, alpha=1.91456, xc=982.794, p=nan, KS=0.0219119, loglik=-3599.91, AIC=7201.82, BIC=7206.82
powerlaw: xmin=3.11977, alpha=1.94037, xc=nan, p=nan, KS=0.0261689, loglik=-3605.23, AIC=7212.47, BIC=7217.47
shifted_exp: xmin=3.11977, alpha=0.0613219, xc=nan, p=nan, KS=0.311773, loglik=-4189.74, AIC=8381.48, BIC=8386.48

ΔAIC / ΔBIC
truncated: ΔAIC = 0 ΔBIC = 0
powerlaw: ΔAIC = 10.6506 ΔBIC = 10.6506
shifted_exp: ΔAIC = 1179.66 ΔBIC = 1179.66
",truncated,3.1197662949562073,True,,truncated,3.1197662949562073,1.9145604506920417,982.79404515028,,0.02191190759149453,7201.816013955123,7206.823614569074,-3599.9080069775614,1105,True,,shifted_exp,3.1197662949562073,0.06132189249532724,,,0.3117732592223017,8381.476581883971,8386.484182497923,-4189.738290941986,1105,-1179.6605679288486
/home/hpc/Desktop/resonant_swarm_runs/position_records/N200/kappa_1p5/okappa_2/pos_rep11_seed20000011.npz,200,1.5,2.0,11,20000011,com,-1,com,0.7301508545875551,0.5392354726791382,0.41983562707901,3570,3570,True,,"Model comparison
----------------
truncated: xmin=2.99782, alpha=1.93514, xc=1041.14, p=nan, KS=0.0272943, loglik=-3863.25, AIC=7728.49, BIC=7733.59
powerlaw: xmin=2.99782, alpha=1.95727, xc=nan, p=nan, KS=0.0332966, loglik=-3868.04, AIC=7738.07, BIC=7743.17
shifted_exp: xmin=2.99782, alpha=0.0754739, xc=nan, p=nan, KS=0.280392, loglik=-4350.94, AIC=8703.87, BIC=8708.98

ΔAIC / ΔBIC
truncated: ΔAIC = 0 ΔBIC = 0
powerlaw: ΔAIC = 9.57984 ΔBIC = 9.57984
shifted_exp: ΔAIC = 975.382 ΔBIC = 975.382
",truncated,2.9978173971176147,True,,truncated,2.9978173971176147,1.9351392544682042,1041.1398220062256,,0.027294341778770437,7728.492513526157,7733.594189497777,-3863.2462567630787,1214,True,,shifted_exp,2.9978173971176147,0.07547393498834502,,,0.2803915139876101,8703.874095861822,8708.975771833442,-4350.937047930911,1214,-975.3815823356645
/home/hpc/Desktop/resonant_swarm_runs/position_records/N200/kappa_1p5/okappa_2/pos_rep12_seed20000012.npz,200,1.5,2.0,12,20000012,com,-1,com,0.7405292510986331,0.548161506652832,0.44537344574928284,3362,3362,True,,"Model comparison
----------------
truncated: xmin=3.91995, alpha=1.97034, xc=1039.56, p=nan, KS=0.02249, loglik=-3238.23, AIC=6478.45, BIC=6483.32
powerlaw: xmin=3.91995, alpha=1.99441, xc=nan, p=nan, KS=0.0287634, loglik=-3242.22, AIC=6486.44, BIC=6491.31
shifted_exp: xmin=3.91995, alpha=0.0588378, xc=nan, p=nan, KS=0.293863, loglik=-3679.65, AIC=7361.31, BIC=7366.17

ΔAIC / ΔBIC
truncated: ΔAIC = 0 ΔBIC = 0
powerlaw: ΔAIC = 7.99062 ΔBIC = 7.99062
shifted_exp: ΔAIC = 882.854 ΔBIC = 882.854
",truncated,3.9199479818344116,True,,truncated,3.9199479818344116,1.9703397966367253,1039.5619559884071,,0.02249001419215446,6478.4511152930645,6483.3180485775265,-3238.2255576465323,960,True,,shifted_exp,3.9199479818344116,0.058837759658234956,,,0.2938634343253743,7361.305201515664,7366.172134800126,-3679.652600757832,960,-882.8540862225991
/home/hpc/Desktop/resonant_swarm_runs/position_records/N200/kappa_1p5/okappa_2/pos_rep13_seed20000013.npz,200,1.5,2.0,13,20000013,com,-1,com,0.7369412779808046,0.5461210608482361,0.438027948141098,3492,3492,True,,"Model comparison
----------------
truncated: xmin=3.06389, alpha=1.90856, xc=898.736, p=nan, KS=0.0314314, loglik=-3767.64, AIC=7537.28, BIC=7542.34
powerlaw: xmin=3.06389, alpha=1.93642, xc=nan, p=nan, KS=0.0371908, loglik=-3773.78, AIC=7549.57, BIC=7554.63
shifted_exp: xmin=3.06389, alpha=0.0694502, xc=nan, p=nan, KS=0.275832, loglik=-4253.89, AIC=8509.78, BIC=8514.83

ΔAIC / ΔBIC
truncated: ΔAIC = 0 ΔBIC = 0
powerlaw: ΔAIC = 12.287 ΔBIC = 12.287
shifted_exp: ΔAIC = 972.494 ΔBIC = 972.494
",truncated,3.0638880133628845,True,,truncated,3.0638880133628845,1.9085618265911362,898.7361443638802,,0.03143136925572729,7537.282451629058,7542.338626913159,-3767.641225814529,1160,True,,shifted_exp,3.0638880133628845,0.06945021049630287,,,0.27583155398284986,8509.776815006444,8514.832990290544,-4253.888407503222,1160,-972.4943633773855
/home/hpc/Desktop/resonant_swarm_runs/position_records/N200/kappa_1p5/okappa_2/pos_rep14_seed20000014.npz,200,1.5,2.0,14,20000014,com,-1,com,0.7290682077407837,0.538932204246521,0.41929349303245544,3669,3669,True,,"Model comparison
----------------
truncated: xmin=3.03578, alpha=1.94753, xc=1294.37, p=nan, KS=0.0268268, loglik=-3814.06, AIC=7630.13, BIC=7635.22
powerlaw: xmin=3.03578, alpha=1.96544, xc=nan, p=nan, KS=0.0314916, loglik=-3817.73, AIC=7637.46, BIC=7642.55
shifted_exp: xmin=3.03578, alpha=0.07554, xc=nan, p=nan, KS=0.274695, loglik=-4299.71, AIC=8601.42, BIC=8606.51

ΔAIC / ΔBIC
truncated: ΔAIC = 0 ΔBIC = 0
powerlaw: ΔAIC = 7.32849 ΔBIC = 7.32849
shifted_exp: ΔAIC = 971.295 ΔBIC = 971.295
",truncated,3.0357803106307983,True,,truncated,3.0357803106307983,1.947530266340156,1294.3661457896233,,0.02682677886843443,7630.127513904876,7635.217590740652,-3814.063756952438,1200,True,,shifted_exp,3.0357803106307983,0.07554002781601665,,,0.27469491424708226,8601.422224325408,8606.512301161185,-4299.711112162704,1200,-971.2947104205323
/home/hpc/Desktop/resonant_swarm_runs/position_records/N200/kappa_1p5/okappa_2/pos_rep15_seed20000015.npz,200,1.5,2.0,15,20000015,com,-1,com,0.7144729852676395,0.5314779877662659,0.42582520842552185,3736,3736,True,,"Model comparison
----------------
truncated: xmin=2.99086, alpha=1.94514, xc=863.745, p=nan, KS=0.0235268, loglik=-3729.97, AIC=7461.93, BIC=7467.01
powerlaw: xmin=2.99086, alpha=1.96979, xc=nan, p=nan, KS=0.0301859, loglik=-3735.18, AIC=7472.36, BIC=7477.44
shifted_exp: xmin=2.99086, alpha=0.0747251, xc=nan, p=nan, KS=0.283287, loglik=-4251.63, AIC=8505.26, BIC=8510.34

ΔAIC / ΔBIC
truncated: ΔAIC = 0 ΔBIC = 0
powerlaw: ΔAIC = 10.4281 ΔBIC = 10.4281
shifted_exp: ΔAIC = 1043.33 ΔBIC = 1043.33
",truncated,2.990857481956482,True,,truncated,2.990857481956482,1.9451391917687293,863.7448806166649,,0.023526806475437256,7461.933946111456,7467.009754975435,-3729.966973055728,1183,True,,shifted_exp,2.990857481956482,0.07472512265883031,,,0.2832868238261609,8505.25950682717,8510.335315691147,-4251.629753413585,1183,-1043.3255607157134
/home/hpc/Desktop/resonant_swarm_runs/position_records/N200/kappa_1p5/okappa_2/pos_rep16_seed20000016.npz,200,1.5,2.0,16,20000016,com,-1,com,0.7137117505073548,0.5212809443473816,0.39359229803085327,3658,3658,True,,"Model comparison
----------------
truncated: xmin=3.0405, alpha=1.89211, xc=538.981, p=nan, KS=0.0325751, loglik=-3702.91, AIC=7407.83, BIC=7412.87
powerlaw: xmin=3.0405, alpha=1.93513, xc=nan, p=nan, KS=0.0439331, loglik=-3712.99, AIC=7427.99, BIC=7433.03
shifted_exp: xmin=3.0405, alpha=0.0748937, xc=nan, p=nan, KS=0.258356, loglik=-4105.3, AIC=8212.59, BIC=8217.63

ΔAIC / ΔBIC
truncated: ΔAIC = 0 ΔBIC = 0
powerlaw: ΔAIC = 20.1612 ΔBIC = 20.1612
shifted_exp: ΔAIC = 804.765 ΔBIC = 804.765
",truncated,3.040501832962036,True,,truncated,3.040501832962036,1.892105337458761,538.9814860224724,,0.032575124022942936,7407.826338456327,7412.867750120122,-3702.9131692281635,1143,True,,shifted_exp,3.040501832962036,0.07489374064427794,,,0.25835557767706874,8212.59182188244,8217.633233546236,-4105.29591094122,1143,-804.7654834261139
/home/hpc/Desktop/resonant_swarm_runs/position_records/N200/kappa_1p5/okappa_2/pos_rep17_seed20000017.npz,200,1.5,2.0,17,20000017,com,-1,com,0.743031108379364,0.5524246692657471,0.45408642292022705,3406,3406,True,,"Model comparison
----------------
truncated: xmin=3.06337, alpha=1.92343, xc=1603.72, p=nan, KS=0.0251027, loglik=-3705.32, AIC=7412.63, BIC=7417.67
powerlaw: xmin=3.06337, alpha=1.94025, xc=nan, p=nan, KS=0.0296179, loglik=-3708.66, AIC=7419.32, BIC=7424.37
shifted_exp: xmin=3.06337, alpha=0.0652598, xc=nan, p=nan, KS=0.317582, loglik=-4262.68, AIC=8527.36, BIC=8532.4

ΔAIC / ΔBIC
truncated: ΔAIC = 0 ΔBIC = 0
powerlaw: ΔAIC = 6.6931 ΔBIC = 6.6931
shifted_exp: ΔAIC = 1114.73 ΔBIC = 1114.73
",truncated,3.0633697509765625,True,,truncated,3.0633697509765625,1.9234277539067626,1603.7227969765663,,0.025102725528139747,7412.630582866873,7417.671994530668,-3705.3152914334364,1143,True,,shifted_exp,3.0633697509765625,0.0652597986914675,,,0.31758213585192463,8527.360559820048,8532.401971483843,-4262.680279910024,1143,-1114.7299769531755
/home/hpc/Desktop/resonant_swarm_runs/position_records/N200/kappa_1p5/okappa_2/pos_rep18_seed20000018.npz,200,1.5,2.0,18,20000018,com,-1,com,0.7377505540847782,0.5607398152351379,0.4944252669811249,3465,3465,True,,"Model comparison
----------------
truncated: xmin=6.90677, alpha=2.03121, xc=1511.11, p=nan, KS=0.0218455, loglik=-2145.93, AIC=4293.86, BIC=4298.19
powerlaw: xmin=6.90677, alpha=2.05392, xc=nan, p=nan, KS=0.0270989, loglik=-2147.97, AIC=4297.94, BIC=4302.27
shifted_exp: xmin=6.90677, alpha=0.0365917, xc=nan, p=nan, KS=0.294415, loglik=-2416.75, AIC=4835.5, BIC=4839.83

ΔAIC / ΔBIC
truncated: ΔAIC = 0 ΔBIC = 0
powerlaw: ΔAIC = 4.0786 ΔBIC = 4.0786
shifted_exp: ΔAIC = 541.641 ΔBIC = 541.641
",truncated,6.9067665338516235,True,,truncated,6.9067665338516235,2.0312099337735585,1511.1148367524147,,0.021845503250149,4293.861700950973,4298.191421856495,-2145.9308504754863,561,True,,shifted_exp,6.9067665338516235,0.03659165402265346,,,0.2944148324283369,4835.50317854906,4839.832899454583,-2416.75158927453,561,-541.6414775980875
/home/hpc/Desktop/resonant_swarm_runs/position_records/N200/kappa_1p5/okappa_2/pos_rep19_seed20000019.npz,200,1.5,2.0,19,20000019,com,-1,com,0.7106573939323428,0.5133377909660339,0.3577236235141754,3782,3782,True,,"Model comparison
----------------
truncated: xmin=8.47426, alpha=2.08848, xc=381.014, p=nan, KS=0.0285157, loglik=-1917.16, AIC=3836.33, BIC=3840.54
powerlaw: xmin=8.47426, alpha=2.16647, xc=nan, p=nan, KS=0.0414157, loglik=-1924.01, AIC=3850.02, BIC=3854.24
shifted_exp: xmin=8.47426, alpha=0.0508639, xc=nan, p=nan, KS=0.20007, loglik=-1993.28, AIC=3988.56, BIC=3992.78

ΔAIC / ΔBIC
truncated: ΔAIC = 0 ΔBIC = 0
powerlaw: ΔAIC = 13.6974 ΔBIC = 13.6974
shifted_exp: ΔAIC = 152.234 ΔBIC = 152.234
",truncated,8.474261403083801,True,,truncated,8.474261403083801,2.0884835605783407,381.0137640237808,,0.028515678123003263,3836.3255977935264,3840.5422038946112,-1917.1627988967632,501,True,,shifted_exp,8.474261403083801,0.05086388023861974,,,0.200069670741014,3988.5594338163114,3992.7760399173962,-1993.2797169081557,501,-152.233836022785
/home/hpc/Desktop/resonant_swarm_runs/position_records/N300/kappa_1p5/okappa_2/pos_rep00_seed30000000.npz,300,1.5,2.0,0,30000000,com,-1,com,0.6577805161476136,0.47236624360084534,0.33243778347969055,3143,3143,True,,"Model comparison
----------------
truncated: xmin=3.45352, alpha=1.80864, xc=229.818, p=nan, KS=0.0217935, loglik=-3102.5, AIC=6206.99, BIC=6211.81
powerlaw: xmin=3.45352, alpha=1.91668, xc=nan, p=nan, KS=0.0349513, loglik=-3126.82, AIC=6255.64, BIC=6260.46
shifted_exp: xmin=3.45352, alpha=0.068687, xc=nan, p=nan, KS=0.252147, loglik=-3365.55, AIC=6733.1, BIC=6737.92

ΔAIC / ΔBIC
truncated: ΔAIC = 0 ΔBIC = 0
powerlaw: ΔAIC = 48.6529 ΔBIC = 48.6529
shifted_exp: ΔAIC = 526.106 ΔBIC = 526.106
",truncated,3.4535242915153503,True,,truncated,3.4535242915153503,1.8086386753911419,229.81768769025803,,0.02179351921152828,6206.991112128935,6211.810036194211,-3102.4955560644676,915,True,,shifted_exp,3.4535242915153503,0.06868702651273755,,,0.25214739684177967,6733.096740559038,6737.915664624314,-3365.548370279519,915,-526.105628430103
/home/hpc/Desktop/resonant_swarm_runs/position_records/N300/kappa_1p5/okappa_2/pos_rep01_seed30000001.npz,300,1.5,2.0,1,30000001,com,-1,com,0.6638792634010315,0.48382917046546936,0.3672792911529541,3041,3041,True,,"Model comparison
----------------
truncated: xmin=3.01431, alpha=1.80827, xc=671.434, p=nan, KS=0.0306318, loglik=-3254.87, AIC=6511.74, BIC=6516.6
powerlaw: xmin=3.01431, alpha=1.85623, xc=nan, p=nan, KS=0.0410474, loglik=-3265.46, AIC=6532.92, BIC=6537.78
shifted_exp: xmin=3.01431, alpha=0.0637778, xc=nan, p=nan, KS=0.282547, loglik=-3575.99, AIC=7153.98, BIC=7158.84

ΔAIC / ΔBIC
truncated: ΔAIC = 0 ΔBIC = 0
powerlaw: ΔAIC = 21.172 ΔBIC = 21.172
shifted_exp: ΔAIC = 642.234 ΔBIC = 642.234
",truncated,3.0143107771873474,True,,truncated,3.0143107771873474,1.8082657133328859,671.4337503314018,,0.03063182704430728,6511.744585498871,6516.604200402525,-3254.8722927494355,953,True,,shifted_exp,3.0143107771873474,0.06377782518672837,,,0.2825468186218939,7153.978559940906,7158.83817484456,-3575.989279970453,953,-642.2339744420351
/home/hpc/Desktop/resonant_swarm_runs/position_records/N300/kappa_1p5/okappa_2/pos_rep02_seed30000002.npz,300,1.5,2.0,2,30000002,com,-1,com,0.6605828881263733,0.481298565864563,0.3632493317127228,3103,3103,True,,"Model comparison
----------------
truncated: xmin=2.68552, alpha=1.83254, xc=496.759, p=nan, KS=0.0253233, loglik=-3511.76, AIC=7025.52, BIC=7030.51
powerlaw: xmin=2.68552, alpha=1.88291, xc=nan, p=nan, KS=0.0321984, loglik=-3524.08, AIC=7050.17, BIC=7055.16
shifted_exp: xmin=2.68552, alpha=0.0718713, xc=nan, p=nan, KS=0.298029, loglik=-3945.31, AIC=7892.61, BIC=7897.6

ΔAIC / ΔBIC
truncated: ΔAIC = 0 ΔBIC = 0
powerlaw: ΔAIC = 24.6528 ΔBIC = 24.6528
shifted_exp: ΔAIC = 867.094 ΔBIC = 867.094
",truncated,2.6855196356773376,True,,truncated,2.6855196356773376,1.8325398793966405,496.75873160362244,,0.02532331990284628,7025.516474169392,7030.506730669886,-3511.758237084696,1086,True,,shifted_exp,2.6855196356773376,0.07187133389872301,,,0.2980293766983302,7892.610555084153,7897.600811584647,-3945.3052775420765,1086,-867.0940809147614
/home/hpc/Desktop/resonant_swarm_runs/position_records/N300/kappa_1p5/okappa_2/pos_rep03_seed30000003.npz,300,1.5,2.0,3,30000003,com,-1,com,0.664149296283722,0.48402851819992065,0.3577915132045746,3235,3235,True,,"Model comparison
----------------
truncated: xmin=2.95415, alpha=1.86447, xc=793.501, p=nan, KS=0.0318342, loglik=-3416.01, AIC=6834.01, BIC=6838.96
powerlaw: xmin=2.95415, alpha=1.8993, xc=nan, p=nan, KS=0.0415147, loglik=-3423.48, AIC=6848.96, BIC=6853.91
shifted_exp: xmin=2.95415, alpha=0.072246, xc=nan, p=nan, KS=0.256205, loglik=-3761.9, AIC=7525.8, BIC=7530.75

ΔAIC / ΔBIC
truncated: ΔAIC = 0 ΔBIC = 0
powerlaw: ΔAIC = 14.9474 ΔBIC = 14.9474
shifted_exp: ΔAIC = 691.789 ΔBIC = 691.789
",truncated,2.9541510939598083,True,,truncated,2.9541510939598083,1.8644736522943153,793.5014590024948,,0.03183420290974848,6834.01451446133,6838.958601669559,-3416.007257230665,1037,True,,shifted_exp,2.9541510939598083,0.07224604117110807,,,0.2562053415968456,7525.803647216373,7530.747734424603,-3761.9018236081865,1037,-691.7891327550433
/home/hpc/Desktop/resonant_swarm_runs/position_records/N300/kappa_1p5/okappa_2/pos_rep04_seed30000004.npz,300,1.5,2.0,4,30000004,com,-1,com,0.6771332740783692,0.5031574368476868,0.42239895462989807,2939,2939,True,,"Model comparison
----------------
truncated: xmin=3.63697, alpha=1.84324, xc=1028.42, p=nan, KS=0.027915, loglik=-2888.93, AIC=5779.85, BIC=5784.55
powerlaw: xmin=3.63697, alpha=1.87941, xc=nan, p=nan, KS=0.0376674, loglik=-2895.22, AIC=5792.44, BIC=5797.15
shifted_exp: xmin=3.63697, alpha=0.0503414, xc=nan, p=nan, KS=0.296965, loglik=-3246.99, AIC=6495.98, BIC=6500.68

ΔAIC / ΔBIC
truncated: ΔAIC = 0 ΔBIC = 0
powerlaw: ΔAIC = 12.5921 ΔBIC = 12.5921
shifted_exp: ΔAIC = 716.124 ΔBIC = 716.124
",truncated,3.636970639228821,True,,truncated,3.636970639228821,1.8432368443940943,1028.421490430832,,0.02791496809426819,5779.851145805135,5784.553106171138,-2888.9255729025676,814,True,,shifted_exp,3.636970639228821,0.050341364588948743,,,0.2969646973058395,6495.975080611899,6500.677040977902,-3246.9875403059496,814,-716.1239348067638
/home/hpc/Desktop/resonant_swarm_runs/position_records/N300/kappa_1p5/okappa_2/pos_rep05_seed30000005.npz,300,1.5,2.0,5,30000005,com,-1,com,0.6705544829368592,0.4867405593395233,0.36717653274536133,3028,3028,True,,"Model comparison
----------------
truncated: xmin=3.03689, alpha=1.75999, xc=317.885, p=nan, KS=0.021972, loglik=-3243.98, AIC=6489.96, BIC=6494.81
powerlaw: xmin=3.03689, alpha=1.8503, xc=nan, p=nan, KS=0.0382992, loglik=-3266.26, AIC=6534.52, BIC=6539.38
shifted_exp: xmin=3.03689, alpha=0.0622083, xc=nan, p=nan, KS=0.27836, loglik=-3577.07, AIC=7156.14, BIC=7161

ΔAIC / ΔBIC
truncated: ΔAIC = 0 ΔBIC = 0
powerlaw: ΔAIC = 44.5662 ΔBIC = 44.5662
shifted_exp: ΔAIC = 666.185 ΔBIC = 666.185
",truncated,3.036885142326355,True,,truncated,3.036885142326355,1.7599934155753578,317.88532733917236,,0.021971983815489815,6489.957945129544,6494.81124422273,-3243.978972564772,947,True,,shifted_exp,3.036885142326355,0.06220832893231055,,,0.27835988620923824,7156.142528525854,7160.99582761904,-3577.071264262927,947,-666.1845833963098
/home/hpc/Desktop/resonant_swarm_runs/position_records/N300/kappa_1p5/okappa_2/pos_rep06_seed30000006.npz,300,1.5,2.0,6,30000006,com,-1,com,0.6583358526229863,0.48929062485694885,0.4027998745441437,3109,3109,True,,"Model comparison
----------------
truncated: xmin=2.73597, alpha=1.86803, xc=1002.88, p=nan, KS=0.0260339, loglik=-3437.94, AIC=6877.89, BIC=6882.86
powerlaw: xmin=2.73597, alpha=1.89548, xc=nan, p=nan, KS=0.0308873, loglik=-3443.79, AIC=6889.57, BIC=6894.54
shifted_exp: xmin=2.73597, alpha=0.0670633, xc=nan, p=nan, KS=0.322755, loglik=-3942.76, AIC=7887.51, BIC=7892.48

ΔAIC / ΔBIC
truncated: ΔAIC = 0 ΔBIC = 0
powerlaw: ΔAIC = 11.6819 ΔBIC = 11.6819
shifted_exp: ΔAIC = 1009.62 ΔBIC = 1009.62
",truncated,2.7359707355499268,True,,truncated,2.7359707355499268,1.868026451894378,1002.8787211179733,,0.02603388731850742,6877.889108875566,6882.85983895371,-3437.944554437783,1065,True,,shifted_exp,2.7359707355499268,0.06706327120043415,,,0.3227547507611659,7887.512956521874,7892.483686600018,-3942.756478260937,1065,-1009.6238476463077
/home/hpc/Desktop/resonant_swarm_runs/position_records/N300/kappa_1p5/okappa_2/pos_rep07_seed30000007.npz,300,1.5,2.0,7,30000007,com,-1,com,0.6517825365066531,0.4681374430656433,0.32552918791770935,3322,3322,True,,"Model comparison
----------------
truncated: xmin=3.01254, alpha=1.85051, xc=265.765, p=nan, KS=0.0214372, loglik=-3408, AIC=6818.01, BIC=6822.97
powerlaw: xmin=3.01254, alpha=1.93083, xc=nan, p=nan, KS=0.0372205, loglik=-3427.46, AIC=6856.92, BIC=6861.88
shifted_exp: xmin=3.01254, alpha=0.0812294, xc=nan, p=nan, KS=0.248097, loglik=-3703.55, AIC=7409.11, BIC=7414.07

ΔAIC / ΔBIC
truncated: ΔAIC = 0 ΔBIC = 0
powerlaw: ΔAIC = 38.9132 ΔBIC = 38.9132
shifted_exp: ΔAIC = 591.101 ΔBIC = 591.101
",truncated,3.0125357508659363,True,,truncated,3.0125357508659363,1.8505088991890848,265.7654773592949,,0.021437167923075214,6818.0068728809965,6822.968168926906,-3408.0034364404983,1055,True,,shifted_exp,3.0125357508659363,0.08122941761673018,,,0.24809704786298514,7409.1081822731885,7414.069478319098,-3703.5540911365943,1055,-591.101309392192
/home/hpc/Desktop/resonant_swarm_runs/position_records/N300/kappa_1p5/okappa_2/pos_rep08_seed30000008.npz,300,1.5,2.0,8,30000008,com,-1,com,0.6506926059722901,0.46897605061531067,0.33533117175102234,3146,3146,True,,"Model comparison
----------------
truncated: xmin=3.04634, alpha=1.77741, xc=315.908, p=nan, KS=0.0276851, loglik=-3157.17, AIC=6316.35, BIC=6321.18
powerlaw: xmin=3.04634, alpha=1.86427, xc=nan, p=nan, KS=0.0478641, loglik=-3177.69, AIC=6357.37, BIC=6362.21
shifted_exp: xmin=3.04634, alpha=0.0672379, xc=nan, p=nan, KS=0.261952, loglik=-3440.55, AIC=6883.1, BIC=6887.94

ΔAIC / ΔBIC
truncated: ΔAIC = 0 ΔBIC = 0
powerlaw: ΔAIC = 41.0211 ΔBIC = 41.0211
shifted_exp: ΔAIC = 566.754 ΔBIC = 566.754
",truncated,3.0463369488716125,True,,truncated,3.0463369488716125,1.7774104767474324,315.9075166583061,,0.027685108788588764,6316.3496136948515,6321.184798280999,-3157.1748068474258,930,True,,shifted_exp,3.0463369488716125,0.06723789254554488,,,0.2619519699038111,6883.104062563491,6887.9392471496385,-3440.5520312817457,930,-566.7544488686399
/home/hpc/Desktop/resonant_swarm_runs/position_records/N300/kappa_1p5/okappa_2/pos_rep09_seed30000009.npz,300,1.5,2.0,9,30000009,com,-1,com,0.670079386234284,0.4841655492782593,0.35326457023620605,3019,3019,True,,"Model comparison
----------------
truncated: xmin=2.73181, alpha=1.82347, xc=822.623, p=nan, KS=0.032765, loglik=-3543.84, AIC=7089.68, BIC=7094.66
powerlaw: xmin=2.73181, alpha=1.86059, xc=nan, p=nan, KS=0.0411168, loglik=-3552.6, AIC=7107.2, BIC=7112.18
shifted_exp: xmin=2.73181, alpha=0.0714539, xc=nan, p=nan, KS=0.276949, loglik=-3897.05, AIC=7796.1, BIC=7801.08

ΔAIC / ΔBIC
truncated: ΔAIC = 0 ΔBIC = 0
powerlaw: ΔAIC = 17.5194 ΔBIC = 17.5194
shifted_exp: ΔAIC = 706.422 ΔBIC = 706.422
",truncated,2.7318100929260254,True,,truncated,2.7318100929260254,1.8234661125701443,822.6226143240929,,0.03276495561600279,7089.679384238635,7094.655732309083,-3543.8396921193175,1071,True,,shifted_exp,2.7318100929260254,0.07145391296738325,,,0.27694851691660904,7796.100992744828,7801.077340815275,-3897.050496372414,1071,-706.4216085061926
/home/hpc/Desktop/resonant_swarm_runs/position_records/N300/kappa_1p5/okappa_2/pos_rep10_seed30000010.npz,300,1.5,2.0,10,30000010,com,-1,com,0.6569824695587159,0.48098060488700867,0.3584655225276947,3108,3108,True,,"Model comparison
----------------
truncated: xmin=2.98319, alpha=1.85101, xc=533.476, p=nan, KS=0.0248609, loglik=-3236.84, AIC=6475.69, BIC=6480.58
powerlaw: xmin=2.98319, alpha=1.89969, xc=nan, p=nan, KS=0.0367744, loglik=-3247.31, AIC=6496.62, BIC=6501.5
shifted_exp: xmin=2.98319, alpha=0.0670535, xc=nan, p=nan, KS=0.303924, loglik=-3631.92, AIC=7265.84, BIC=7270.73

ΔAIC / ΔBIC
truncated: ΔAIC = 0 ΔBIC = 0
powerlaw: ΔAIC = 20.926 ΔBIC = 20.926
shifted_exp: ΔAIC = 790.154 ΔBIC = 790.154
",truncated,2.9831939935684204,True,,truncated,2.9831939935684204,1.8510068177369317,533.4757957458496,,0.024860855196830733,6475.689887237691,6480.578459697257,-3236.8449436188457,981,True,,shifted_exp,2.9831939935684204,0.06705347195770463,,,0.3039236972208166,7265.843712166642,7270.732284626208,-3631.921856083321,981,-790.1538249289506
/home/hpc/Desktop/resonant_swarm_runs/position_records/N300/kappa_1p5/okappa_2/pos_rep11_seed30000011.npz,300,1.5,2.0,11,30000011,com,-1,com,0.6817151546478272,0.5027337670326233,0.41245704889297485,2892,2892,True,,"Model comparison
----------------
truncated: xmin=2.7759, alpha=1.79803, xc=725.725, p=nan, KS=0.0313706, loglik=-3314.71, AIC=6631.42, BIC=6636.31
powerlaw: xmin=2.7759, alpha=1.84262, xc=nan, p=nan, KS=0.0396613, loglik=-3324.93, AIC=6651.87, BIC=6656.76
shifted_exp: xmin=2.7759, alpha=0.0581173, xc=nan, p=nan, KS=0.327816, loglik=-3783.77, AIC=7569.53, BIC=7574.43

ΔAIC / ΔBIC
truncated: ΔAIC = 0 ΔBIC = 0
powerlaw: ΔAIC = 20.4493 ΔBIC = 20.4493
shifted_exp: ΔAIC = 938.116 ΔBIC = 938.116
",truncated,2.7759029269218445,True,,truncated,2.7759029269218445,1.7980288782305542,725.7252576351166,,0.03137057181653935,6631.417299279402,6636.308925176454,-3314.708649639701,984,True,,shifted_exp,2.7759029269218445,0.05811732068881778,,,0.3278158689969791,7569.533752657476,7574.425378554528,-3783.766876328738,984,-938.1164533780739
/home/hpc/Desktop/resonant_swarm_runs/position_records/N300/kappa_1p5/okappa_2/pos_rep12_seed30000012.npz,300,1.5,2.0,12,30000012,com,-1,com,0.6573040366172791,0.47728317975997925,0.3630976974964142,3076,3076,True,,"Model comparison
----------------
truncated: xmin=2.99678, alpha=1.81666, xc=553.544, p=nan, KS=0.024016, loglik=-3307.34, AIC=6616.67, BIC=6621.56
powerlaw: xmin=2.99678, alpha=1.86965, xc=nan, p=nan, KS=0.0351304, loglik=-3319.35, AIC=6640.7, BIC=6645.59
shifted_exp: xmin=2.99678, alpha=0.0664444, xc=nan, p=nan, KS=0.271541, loglik=-3637.16, AIC=7276.32, BIC=7281.21

ΔAIC / ΔBIC
truncated: ΔAIC = 0 ΔBIC = 0
powerlaw: ΔAIC = 24.0278 ΔBIC = 24.0278
shifted_exp: ΔAIC = 659.653 ΔBIC = 659.653
",truncated,2.996782064437866,True,,truncated,2.996782064437866,1.8166649095459206,553.5437089800835,,0.024015951383559067,6616.670200784578,6621.557753356243,-3307.335100392289,980,True,,shifted_exp,2.996782064437866,0.0664444214208665,,,0.27154134780168804,7276.323319797906,7281.210872369571,-3637.161659898953,980,-659.6531190133283
/home/hpc/Desktop/resonant_swarm_runs/position_records/N300/kappa_1p5/okappa_2/pos_rep13_seed30000013.npz,300,1.5,2.0,13,30000013,com,-1,com,0.653597438335419,0.47715339064598083,0.36070650815963745,3235,3235,True,,"Model comparison
----------------
truncated: xmin=4.33757, alpha=1.9131, xc=603.735, p=nan, KS=0.0235657, loglik=-2642.11, AIC=5286.22, BIC=5290.84
powerlaw: xmin=4.33757, alpha=1.96144, xc=nan, p=nan, KS=0.034642, loglik=-2649.42, AIC=5300.84, BIC=5305.46
shifted_exp: xmin=4.33757, alpha=0.0567599, xc=nan, p=nan, KS=0.270633, loglik=-2890.09, AIC=5782.17, BIC=5786.79

ΔAIC / ΔBIC
truncated: ΔAIC = 0 ΔBIC = 0
powerlaw: ΔAIC = 14.6204 ΔBIC = 14.6204
shifted_exp: ΔAIC = 495.95 ΔBIC = 495.95
",truncated,4.337566435337067,True,,truncated,4.337566435337067,1.9130978332453854,603.7346704602242,,0.023565687006615432,5286.223240620808,5290.839305805941,-2642.111620310404,747,True,,shifted_exp,4.337566435337067,0.05675994610708499,,,0.2706331738503942,5782.173018010418,5786.789083195551,-2890.086509005209,747,-495.94977738961006
/home/hpc/Desktop/resonant_swarm_runs/position_records/N300/kappa_1p5/okappa_2/pos_rep14_seed30000014.npz,300,1.5,2.0,14,30000014,com,-1,com,0.6610353708267213,0.4767216145992279,0.34875422716140747,3135,3135,True,,"Model comparison
----------------
truncated: xmin=2.71196, alpha=1.83414, xc=405.973, p=nan, KS=0.0317286, loglik=-3612.14, AIC=7226.28, BIC=7231.31
powerlaw: xmin=2.71196, alpha=1.89218, xc=nan, p=nan, KS=0.0442915, loglik=-3626.99, AIC=7255.99, BIC=7261.01
shifted_exp: xmin=2.71196, alpha=0.0774375, xc=nan, p=nan, KS=0.271401, loglik=-3992.4, AIC=7986.79, BIC=7991.81

ΔAIC / ΔBIC
truncated: ΔAIC = 0 ΔBIC = 0
powerlaw: ΔAIC = 29.7046 ΔBIC = 29.7046
shifted_exp: ΔAIC = 760.506 ΔBIC = 760.506
",truncated,2.7119574546813965,True,,truncated,2.7119574546813965,1.834143428113129,405.9725284576416,,0.031728567355605225,7226.284327405356,7231.3071954914385,-3612.142163702678,1122,True,,shifted_exp,2.7119574546813965,0.07743746400774101,,,0.2714014648586289,7986.790607357607,7991.81347544369,-3992.3953036788034,1122,-760.5062799522511
/home/hpc/Desktop/resonant_swarm_runs/position_records/N300/kappa_1p5/okappa_2/pos_rep15_seed30000015.npz,300,1.5,2.0,15,30000015,com,-1,com,0.6731968402862551,0.48316025733947754,0.3438875675201416,2953,2953,True,,"Model comparison
----------------
truncated: xmin=3.04885, alpha=1.7764, xc=393.058, p=nan, KS=0.0245506, loglik=-3299.15, AIC=6600.29, BIC=6605.16
powerlaw: xmin=3.04885, alpha=1.85204, xc=nan, p=nan, KS=0.0424537, loglik=-3317.49, AIC=6636.98, BIC=6641.85
shifted_exp: xmin=3.04885, alpha=0.0656639, xc=nan, p=nan, KS=0.25048, loglik=-3581.72, AIC=7165.45, BIC=7170.32

ΔAIC / ΔBIC
truncated: ΔAIC = 0 ΔBIC = 0
powerlaw: ΔAIC = 36.687 ΔBIC = 36.687
shifted_exp: ΔAIC = 565.157 ΔBIC = 565.157
",truncated,3.048854410648346,True,,truncated,3.048854410648346,1.776402052734962,393.05785351991653,,0.024550584862243152,6600.292419136033,6605.161433586698,-3299.1462095680163,962,True,,shifted_exp,3.048854410648346,0.06566387746414862,,,0.25048015866929507,7165.4489500207565,7170.317964471422,-3581.7244750103782,962,-565.1565308847239
/home/hpc/Desktop/resonant_swarm_runs/position_records/N300/kappa_1p5/okappa_2/pos_rep16_seed30000016.npz,300,1.5,2.0,16,30000016,com,-1,com,0.6689602613449097,0.4779101014137268,0.3318299949169159,3129,3129,True,,"Model comparison
----------------
truncated: xmin=3.47595, alpha=1.8271, xc=352.547, p=nan, KS=0.0249284, loglik=-3124.48, AIC=6250.95, BIC=6255.77
powerlaw: xmin=3.47595, alpha=1.90453, xc=nan, p=nan, KS=0.0398996, loglik=-3141.1, AIC=6284.21, BIC=6289.02
shifted_exp: xmin=3.47595, alpha=0.0668145, xc=nan, p=nan, KS=0.254142, loglik=-3372.31, AIC=6746.62, BIC=6751.43

ΔAIC / ΔBIC
truncated: ΔAIC = 0 ΔBIC = 0
powerlaw: ΔAIC = 33.2522 ΔBIC = 33.2522
shifted_exp: ΔAIC = 495.665 ΔBIC = 495.665
",truncated,3.4759481549263,True,,truncated,3.4759481549263,1.8270977572377598,352.5474976301193,,0.024928397283700027,6250.954814023414,6255.768258622925,-3124.477407011707,910,True,,shifted_exp,3.4759481549263,0.0668145048035226,,,0.2541422957152496,6746.619853304511,6751.433297904022,-3372.3099266522554,910,-495.66503928109705
/home/hpc/Desktop/resonant_swarm_runs/position_records/N300/kappa_1p5/okappa_2/pos_rep17_seed30000017.npz,300,1.5,2.0,17,30000017,com,-1,com,0.6515146851539613,0.4635471999645233,0.31629130244255066,3239,3239,True,,"Model comparison
----------------
truncated: xmin=3.32837, alpha=1.81674, xc=248.671, p=nan, KS=0.0217748, loglik=-3145.97, AIC=6293.93, BIC=6298.78
powerlaw: xmin=3.32837, alpha=1.91472, xc=nan, p=nan, KS=0.039865, loglik=-3168.21, AIC=6338.43, BIC=6343.27
shifted_exp: xmin=3.32837, alpha=0.0730936, xc=nan, p=nan, KS=0.238847, loglik=-3384.59, AIC=6771.18, BIC=6776.02

ΔAIC / ΔBIC
truncated: ΔAIC = 0 ΔBIC = 0
powerlaw: ΔAIC = 44.4942 ΔBIC = 44.4942
shifted_exp: ΔAIC = 477.246 ΔBIC = 477.246
",truncated,3.3283719420433044,True,,truncated,3.3283719420433044,1.8167402889664668,248.67084300518036,,0.021774756734002643,6293.934543762674,6298.776159239152,-3145.967271881337,936,True,,shifted_exp,3.3283719420433044,0.07309356107023823,,,0.23884689805902182,6771.180079926028,6776.021695402505,-3384.590039963014,936,-477.2455361633538
/home/hpc/Desktop/resonant_swarm_runs/position_records/N300/kappa_1p5/okappa_2/pos_rep18_seed30000018.npz,300,1.5,2.0,18,30000018,com,-1,com,0.6731827735900884,0.4962450861930847,0.39042526483535767,2939,2939,True,,"Model comparison
----------------
truncated: xmin=2.73178, alpha=1.84114, xc=1146.21, p=nan, KS=0.0248109, loglik=-3455.53, AIC=6913.06, BIC=6918.01
powerlaw: xmin=2.73178, alpha=1.86876, xc=nan, p=nan, KS=0.0294883, loglik=-3461.54, AIC=6925.08, BIC=6930.03
shifted_exp: xmin=2.73178, alpha=0.0645241, xc=nan, p=nan, KS=0.308791, loglik=-3927.75, AIC=7857.51, BIC=7862.46

ΔAIC / ΔBIC
truncated: ΔAIC = 0 ΔBIC = 0
powerlaw: ΔAIC = 12.0199 ΔBIC = 12.0199
shifted_exp: ΔAIC = 944.449 ΔBIC = 944.449
",truncated,2.7317817211151123,True,,truncated,2.7317817211151123,1.8411362305295411,1146.2056922912598,,0.024810857071863257,6913.056975832675,6918.013521275826,-3455.5284879163373,1050,True,,shifted_exp,2.7317817211151123,0.06452407244174532,,,0.30879087062511457,7857.505508180003,7862.462053623154,-3927.7527540900014,1050,-944.4485323473282
/home/hpc/Desktop/resonant_swarm_runs/position_records/N300/kappa_1p5/okappa_2/pos_rep19_seed30000019.npz,300,1.5,2.0,19,30000019,com,-1,com,0.6711435914039613,0.48985230922698975,0.3743281066417694,2970,2970,True,,"Model comparison
----------------
truncated: xmin=3.66676, alpha=1.84558, xc=440.228, p=nan, KS=0.0286587, loglik=-3061.61, AIC=6125.22, BIC=6130
powerlaw: xmin=3.66676, alpha=1.91108, xc=nan, p=nan, KS=0.0451747, loglik=-3074.72, AIC=6151.44, BIC=6156.23
shifted_exp: xmin=3.66676, alpha=0.0606535, xc=nan, p=nan, KS=0.280526, loglik=-3350.07, AIC=6702.14, BIC=6706.92

ΔAIC / ΔBIC
truncated: ΔAIC = 0 ΔBIC = 0
powerlaw: ΔAIC = 26.228 ΔBIC = 26.228
shifted_exp: ΔAIC = 576.926 ΔBIC = 576.926
",truncated,3.6667556166648865,True,,truncated,3.6667556166648865,1.8455821721979948,440.22750866413116,,0.02865873202614827,6125.216875247046,6129.997932872982,-3061.608437623523,881,True,,shifted_exp,3.6667556166648865,0.06065348683501656,,,0.28052564963178483,6702.142707608598,6706.923765234535,-3350.071353804299,881,-576.9258323615522
/home/hpc/Desktop/resonant_swarm_runs/position_records/N400/kappa_1p5/okappa_2/pos_rep00_seed40000000.npz,400,1.5,2.0,0,40000000,com,-1,com,0.6023588061332703,0.43670445680618286,0.3019014298915863,3188,3188,True,,"Model comparison
----------------
truncated: xmin=3.0929, alpha=1.84352, xc=327.707, p=nan, KS=0.0255029, loglik=-2848.75, AIC=5699.51, BIC=5704.27
powerlaw: xmin=3.0929, alpha=1.91542, xc=nan, p=nan, KS=0.0268515, loglik=-2863.04, AIC=5728.08, BIC=5732.84
shifted_exp: xmin=3.0929, alpha=0.0695017, xc=nan, p=nan, KS=0.298388, loglik=-3171.44, AIC=6344.88, BIC=6349.64

ΔAIC / ΔBIC
truncated: ΔAIC = 0 ΔBIC = 0
powerlaw: ΔAIC = 28.5726 ΔBIC = 28.5726
shifted_exp: ΔAIC = 645.372 ΔBIC = 645.372
",truncated,3.092902362346649,True,,truncated,3.092902362346649,1.8435196612145432,327.70738357305527,,0.025502863507740337,5699.507828873177,5704.270558380108,-2848.7539144365883,865,True,,shifted_exp,3.092902362346649,0.0695016727717151,,,0.29838825373544764,6344.879712414848,6349.642441921779,-3171.439856207424,865,-645.3718835416712
/home/hpc/Desktop/resonant_swarm_runs/position_records/N400/kappa_1p5/okappa_2/pos_rep01_seed40000001.npz,400,1.5,2.0,1,40000001,com,-1,com,0.6025035142898562,0.44240787625312805,0.3415769040584564,3052,3052,True,,"Model comparison
----------------
truncated: xmin=2.68055, alpha=1.82113, xc=841.294, p=nan, KS=0.0291846, loglik=-3020.85, AIC=6043.7, BIC=6048.52
powerlaw: xmin=2.68055, alpha=1.85752, xc=nan, p=nan, KS=0.0343547, loglik=-3028.2, AIC=6058.4, BIC=6063.22
shifted_exp: xmin=2.68055, alpha=0.0652757, xc=nan, p=nan, KS=0.322754, loglik=-3415.89, AIC=6833.78, BIC=6838.6

ΔAIC / ΔBIC
truncated: ΔAIC = 0 ΔBIC = 0
powerlaw: ΔAIC = 14.6983 ΔBIC = 14.6983
shifted_exp: ΔAIC = 790.077 ΔBIC = 790.077
",truncated,2.6805484294891357,True,,truncated,2.6805484294891357,1.8211253821005249,841.2940503358841,,0.0291846353784814,6043.698251680205,6048.51826804488,-3020.8491258401027,916,True,,shifted_exp,2.6805484294891357,0.06527573011034585,,,0.322753691006026,6833.775282103992,6838.595298468666,-3415.887641051996,916,-790.0770304237867
/home/hpc/Desktop/resonant_swarm_runs/position_records/N400/kappa_1p5/okappa_2/pos_rep02_seed40000002.npz,400,1.5,2.0,2,40000002,com,-1,com,0.6262433290481568,0.4563790261745453,0.339202344417572,2741,2741,True,,"Model comparison
----------------
truncated: xmin=3.23973, alpha=1.69287, xc=299.579, p=nan, KS=0.0182158, loglik=-2806.38, AIC=5614.77, BIC=5619.43
powerlaw: xmin=3.23973, alpha=1.80793, xc=nan, p=nan, KS=0.0495458, loglik=-2832.3, AIC=5666.6, BIC=5671.26
shifted_exp: xmin=3.23973, alpha=0.0540614, xc=nan, p=nan, KS=0.265834, loglik=-3059.67, AIC=6121.35, BIC=6126.01

ΔAIC / ΔBIC
truncated: ΔAIC = 0 ΔBIC = 0
powerlaw: ΔAIC = 51.8343 ΔBIC = 51.8343
shifted_exp: ΔAIC = 506.579 ΔBIC = 506.579
",truncated,3.23973286151886,True,,truncated,3.23973286151886,1.6928675513920657,299.57894653081894,,0.01821579454362579,5614.767294451924,5619.427869601764,-2806.383647225962,781,True,,shifted_exp,3.23973286151886,0.05406136510185438,,,0.26583351366698627,6121.346630453488,6126.007205603328,-3059.673315226744,781,-506.5793360015641
/home/hpc/Desktop/resonant_swarm_runs/position_records/N400/kappa_1p5/okappa_2/pos_rep03_seed40000003.npz,400,1.5,2.0,3,40000003,com,-1,com,0.604074501991272,0.4434460699558258,0.3361770808696747,3089,3089,True,,"Model comparison
----------------
truncated: xmin=3.19474, alpha=1.88628, xc=405.075, p=nan, KS=0.0158766, loglik=-2897.29, AIC=5796.58, BIC=5801.37
powerlaw: xmin=3.19474, alpha=1.94237, xc=nan, p=nan, KS=0.0273002, loglik=-2907.86, AIC=5817.72, BIC=5822.51
shifted_exp: xmin=3.19474, alpha=0.06811, xc=nan, p=nan, KS=0.28972, loglik=-3266.36, AIC=6534.71, BIC=6539.5

ΔAIC / ΔBIC
truncated: ΔAIC = 0 ΔBIC = 0
powerlaw: ΔAIC = 21.1374 ΔBIC = 21.1374
shifted_exp: ΔAIC = 738.128 ΔBIC = 738.128
",truncated,3.1947449445724487,True,,truncated,3.1947449445724487,1.8862805903827753,405.07509392499924,,0.015876583624665708,5796.582572737988,5801.369289688593,-2897.291286368994,886,True,,shifted_exp,3.1947449445724487,0.06810998900676207,,,0.289720461906567,6534.710832175839,6539.497549126444,-3266.3554160879194,886,-738.1282594378508
/home/hpc/Desktop/resonant_swarm_runs/position_records/N400/kappa_1p5/okappa_2/pos_rep04_seed40000004.npz,400,1.5,2.0,4,40000004,com,-1,com,0.6214683413505555,0.4586489200592041,0.36963334679603577,2870,2870,True,,"Model comparison
----------------
truncated: xmin=3.45641, alpha=1.84204, xc=1133.84, p=nan, KS=0.0277892, loglik=-2723.95, AIC=5449.91, BIC=5454.56
powerlaw: xmin=3.45641, alpha=1.87477, xc=nan, p=nan, KS=0.0347836, loglik=-2729.32, AIC=5460.65, BIC=5465.3
shifted_exp: xmin=3.45641, alpha=0.0545237, xc=nan, p=nan, KS=0.285762, loglik=-3033.48, AIC=6068.95, BIC=6073.61

ΔAIC / ΔBIC
truncated: ΔAIC = 0 ΔBIC = 0
powerlaw: ΔAIC = 10.7443 ΔBIC = 10.7443
shifted_exp: ΔAIC = 619.047 ΔBIC = 619.047
",truncated,3.456406891345978,True,,truncated,3.456406891345978,1.8420444100933326,1133.8351920247078,,0.027789224766935905,5449.905677136421,5454.559829656604,-2723.9528385682106,776,True,,shifted_exp,3.456406891345978,0.05452373759547558,,,0.285761587470031,6068.952874127803,6073.607026647986,-3033.4764370639014,776,-619.0471969913815
/home/hpc/Desktop/resonant_swarm_runs/position_records/N400/kappa_1p5/okappa_2/pos_rep05_seed40000005.npz,400,1.5,2.0,5,40000005,com,-1,com,0.6190780162811279,0.4521726965904236,0.3597947955131531,2634,2634,True,,"Model comparison
----------------
truncated: xmin=2.50461, alpha=1.75796, xc=786.415, p=nan, KS=0.0298056, loglik=-3181.84, AIC=6365.67, BIC=6370.52
powerlaw: xmin=2.50461, alpha=1.80337, xc=nan, p=nan, KS=0.0436346, loglik=-3192.44, AIC=6386.87, BIC=6391.72
shifted_exp: xmin=2.50461, alpha=0.061476, xc=nan, p=nan, KS=0.29421, loglik=-3576.92, AIC=7155.84, BIC=7160.69

ΔAIC / ΔBIC
truncated: ΔAIC = 0 ΔBIC = 0
powerlaw: ΔAIC = 21.2 ΔBIC = 21.2
shifted_exp: ΔAIC = 790.165 ΔBIC = 790.165
",truncated,2.504611849784851,True,,truncated,2.504611849784851,1.7579566735680614,786.4149442315102,,0.02980559906577912,6365.670368404051,6370.520494570197,-3181.8351842020256,944,True,,shifted_exp,2.504611849784851,0.0614760359740949,,,0.29421047555074853,7155.835600153304,7160.68572631945,-3576.917800076652,944,-790.1652317492526
/home/hpc/Desktop/resonant_swarm_runs/position_records/N400/kappa_1p5/okappa_2/pos_rep06_seed40000006.npz,400,1.5,2.0,6,40000006,com,-1,com,0.6254278421401979,0.46481022238731384,0.3867029845714569,2699,2699,True,,"Model comparison
----------------
truncated: xmin=3.19248, alpha=1.76932, xc=579.609, p=nan, KS=0.0215651, loglik=-2805.22, AIC=5612.45, BIC=5617.12
powerlaw: xmin=3.19248, alpha=1.83128, xc=nan, p=nan, KS=0.0371876, loglik=-2817.55, AIC=5637.11, BIC=5641.79
shifted_exp: xmin=3.19248, alpha=0.0510384, xc=nan, p=nan, KS=0.309149, loglik=-3156.29, AIC=6314.58, BIC=6319.26

ΔAIC / ΔBIC
truncated: ΔAIC = 0 ΔBIC = 0
powerlaw: ΔAIC = 24.6628 ΔBIC = 24.6628
shifted_exp: ΔAIC = 702.136 ΔBIC = 702.136
",truncated,3.1924763321876526,True,,truncated,3.1924763321876526,1.769318074825679,579.6094281673431,,0.021565054732033937,5612.446360059872,5617.123443521119,-2805.223180029936,794,True,,shifted_exp,3.1924763321876526,0.05103835152005688,,,0.3091488321762773,6314.582565975485,6319.259649436732,-3156.2912829877423,794,-702.1362059156127
/home/hpc/Desktop/resonant_swarm_runs/position_records/N400/kappa_1p5/okappa_2/pos_rep07_seed40000007.npz,400,1.5,2.0,7,40000007,com,-1,com,0.6028562903404238,0.4332191050052643,0.290835440158844,3077,3077,True,,"Model comparison
----------------
truncated: xmin=3.1864, alpha=1.80817, xc=229.434, p=nan, KS=0.0234927, loglik=-2869.72, AIC=5741.45, BIC=5746.21
powerlaw: xmin=3.1864, alpha=1.9107, xc=nan, p=nan, KS=0.0360087, loglik=-2891.47, AIC=5784.94, BIC=5789.7
shifted_exp: xmin=3.1864, alpha=0.0716998, xc=nan, p=nan, KS=0.262305, loglik=-3137.24, AIC=6276.47, BIC=6281.23

ΔAIC / ΔBIC
truncated: ΔAIC = 0 ΔBIC = 0
powerlaw: ΔAIC = 43.4888 ΔBIC = 43.4888
shifted_exp: ΔAIC = 535.021 ΔBIC = 535.021
",truncated,3.1864019632339478,True,,truncated,3.1864019632339478,1.8081735301813,229.43388158082962,,0.02349272423163573,5741.449008923128,5746.209423614211,-2869.724504461564,863,True,,shifted_exp,3.1864019632339478,0.07169984059964844,,,0.26230450806905015,6276.470418329065,6281.230833020149,-3137.2352091645325,863,-535.0214094059374
/home/hpc/Desktop/resonant_swarm_runs/position_records/N400/kappa_1p5/okappa_2/pos_rep08_seed40000008.npz,400,1.5,2.0,8,40000008,com,-1,com,0.6081190466880799,0.45025160908699036,0.36483004689216614,2748,2748,True,,"Model comparison
----------------
truncated: xmin=2.7663, alpha=1.79571, xc=894.214, p=nan, KS=0.0249193, loglik=-2923.04, AIC=5848.09, BIC=5852.85
powerlaw: xmin=2.7663, alpha=1.83476, xc=nan, p=nan, KS=0.0331607, loglik=-2930.81, AIC=5863.61, BIC=5868.37
shifted_exp: xmin=2.7663, alpha=0.0575625, xc=nan, p=nan, KS=0.308138, loglik=-3326.76, AIC=6655.53, BIC=6660.29

ΔAIC / ΔBIC
truncated: ΔAIC = 0 ΔBIC = 0
powerlaw: ΔAIC = 15.5233 ΔBIC = 15.5233
shifted_exp: ΔAIC = 807.442 ΔBIC = 807.442
",truncated,2.7662989497184753,True,,truncated,2.7662989497184753,1.79570785421632,894.2135108113289,,0.02491926844211358,5848.087859994004,5852.848274685088,-2923.043929997002,863,True,,shifted_exp,2.7662989497184753,0.05756250937979869,,,0.3081380825080441,6655.529442281015,6660.289856972098,-3326.7647211405074,863,-807.4415822870105
/home/hpc/Desktop/resonant_swarm_runs/position_records/N400/kappa_1p5/okappa_2/pos_rep09_seed40000009.npz,400,1.5,2.0,9,40000009,com,-1,com,0.6208525538444519,0.45016270875930786,0.3390321433544159,2785,2785,True,,"Model comparison
----------------
truncated: xmin=2.72659, alpha=1.75516, xc=300.425, p=nan, KS=0.0281471, loglik=-3148.36, AIC=6298.73, BIC=6303.58
powerlaw: xmin=2.72659, alpha=1.84368, xc=nan, p=nan, KS=0.0413352, loglik=-3170.26, AIC=6342.52, BIC=6347.37
shifted_exp: xmin=2.72659, alpha=0.0649518, xc=nan, p=nan, KS=0.311625, loglik=-3525, AIC=7052, BIC=7056.85

ΔAIC / ΔBIC
truncated: ΔAIC = 0 ΔBIC = 0
powerlaw: ΔAIC = 43.797 ΔBIC = 43.797
shifted_exp: ΔAIC = 753.275 ΔBIC = 753.275
",truncated,2.726594865322113,True,,truncated,2.726594865322113,1.7551575456554054,300.42500990629196,,0.028147123672080165,6298.725239136009,6303.575365302155,-3148.3626195680044,944,True,,shifted_exp,2.726594865322113,0.06495176291124566,,,0.3116246726392985,7052.000423198918,7056.850549365064,-3525.000211599459,944,-753.2751840629089
/home/hpc/Desktop/resonant_swarm_runs/position_records/N400/kappa_1p5/okappa_2/pos_rep10_seed40000010.npz,400,1.5,2.0,10,40000010,com,-1,com,0.6022046089172364,0.43317654728889465,0.3048190176486969,3016,3016,True,,"Model comparison
----------------
truncated: xmin=3.13748, alpha=1.80012, xc=316.142, p=nan, KS=0.0192525, loglik=-2905.48, AIC=5812.95, BIC=5817.71
powerlaw: xmin=3.13748, alpha=1.88357, xc=nan, p=nan, KS=0.0341839, loglik=-2923.11, AIC=5848.22, BIC=5852.98
shifted_exp: xmin=3.13748, alpha=0.0683877, xc=nan, p=nan, KS=0.255344, loglik=-3167, AIC=6336.01, BIC=6340.76

ΔAIC / ΔBIC
truncated: ΔAIC = 0 ΔBIC = 0
powerlaw: ΔAIC = 35.2711 ΔBIC = 35.2711
shifted_exp: ΔAIC = 523.054 ΔBIC = 523.054
",truncated,3.137484848499298,True,,truncated,3.137484848499298,1.800119078580778,316.1424181461334,,0.019252473381369595,5812.953028078038,5817.709960467286,-2905.476514039019,860,True,,shifted_exp,3.137484848499298,0.0683877073124647,,,0.2553438791638569,6336.006963633153,6340.7638960224,-3167.0034818165764,860,-523.0539355551145
/home/hpc/Desktop/resonant_swarm_runs/position_records/N400/kappa_1p5/okappa_2/pos_rep11_seed40000011.npz,400,1.5,2.0,11,40000011,com,-1,com,0.6299476385116578,0.45691850781440735,0.3375610411167145,2625,2625,True,,"Model comparison
----------------
truncated: xmin=2.81721, alpha=1.69761, xc=341.891, p=nan, KS=0.0246222, loglik=-2975.6, AIC=5953.19, BIC=5957.94
powerlaw: xmin=2.81721, alpha=1.79456, xc=nan, p=nan, KS=0.0394609, loglik=-2999.16, AIC=6000.32, BIC=6005.07
shifted_exp: xmin=2.81721, alpha=0.0569824, xc=nan, p=nan, KS=0.292676, loglik=-3289.13, AIC=6580.25, BIC=6585

ΔAIC / ΔBIC
truncated: ΔAIC = 0 ΔBIC = 0
powerlaw: ΔAIC = 47.127 ΔBIC = 47.127
shifted_exp: ΔAIC = 627.059 ΔBIC = 627.059
",truncated,2.8172134160995483,True,,truncated,2.8172134160995483,1.6976084045034032,341.8913559913635,,0.024622203545029087,5953.191737884786,5957.938150013359,-2975.595868942393,851,True,,shifted_exp,2.8172134160995483,0.05698244287091672,,,0.29267623685845423,6580.250557443455,6584.996969572028,-3289.1252787217277,851,-627.0588195586697
/home/hpc/Desktop/resonant_swarm_runs/position_records/N400/kappa_1p5/okappa_2/pos_rep12_seed40000012.npz,400,1.5,2.0,12,40000012,com,-1,com,0.6293640732765203,0.46121418476104736,0.35266056656837463,2648,2648,True,,"Model comparison
----------------
truncated: xmin=2.87384, alpha=1.74528, xc=767.738, p=nan, KS=0.0318528, loglik=-2972.42, AIC=5946.85, BIC=5951.59
powerlaw: xmin=2.87384, alpha=1.79772, xc=nan, p=nan, KS=0.0366121, loglik=-2983.73, AIC=5969.47, BIC=5974.2
shifted_exp: xmin=2.87384, alpha=0.0555306, xc=nan, p=nan, KS=0.292049, loglik=-3283.85, AIC=6569.71, BIC=6574.44

ΔAIC / ΔBIC
truncated: ΔAIC = 0 ΔBIC = 0
powerlaw: ΔAIC = 22.6189 ΔBIC = 22.6189
shifted_exp: ΔAIC = 622.858 ΔBIC = 622.858
",truncated,2.8738359212875366,True,,truncated,2.8738359212875366,1.7452846684613412,767.7379679083824,,0.03185275884232086,5946.847596214195,5951.585748708791,-2972.4237981070974,844,True,,shifted_exp,2.8738359212875366,0.055530610290770374,,,0.29204901697341634,6569.705634467348,6574.443786961944,-3283.852817233674,844,-622.8580382531536
/home/hpc/Desktop/resonant_swarm_runs/position_records/N400/kappa_1p5/okappa_2/pos_rep13_seed40000013.npz,400,1.5,2.0,13,40000013,com,-1,com,0.6134230256080629,0.4472068250179291,0.34046146273612976,2957,2957,True,,"Model comparison
----------------
truncated: xmin=2.78411, alpha=1.80664, xc=839.4, p=nan, KS=0.0297669, loglik=-3064.84, AIC=6131.67, BIC=6136.49
powerlaw: xmin=2.78411, alpha=1.846, xc=nan, p=nan, KS=0.0409885, loglik=-3072.98, AIC=6147.95, BIC=6152.77
shifted_exp: xmin=2.78411, alpha=0.0655836, xc=nan, p=nan, KS=0.276199, loglik=-3392.95, AIC=6787.91, BIC=6792.72

ΔAIC / ΔBIC
truncated: ΔAIC = 0 ΔBIC = 0
powerlaw: ΔAIC = 16.2809 ΔBIC = 16.2809
shifted_exp: ΔAIC = 656.238 ΔBIC = 656.238
",truncated,2.7841110825538635,True,,truncated,2.7841110825538635,1.806641743998823,839.3995550870895,,0.029766869430126297,6131.671614016779,6136.486156914039,-3064.8358070083896,911,True,,shifted_exp,2.7841110825538635,0.06558363533984295,,,0.2761993512024151,6787.909775443694,6792.724318340955,-3392.954887721847,911,-656.2381614269152
/home/hpc/Desktop/resonant_swarm_runs/position_records/N400/kappa_1p5/okappa_2/pos_rep14_seed40000014.npz,400,1.5,2.0,14,40000014,com,-1,com,0.6458459615707401,0.47247815132141113,0.37776118516921997,2537,2537,True,,"Model comparison
----------------
truncated: xmin=2.92667, alpha=1.74058, xc=1050.48, p=nan, KS=0.0344768, loglik=-2916.57, AIC=5835.14, BIC=5839.85
powerlaw: xmin=2.92667, alpha=1.78499, xc=nan, p=nan, KS=0.0444992, loglik=-2925.73, AIC=5853.46, BIC=5858.16
shifted_exp: xmin=2.92667, alpha=0.05079, xc=nan, p=nan, KS=0.305549, loglik=-3243.75, AIC=6489.49, BIC=6494.19

ΔAIC / ΔBIC
truncated: ΔAIC = 0 ΔBIC = 0
powerlaw: ΔAIC = 18.3166 ΔBIC = 18.3166
shifted_exp: ΔAIC = 654.346 ΔBIC = 654.346
",truncated,2.9266744256019592,True,,truncated,2.9266744256019592,1.7405826927070565,1050.4769659638405,,0.03447677572859109,5835.144847283245,5839.848035396486,-2916.5724236416227,815,True,,shifted_exp,2.9266744256019592,0.050790006146305994,,,0.3055489069774754,6489.490747242477,6494.193935355717,-3243.7453736212383,815,-654.3458999592312
/home/hpc/Desktop/resonant_swarm_runs/position_records/N400/kappa_1p5/okappa_2/pos_rep15_seed40000015.npz,400,1.5,2.0,15,40000015,com,-1,com,0.6305244207382203,0.45336979627609253,0.33407968282699585,2619,2619,True,,"Model comparison
----------------
truncated: xmin=2.84556, alpha=1.75786, xc=440.89, p=nan, KS=0.0291299, loglik=-3083.26, AIC=6168.51, BIC=6173.32
powerlaw: xmin=2.84556, alpha=1.82873, xc=nan, p=nan, KS=0.0371351, loglik=-3099.7, AIC=6201.4, BIC=6206.2
shifted_exp: xmin=2.84556, alpha=0.0616255, xc=nan, p=nan, KS=0.288781, loglik=-3411.8, AIC=6825.6, BIC=6830.4

ΔAIC / ΔBIC
truncated: ΔAIC = 0 ΔBIC = 0
powerlaw: ΔAIC = 32.8858 ΔBIC = 32.8858
shifted_exp: ΔAIC = 657.083 ΔBIC = 657.083
",truncated,2.845560848712921,True,,truncated,2.845560848712921,1.7578583259042897,440.88959062099457,,0.029129949092711258,6168.512170624099,6173.315675881708,-3083.2560853120494,901,True,,shifted_exp,2.845560848712921,0.06162553880722389,,,0.28878052602707416,6825.595383810416,6830.398889068025,-3411.797691905208,901,-657.0832131863172
/home/hpc/Desktop/resonant_swarm_runs/position_records/N400/kappa_1p5/okappa_2/pos_rep16_seed40000016.npz,400,1.5,2.0,16,40000016,com,-1,com,0.6310898303985596,0.46480023860931396,0.36585453152656555,2764,2764,True,,"Model comparison
----------------
truncated: xmin=2.88698, alpha=1.7299, xc=672.989, p=nan, KS=0.0325092, loglik=-2851.38, AIC=5704.77, BIC=5709.46
powerlaw: xmin=2.88698, alpha=1.78979, xc=nan, p=nan, KS=0.040777, loglik=-2864.13, AIC=5730.25, BIC=5734.94
shifted_exp: xmin=2.88698, alpha=0.0520921, xc=nan, p=nan, KS=0.309731, loglik=-3179.61, AIC=6361.22, BIC=6365.91

ΔAIC / ΔBIC
truncated: ΔAIC = 0 ΔBIC = 0
powerlaw: ΔAIC = 25.4878 ΔBIC = 25.4878
shifted_exp: ΔAIC = 656.458 ΔBIC = 656.458
",truncated,2.8869792819023132,True,,truncated,2.8869792819023132,1.729895083303364,672.9887030720711,,0.03250915248285924,5704.766419408432,5709.456018677611,-2851.383209704216,804,True,,shifted_exp,2.8869792819023132,0.05209213726911059,,,0.30973118100315766,6361.223942464756,6365.913541733935,-3179.611971232378,804,-656.4575230563241
/home/hpc/Desktop/resonant_swarm_runs/position_records/N400/kappa_1p5/okappa_2/pos_rep17_seed40000017.npz,400,1.5,2.0,17,40000017,com,-1,com,0.6346820831298831,0.46152806282043457,0.3383718729019165,2620,2620,True,,"Model comparison
----------------
truncated: xmin=3.68151, alpha=1.70983, xc=348.524, p=nan, KS=0.0240501, loglik=-2648.62, AIC=5299.24, BIC=5303.82
powerlaw: xmin=3.68151, alpha=1.81875, xc=nan, p=nan, KS=0.0473657, loglik=-2670.59, AIC=5343.18, BIC=5347.75
shifted_exp: xmin=3.68151, alpha=0.0506069, xc=nan, p=nan, KS=0.273777, loglik=-2856.29, AIC=5714.58, BIC=5719.16

ΔAIC / ΔBIC
truncated: ΔAIC = 0 ΔBIC = 0
powerlaw: ΔAIC = 43.9376 ΔBIC = 43.9376
shifted_exp: ΔAIC = 415.338 ΔBIC = 415.338
",truncated,3.6815075874328613,True,,truncated,3.6815075874328613,1.709828983199032,348.5239287018776,,0.024050146700841046,5299.242067544476,5303.817143385076,-2648.621033772238,717,True,,shifted_exp,3.6815075874328613,0.050606864743501914,,,0.27377746659380553,5714.579976562993,5719.155052403592,-2856.2899882814963,717,-415.33790901851626
/home/hpc/Desktop/resonant_swarm_runs/position_records/N400/kappa_1p5/okappa_2/pos_rep18_seed40000018.npz,400,1.5,2.0,18,40000018,com,-1,com,0.6193556666374207,0.4479001760482788,0.3276212215423584,2799,2799,True,,"Model comparison
----------------
truncated: xmin=2.82096, alpha=1.77718, xc=470.247, p=nan, KS=0.0252552, loglik=-3031.28, AIC=6064.55, BIC=6069.35
powerlaw: xmin=2.82096, alpha=1.84111, xc=nan, p=nan, KS=0.0356547, loglik=-3045.52, AIC=6093.03, BIC=6097.83
shifted_exp: xmin=2.82096, alpha=0.0638093, xc=nan, p=nan, KS=0.29014, loglik=-3361.66, AIC=6725.33, BIC=6730.13

ΔAIC / ΔBIC
truncated: ΔAIC = 0 ΔBIC = 0
powerlaw: ΔAIC = 28.477 ΔBIC = 28.477
shifted_exp: ΔAIC = 660.774 ΔBIC = 660.774
",truncated,2.820964992046356,True,,truncated,2.820964992046356,1.777181955549413,470.24723505973816,,0.02525520351141808,6064.554017404335,6069.35195781731,-3031.2770087021677,896,True,,shifted_exp,2.820964992046356,0.06380926112137687,,,0.2901400309958979,6725.327637418324,6730.125577831299,-3361.663818709162,896,-660.7736200139889
/home/hpc/Desktop/resonant_swarm_runs/position_records/N400/kappa_1p5/okappa_2/pos_rep19_seed40000019.npz,400,1.5,2.0,19,40000019,com,-1,com,0.6146621465682984,0.44380906224250793,0.3159937262535095,2839,2839,True,,"Model comparison
----------------
truncated: xmin=4.44876, alpha=1.69264, xc=235.511, p=nan, KS=0.0232291, loglik=-2270.75, AIC=4543.5, BIC=4547.9
powerlaw: xmin=4.44876, alpha=1.85292, xc=nan, p=nan, KS=0.0502012, loglik=-2298.32, AIC=4598.65, BIC=4603.05
shifted_exp: xmin=4.44876, alpha=0.0477164, xc=nan, p=nan, KS=0.249006, loglik=-2429.53, AIC=4861.06, BIC=4865.46

ΔAIC / ΔBIC
truncated: ΔAIC = 0 ΔBIC = 0
powerlaw: ΔAIC = 55.1519 ΔBIC = 55.1519
shifted_exp: ΔAIC = 317.564 ΔBIC = 317.564
",truncated,4.448755860328674,True,,truncated,4.448755860328674,1.692638351858423,235.51074981689453,,0.023229100419967397,4543.497151138669,4547.8957460732045,-2270.7485755693347,601,True,,shifted_exp,4.448755860328674,0.04771638052798519,,,0.2490064400428914,4861.0616003575,4865.460195292035,-2429.53080017875,601,-317.5644492188303
/home/hpc/Desktop/resonant_swarm_runs/position_records/N500/kappa_1p5/okappa_2/pos_rep00_seed50000000.npz,500,1.5,2.0,0,50000000,com,-1,com,0.5783375620841981,0.42202261090278625,0.31230729818344116,2877,2877,True,,"Model comparison
----------------
truncated: xmin=3.7349, alpha=1.88133, xc=563.322, p=nan, KS=0.0149843, loglik=-2402.41, AIC=4806.83, BIC=4811.37
powerlaw: xmin=3.7349, alpha=1.93145, xc=nan, p=nan, KS=0.0235983, loglik=-2409.79, AIC=4821.57, BIC=4826.12
shifted_exp: xmin=3.7349, alpha=0.057655, xc=nan, p=nan, KS=0.2943, loglik=-2681.88, AIC=5365.76, BIC=5370.31

ΔAIC / ΔBIC
truncated: ΔAIC = 0 ΔBIC = 0
powerlaw: ΔAIC = 14.7484 ΔBIC = 14.7484
shifted_exp: ΔAIC = 558.937 ΔBIC = 558.937
",truncated,3.734895408153534,True,,truncated,3.734895408153534,1.8813314193563406,563.3218478560448,,0.014984317945513581,4806.826192670027,4811.371542330361,-2402.4130963350135,696,True,,shifted_exp,3.734895408153534,0.057654991628165626,,,0.2943000692044532,5365.763603742951,5370.308953403285,-2681.8818018714755,696,-558.9374110729241
/home/hpc/Desktop/resonant_swarm_runs/position_records/N500/kappa_1p5/okappa_2/pos_rep01_seed50000001.npz,500,1.5,2.0,1,50000001,com,-1,com,0.5934351325035095,0.4291577637195587,0.3122113347053528,2719,2719,True,,"Model comparison
----------------
truncated: xmin=2.69197, alpha=1.75545, xc=281.633, p=nan, KS=0.025515, loglik=-2909.15, AIC=5820.31, BIC=5825.09
powerlaw: xmin=2.69197, alpha=1.84684, xc=nan, p=nan, KS=0.0348296, loglik=-2930.21, AIC=5862.41, BIC=5867.19
shifted_exp: xmin=2.69197, alpha=0.0654547, xc=nan, p=nan, KS=0.308772, loglik=-3271.78, AIC=6545.55, BIC=6550.33

ΔAIC / ΔBIC
truncated: ΔAIC = 0 ΔBIC = 0
powerlaw: ΔAIC = 42.1052 ΔBIC = 42.1052
shifted_exp: ΔAIC = 725.243 ΔBIC = 725.243
",truncated,2.691972553730011,True,,truncated,2.691972553730011,1.7554509556882087,281.6325477361679,,0.02551500457338983,5820.309586700481,5825.087233294116,-2909.1547933502407,878,True,,shifted_exp,2.691972553730011,0.06545472724337886,,,0.30877186470243034,6545.552363653181,6550.330010246816,-3271.7761818265903,878,-725.2427769526994
/home/hpc/Desktop/resonant_swarm_runs/position_records/N500/kappa_1p5/okappa_2/pos_rep02_seed50000002.npz,500,1.5,2.0,2,50000002,com,-1,com,0.6008116245269777,0.4409407079219818,0.3444799780845642,2487,2487,True,,"Model comparison
----------------
truncated: xmin=2.72366, alpha=1.72041, xc=656.133, p=nan, KS=0.0265217, loglik=-2779.2, AIC=5560.41, BIC=5565.08
powerlaw: xmin=2.72366, alpha=1.78092, xc=nan, p=nan, KS=0.035639, loglik=-2792.06, AIC=5586.12, BIC=5590.8
shifted_exp: xmin=2.72366, alpha=0.0523652, xc=nan, p=nan, KS=0.309007, loglik=-3124.06, AIC=6250.13, BIC=6254.8

ΔAIC / ΔBIC
truncated: ΔAIC = 0 ΔBIC = 0
powerlaw: ΔAIC = 25.7164 ΔBIC = 25.7164
shifted_exp: ΔAIC = 689.724 ΔBIC = 689.724
",truncated,2.72365540266037,True,,truncated,2.72365540266037,1.7204110642753265,656.1329211592674,,0.026521668017618023,5560.405779301516,5565.0790772692835,-2779.202889650758,791,True,,shifted_exp,2.72365540266037,0.052365189978595336,,,0.30900732881198334,6250.129916879112,6254.803214846879,-3124.064958439556,791,-689.7241375775957
/home/hpc/Desktop/resonant_swarm_runs/position_records/N500/kappa_1p5/okappa_2/pos_rep03_seed50000003.npz,500,1.5,2.0,3,50000003,com,-1,com,0.5980772495269777,0.44352245330810547,0.36425185203552246,2443,2443,True,,"Model comparison
----------------
truncated: xmin=2.64163, alpha=1.73249, xc=878.097, p=nan, KS=0.0245127, loglik=-2811.7, AIC=5625.4, BIC=5630.1
powerlaw: xmin=2.64163, alpha=1.78037, xc=nan, p=nan, KS=0.0367658, loglik=-2821.66, AIC=5645.33, BIC=5650.02
shifted_exp: xmin=2.64163, alpha=0.0513938, xc=nan, p=nan, KS=0.319745, loglik=-3198.4, AIC=6398.8, BIC=6403.49

ΔAIC / ΔBIC
truncated: ΔAIC = 0 ΔBIC = 0
powerlaw: ΔAIC = 19.9229 ΔBIC = 19.9229
shifted_exp: ΔAIC = 773.396 ΔBIC = 773.396
",truncated,2.641628921031952,True,,truncated,2.641628921031952,1.7324949112262784,878.096742451191,,0.024512740042863412,5625.4044866822505,5630.096570424757,-2811.7022433411253,806,True,,shifted_exp,2.641628921031952,0.051393755102861656,,,0.3197450766015598,6398.800639248325,6403.492722990832,-3198.4003196241624,806,-773.3961525660743
/home/hpc/Desktop/resonant_swarm_runs/position_records/N500/kappa_1p5/okappa_2/pos_rep04_seed50000004.npz,500,1.5,2.0,4,50000004,com,-1,com,0.5848990917205812,0.4262838363647461,0.3124469518661499,2715,2715,True,,"Model comparison
----------------
truncated: xmin=2.98394, alpha=1.76907, xc=353.739, p=nan, KS=0.0288147, loglik=-2673.5, AIC=5348.99, BIC=5353.66
powerlaw: xmin=2.98394, alpha=1.85052, xc=nan, p=nan, KS=0.0330843, loglik=-2689.83, AIC=5381.67, BIC=5386.33
shifted_exp: xmin=2.98394, alpha=0.0578668, xc=nan, p=nan, KS=0.322013, loglik=-3018.1, AIC=6038.19, BIC=6042.86

ΔAIC / ΔBIC
truncated: ΔAIC = 0 ΔBIC = 0
powerlaw: ΔAIC = 32.6761 ΔBIC = 32.6761
shifted_exp: ΔAIC = 689.198 ΔBIC = 689.198
",truncated,2.983937442302704,True,,truncated,2.983937442302704,1.769073286629927,353.73924684524536,,0.02881472602510582,5348.992711513672,5353.657120534022,-2673.496355756836,784,True,,shifted_exp,2.983937442302704,0.05786678457758531,,,0.3220125733529118,6038.191189182545,6042.855598202896,-3018.0955945912724,784,-689.1984776688732
/home/hpc/Desktop/resonant_swarm_runs/position_records/N500/kappa_1p5/okappa_2/pos_rep05_seed50000005.npz,500,1.5,2.0,5,50000005,com,-1,com,0.570047414302826,0.41372671723365784,0.3125503659248352,2818,2818,True,,"Model comparison
----------------
truncated: xmin=2.98698, alpha=1.81639, xc=597.637, p=nan, KS=0.0249514, loglik=-2724.08, AIC=5450.16, BIC=5454.85
powerlaw: xmin=2.98698, alpha=1.86663, xc=nan, p=nan, KS=0.0380972, loglik=-2733.4, AIC=5468.8, BIC=5473.49
shifted_exp: xmin=2.98698, alpha=0.0638719, xc=nan, p=nan, KS=0.29523, loglik=-3023.21, AIC=6048.41, BIC=6053.1

ΔAIC / ΔBIC
truncated: ΔAIC = 0 ΔBIC = 0
powerlaw: ΔAIC = 18.6394 ΔBIC = 18.6394
shifted_exp: ΔAIC = 598.254 ΔBIC = 598.254
",truncated,2.986983835697174,True,,truncated,2.986983835697174,1.8163918838753403,597.6369627118111,,0.02495136624892924,5450.156529100623,5454.84861284313,-2724.0782645503114,806,True,,shifted_exp,2.986983835697174,0.06387194674386819,,,0.2952297187588737,6048.410551726073,6053.10263546858,-3023.2052758630366,806,-598.2540226254505
/home/hpc/Desktop/resonant_swarm_runs/position_records/N500/kappa_1p5/okappa_2/pos_rep06_seed50000006.npz,500,1.5,2.0,6,50000006,com,-1,com,0.5810564994812013,0.4131072461605072,0.28762027621269226,2694,2694,True,,"Model comparison
----------------
truncated: xmin=2.59377, alpha=1.75605, xc=202.49, p=nan, KS=0.0345936, loglik=-2945.76, AIC=5893.52, BIC=5898.33
powerlaw: xmin=2.59377, alpha=1.86592, xc=nan, p=nan, KS=0.0324358, loglik=-2972.25, AIC=5946.51, BIC=5951.32
shifted_exp: xmin=2.59377, alpha=0.0709105, xc=nan, p=nan, KS=0.310138, loglik=-3332.75, AIC=6667.5, BIC=6672.32

ΔAIC / ΔBIC
truncated: ΔAIC = 0 ΔBIC = 0
powerlaw: ΔAIC = 52.989 ΔBIC = 52.989
shifted_exp: ΔAIC = 773.988 ΔBIC = 773.988
",truncated,2.5937724113464355,True,,truncated,2.5937724113464355,1.756048710682035,202.48981720209122,,0.03459360638979103,5893.516648749426,5898.334479320881,-2945.758324374713,914,True,,shifted_exp,2.5937724113464355,0.07091046109863823,,,0.3101382070118265,6667.50460103048,6672.322431601935,-3332.75230051524,914,-773.9879522810543
/home/hpc/Desktop/resonant_swarm_runs/position_records/N500/kappa_1p5/okappa_2/pos_rep07_seed50000007.npz,500,1.5,2.0,7,50000007,com,-1,com,0.577732276916504,0.42184725403785706,0.31619635224342346,2640,2640,True,,"Model comparison
----------------
truncated: xmin=3.08603, alpha=1.77378, xc=686.372, p=nan, KS=0.0284093, loglik=-2654.83, AIC=5311.65, BIC=5316.28
powerlaw: xmin=3.08603, alpha=1.82744, xc=nan, p=nan, KS=0.0373876, loglik=-2664.8, AIC=5331.59, BIC=5336.22
shifted_exp: xmin=3.08603, alpha=0.0565263, xc=nan, p=nan, KS=0.300835, loglik=-2928.02, AIC=5858.05, BIC=5862.68

ΔAIC / ΔBIC
truncated: ΔAIC = 0 ΔBIC = 0
powerlaw: ΔAIC = 19.9417 ΔBIC = 19.9417
shifted_exp: ΔAIC = 546.397 ΔBIC = 546.397
",truncated,3.0860307216644287,True,,truncated,3.0860307216644287,1.7737807059112947,686.3724545836449,,0.028409273920421918,5311.652835302995,5316.280876679175,-2654.8264176514976,756,True,,shifted_exp,3.0860307216644287,0.05652633467177204,,,0.300835033960948,5858.049557341584,5862.677598717763,-2928.024778670792,756,-546.3967220385885
/home/hpc/Desktop/resonant_swarm_runs/position_records/N500/kappa_1p5/okappa_2/pos_rep08_seed50000008.npz,500,1.5,2.0,8,50000008,com,-1,com,0.5698855876922607,0.42040154337882996,0.33018365502357483,2635,2635,True,,"Model comparison
----------------
truncated: xmin=2.58143, alpha=1.72796, xc=420.146, p=nan, KS=0.027604, loglik=-2768.87, AIC=5539.75, BIC=5544.45
powerlaw: xmin=2.58143, alpha=1.80287, xc=nan, p=nan, KS=0.0384589, loglik=-2785.37, AIC=5572.74, BIC=5577.44
shifted_exp: xmin=2.58143, alpha=0.057541, xc=nan, p=nan, KS=0.332606, loglik=-3145.89, AIC=6293.78, BIC=6298.48

ΔAIC / ΔBIC
truncated: ΔAIC = 0 ΔBIC = 0
powerlaw: ΔAIC = 32.9904 ΔBIC = 32.9904
shifted_exp: ΔAIC = 754.033 ΔBIC = 754.033
",truncated,2.5814260244369507,True,,truncated,2.5814260244369507,1.7279559572695944,420.14593929052353,,0.02760403981599402,5539.746157797969,5544.450572152933,-2768.8730788989847,816,True,,shifted_exp,2.5814260244369507,0.05754102473017467,,,0.3326059287880845,6293.779606803331,6298.484021158295,-3145.8898034016656,816,-754.033449005362
/home/hpc/Desktop/resonant_swarm_runs/position_records/N500/kappa_1p5/okappa_2/pos_rep09_seed50000009.npz,500,1.5,2.0,9,50000009,com,-1,com,0.5646609187126161,0.4161207377910614,0.3099035620689392,2728,2728,True,,"Model comparison
----------------
truncated: xmin=2.57866, alpha=1.78311, xc=362.882, p=nan, KS=0.0319361, loglik=-2761.69, AIC=5525.38, BIC=5530.13
powerlaw: xmin=2.57866, alpha=1.85324, xc=nan, p=nan, KS=0.0307525, loglik=-2776.45, AIC=5554.89, BIC=5559.64
shifted_exp: xmin=2.57866, alpha=0.0624434, xc=nan, p=nan, KS=0.342049, loglik=-3196.15, AIC=6394.3, BIC=6399.04

ΔAIC / ΔBIC
truncated: ΔAIC = 0 ΔBIC = 0
powerlaw: ΔAIC = 29.5106 ΔBIC = 29.5106
shifted_exp: ΔAIC = 868.915 ΔBIC = 868.915
",truncated,2.5786637663841248,True,,truncated,2.5786637663841248,1.7831101979762043,362.8818617463112,,0.03193605345884931,5525.38432463038,5530.126025325032,-2761.69216231519,847,True,,shifted_exp,2.5786637663841248,0.06244344430255158,,,0.34204880151589345,6394.29887506383,6399.040575758481,-3196.149437531915,847,-868.9145504334492
/home/hpc/Desktop/resonant_swarm_runs/position_records/N500/kappa_1p5/okappa_2/pos_rep10_seed50000010.npz,500,1.5,2.0,10,50000010,com,-1,com,0.599886429309845,0.44178980588912964,0.36034998297691345,2366,2366,True,,"Model comparison
----------------
truncated: xmin=3.09573, alpha=1.70332, xc=510.37, p=nan, KS=0.0278275, loglik=-2649.29, AIC=5300.57, BIC=5305.16
powerlaw: xmin=3.09573, alpha=1.78308, xc=nan, p=nan, KS=0.0371457, loglik=-2665.64, AIC=5333.28, BIC=5337.87
shifted_exp: xmin=3.09573, alpha=0.0476728, xc=nan, p=nan, KS=0.325338, loglik=-2951.68, AIC=5905.36, BIC=5909.95

ΔAIC / ΔBIC
truncated: ΔAIC = 0 ΔBIC = 0
powerlaw: ΔAIC = 32.7084 ΔBIC = 32.7084
shifted_exp: ΔAIC = 604.785 ΔBIC = 604.785
",truncated,3.095730781555176,True,,truncated,3.095730781555176,1.7033217004946994,510.3702780008316,,0.027827528953922265,5300.570351705803,5305.1633962399455,-2649.2851758529014,730,True,,shifted_exp,3.095730781555176,0.047672803964788166,,,0.32533812422377795,5905.3555191117675,5909.94856364591,-2951.6777595558838,730,-604.7851674059648
/home/hpc/Desktop/resonant_swarm_runs/position_records/N500/kappa_1p5/okappa_2/pos_rep11_seed50000011.npz,500,1.5,2.0,11,50000011,com,-1,com,0.5907053351402285,0.42836639285087585,0.31947818398475647,2562,2562,True,,"Model comparison
----------------
truncated: xmin=2.67776, alpha=1.70498, xc=357.654, p=nan, KS=0.033638, loglik=-2778.58, AIC=5559.15, BIC=5563.85
powerlaw: xmin=2.67776, alpha=1.79485, xc=nan, p=nan, KS=0.0426713, loglik=-2798.99, AIC=5599.97, BIC=5604.67
shifted_exp: xmin=2.67776, alpha=0.0560026, xc=nan, p=nan, KS=0.314502, loglik=-3129.18, AIC=6260.36, BIC=6265.05

ΔAIC / ΔBIC
truncated: ΔAIC = 0 ΔBIC = 0
powerlaw: ΔAIC = 40.8206 ΔBIC = 40.8206
shifted_exp: ΔAIC = 701.206 ΔBIC = 701.206
",truncated,2.6777642965316772,True,,truncated,2.6777642965316772,1.7049787410006285,357.65380638837814,,0.03363798689376002,5559.15326649218,5563.8453502346865,-2778.57663324609,806,True,,shifted_exp,2.6777642965316772,0.05600261702986447,,,0.31450197924047896,6260.359252940392,6265.051336682899,-3129.179626470196,806,-701.2059864482126
/home/hpc/Desktop/resonant_swarm_runs/position_records/N500/kappa_1p5/okappa_2/pos_rep12_seed50000012.npz,500,1.5,2.0,12,50000012,com,-1,com,0.5750980615615848,0.4157711863517761,0.3006625473499298,2681,2681,True,,"Model comparison
----------------
truncated: xmin=3.29397, alpha=1.74693, xc=388.161, p=nan, KS=0.0191032, loglik=-2528.05, AIC=5058.09, BIC=5062.66
powerlaw: xmin=3.29397, alpha=1.83365, xc=nan, p=nan, KS=0.0429931, loglik=-2544.4, AIC=5090.79, BIC=5095.36
shifted_exp: xmin=3.29397, alpha=0.0561877, xc=nan, p=nan, KS=0.267185, loglik=-2761.89, AIC=5525.78, BIC=5530.35

ΔAIC / ΔBIC
truncated: ΔAIC = 0 ΔBIC = 0
powerlaw: ΔAIC = 32.7022 ΔBIC = 32.7022
shifted_exp: ΔAIC = 467.688 ΔBIC = 467.688
",truncated,3.293969213962555,True,,truncated,3.293969213962555,1.746926955393507,388.16143441200256,,0.019103220474869786,5058.090960762136,5062.659038673548,-2528.045480381068,712,True,,shifted_exp,3.293969213962555,0.056187659690344775,,,0.26718548092914407,5525.778769511551,5530.346847422963,-2761.8893847557756,712,-467.6878087494151
/home/hpc/Desktop/resonant_swarm_runs/position_records/N500/kappa_1p5/okappa_2/pos_rep13_seed50000013.npz,500,1.5,2.0,13,50000013,com,-1,com,0.5811893701553345,0.42359721660614014,0.31067585945129395,2689,2689,True,,"Model comparison
----------------
truncated: xmin=2.58889, alpha=1.74612, xc=291.567, p=nan, KS=0.0261564, loglik=-2904.28, AIC=5810.55, BIC=5815.33
powerlaw: xmin=2.58889, alpha=1.83551, xc=nan, p=nan, KS=0.0364686, loglik=-2925.14, AIC=5852.28, BIC=5857.06
shifted_exp: xmin=2.58889, alpha=0.0646783, xc=nan, p=nan, KS=0.31533, loglik=-3285.99, AIC=6573.98, BIC=6578.76

ΔAIC / ΔBIC
truncated: ΔAIC = 0 ΔBIC = 0
powerlaw: ΔAIC = 41.7269 ΔBIC = 41.7269
shifted_exp: ΔAIC = 763.431 ΔBIC = 763.431
",truncated,2.5888918042182922,True,,truncated,2.5888918042182922,1.7461218819719562,291.56668412685394,,0.02615635769926579,5810.553358352829,5815.332143250514,-2904.2766791764143,879,True,,shifted_exp,2.5888918042182922,0.06467827840779033,,,0.31533035835111756,6573.983896867473,6578.762681765158,-3285.9919484337365,879,-763.4305385146445
/home/hpc/Desktop/resonant_swarm_runs/position_records/N500/kappa_1p5/okappa_2/pos_rep14_seed50000014.npz,500,1.5,2.0,14,50000014,com,-1,com,0.5950858831405642,0.434524804353714,0.3381533920764923,2440,2440,True,,"Model comparison
----------------
truncated: xmin=2.60442, alpha=1.72743, xc=496.194, p=nan, KS=0.0294332, loglik=-2852.53, AIC=5707.05, BIC=5711.78
powerlaw: xmin=2.60442, alpha=1.79563, xc=nan, p=nan, KS=0.0377049, loglik=-2867.77, AIC=5737.54, BIC=5742.26
shifted_exp: xmin=2.60442, alpha=0.0555466, xc=nan, p=nan, KS=0.329381, loglik=-3240.81, AIC=6483.63, BIC=6488.35

ΔAIC / ΔBIC
truncated: ΔAIC = 0 ΔBIC = 0
powerlaw: ΔAIC = 30.4877 ΔBIC = 30.4877
shifted_exp: ΔAIC = 776.577 ΔBIC = 776.577
",truncated,2.604420840740204,True,,truncated,2.604420840740204,1.7274282233425051,496.1936599612236,,0.029433192363567562,5707.051542632682,5711.776576274849,-2852.525771316341,833,True,,shifted_exp,2.604420840740204,0.05554657127281636,,,0.3293807970464203,6483.628791113106,6488.353824755272,-3240.814395556553,833,-776.5772484804238
/home/hpc/Desktop/resonant_swarm_runs/position_records/N500/kappa_1p5/okappa_2/pos_rep15_seed50000015.npz,500,1.5,2.0,15,50000015,com,-1,com,0.5511583447456362,0.39833909273147583,0.2795223593711853,2933,2933,True,,"Model comparison
----------------
truncated: xmin=2.89227, alpha=1.78245, xc=232.829, p=nan, KS=0.020856, loglik=-2735.46, AIC=5472.92, BIC=5477.64
powerlaw: xmin=2.89227, alpha=1.88362, xc=nan, p=nan, KS=0.042051, loglik=-2756.82, AIC=5515.63, BIC=5520.36
shifted_exp: xmin=2.89227, alpha=0.0707497, xc=nan, p=nan, KS=0.271995, loglik=-3031.99, AIC=6065.98, BIC=6070.71

ΔAIC / ΔBIC
truncated: ΔAIC = 0 ΔBIC = 0
powerlaw: ΔAIC = 42.7138 ΔBIC = 42.7138
shifted_exp: ΔAIC = 593.066 ΔBIC = 593.066
",truncated,2.8922714591026306,True,,truncated,2.8922714591026306,1.7824497202081717,232.82859510183334,,0.020855965173331326,5472.918693002632,5477.641322797487,-2735.459346501316,831,True,,shifted_exp,2.8922714591026306,0.07074969908698951,,,0.2719947376051922,6065.984826779046,6070.707456573901,-3031.992413389523,831,-593.0661337764141
/home/hpc/Desktop/resonant_swarm_runs/position_records/N500/kappa_1p5/okappa_2/pos_rep16_seed50000016.npz,500,1.5,2.0,16,50000016,com,-1,com,0.588257956504822,0.43069180846214294,0.3367801606655121,2631,2631,True,,"Model comparison
----------------
truncated: xmin=3.03715, alpha=1.81729, xc=953.39, p=nan, KS=0.0276984, loglik=-2741.42, AIC=5484.84, BIC=5489.52
powerlaw: xmin=3.03715, alpha=1.85418, xc=nan, p=nan, KS=0.0336231, loglik=-2747.96, AIC=5497.93, BIC=5502.61
shifted_exp: xmin=3.03715, alpha=0.0574559, xc=nan, p=nan, KS=0.309485, loglik=-3081.53, AIC=6165.07, BIC=6169.75

ΔAIC / ΔBIC
truncated: ΔAIC = 0 ΔBIC = 0
powerlaw: ΔAIC = 13.0857 ΔBIC = 13.0857
shifted_exp: ΔAIC = 680.226 ΔBIC = 680.226
",truncated,3.037148654460907,True,,truncated,3.037148654460907,1.817289009721532,953.3903046250343,,0.027698377315945377,5484.841144092068,5489.524505037834,-2741.420572046034,799,True,,shifted_exp,3.037148654460907,0.05745589177248923,,,0.30948516326962683,6165.066884804356,6169.750245750122,-3081.533442402178,799,-680.2257407122879
/home/hpc/Desktop/resonant_swarm_runs/position_records/N500/kappa_1p5/okappa_2/pos_rep17_seed50000017.npz,500,1.5,2.0,17,50000017,com,-1,com,0.5901419162750247,0.4276953637599945,0.31336838006973267,2523,2523,True,,"Model comparison
----------------
truncated: xmin=2.65795, alpha=1.70648, xc=326.506, p=nan, KS=0.0293291, loglik=-2779.23, AIC=5560.47, BIC=5565.17
powerlaw: xmin=2.65795, alpha=1.80054, xc=nan, p=nan, KS=0.0376303, loglik=-2800.74, AIC=5603.49, BIC=5608.19
shifted_exp: xmin=2.65795, alpha=0.057508, xc=nan, p=nan, KS=0.314404, loglik=-3130.94, AIC=6263.87, BIC=6268.57

ΔAIC / ΔBIC
truncated: ΔAIC = 0 ΔBIC = 0
powerlaw: ΔAIC = 43.0181 ΔBIC = 43.0181
shifted_exp: ΔAIC = 703.401 ΔBIC = 703.401
",truncated,2.657953441143036,True,,truncated,2.657953441143036,1.7064807259232022,326.5058878660202,,0.029329145019157177,5560.469714587422,5565.169214927583,-2779.234857293711,812,True,,shifted_exp,2.657953441143036,0.0575079589170478,,,0.31440416356299405,6263.871045889456,6268.570546229617,-3130.935522944728,812,-703.4013313020341
/home/hpc/Desktop/resonant_swarm_runs/position_records/N500/kappa_1p5/okappa_2/pos_rep18_seed50000018.npz,500,1.5,2.0,18,50000018,com,-1,com,0.5781604886054994,0.4168599843978882,0.3031540513038635,2677,2677,True,,"Model comparison
----------------
truncated: xmin=2.55134, alpha=1.75992, xc=269.706, p=nan, KS=0.0300987, loglik=-2934.26, AIC=5870.51, BIC=5875.32
powerlaw: xmin=2.55134, alpha=1.84968, xc=nan, p=nan, KS=0.0375894, loglik=-2955.35, AIC=5912.69, BIC=5917.5
shifted_exp: xmin=2.55134, alpha=0.0672418, xc=nan, p=nan, KS=0.322682, loglik=-3336.91, AIC=6675.83, BIC=6680.63

ΔAIC / ΔBIC
truncated: ΔAIC = 0 ΔBIC = 0
powerlaw: ΔAIC = 42.1836 ΔBIC = 42.1836
shifted_exp: ΔAIC = 805.316 ΔBIC = 805.316
",truncated,2.551341235637665,True,,truncated,2.551341235637665,1.7599191444936242,269.70576626062393,,0.030098671413295364,5870.511379323763,5875.315993843826,-2934.2556896618817,902,True,,shifted_exp,2.551341235637665,0.06724177275093698,,,0.32268159840563837,6675.826933693321,6680.631548213383,-3336.9134668466604,902,-805.3155543695575
/home/hpc/Desktop/resonant_swarm_runs/position_records/N500/kappa_1p5/okappa_2/pos_rep19_seed50000019.npz,500,1.5,2.0,19,50000019,com,-1,com,0.5922683238983154,0.43430230021476746,0.33660176396369934,2503,2503,True,,"Model comparison
----------------
truncated: xmin=3.05465, alpha=1.7951, xc=666.116, p=nan, KS=0.0201356, loglik=-2718.5, AIC=5439.01, BIC=5443.68
powerlaw: xmin=3.05465, alpha=1.84586, xc=nan, p=nan, KS=0.0309677, loglik=-2727.98, AIC=5457.96, BIC=5462.63
shifted_exp: xmin=3.05465, alpha=0.0549031, xc=nan, p=nan, KS=0.313589, loglik=-3071.02, AIC=6144.04, BIC=6148.71

ΔAIC / ΔBIC
truncated: ΔAIC = 0 ΔBIC = 0
powerlaw: ΔAIC = 18.956 ΔBIC = 18.956
shifted_exp: ΔAIC = 705.032 ΔBIC = 705.032
",truncated,3.0546533465385437,True,,truncated,3.0546533465385437,1.7950954501331333,666.1164195537567,,0.020135566847926778,5439.0089041654155,5443.677132413833,-2718.5044520827078,787,True,,shifted_exp,3.0546533465385437,0.054903082228304895,,,0.31358944782051246,6144.0404325951085,6148.708660843526,-3071.0202162975543,787,-705.031528429693
