path,N,percept_kappa,option_kappa,rep,seed,level,individual,kind,threshold,series_mean,series_std,flight_count,n_positive_flights,comparison_ok,comparison_error,comparison_summary,best_model,fixed_xmin_for_comparison,truncated_ok,truncated_error,truncated_model,truncated_xmin,truncated_alpha,truncated_xc,truncated_p_value,truncated_ks_D,truncated_aic,truncated_bic,truncated_loglik,truncated_n_used,shifted_exp_ok,shifted_exp_error,shifted_exp_model,shifted_exp_xmin,shifted_exp_alpha,shifted_exp_xc,shifted_exp_p_value,shifted_exp_ks_D,shifted_exp_aic,shifted_exp_bic,shifted_exp_loglik,shifted_exp_n_used,delta_aic_trunc_minus_exp
/home/hpc/Desktop/resonant_swarm_runs/position_records/N100/kappa_2p5/okappa_3/pos_rep00_seed10000000.npz,100,2.5,3.0,0,10000000,com,-1,com,0.7204056262969972,0.6262726187705994,0.7618880867958069,2610,2610,True,,"Model comparison
----------------
truncated: xmin=3.35485, alpha=1.63015, xc=1161.79, p=nan, KS=0.0192376, loglik=-2979.21, AIC=5960.42, BIC=5965.04
powerlaw: xmin=3.35485, alpha=1.69621, xc=nan, p=nan, KS=0.035338, loglik=-2994.61, AIC=5991.22, BIC=5995.84
shifted_exp: xmin=3.35485, alpha=0.0251524, xc=nan, p=nan, KS=0.372462, loglik=-3498.05, AIC=6998.11, BIC=7002.72

ΔAIC / ΔBIC
truncated: ΔAIC = 0 ΔBIC = 0
powerlaw: ΔAIC = 30.8018 ΔBIC = 30.8018
shifted_exp: ΔAIC = 1037.69 ΔBIC = 1037.69
",truncated,3.3548486828804016,True,,truncated,3.3548486828804016,1.630151795666826,1161.7918894290924,,0.01923763418303559,5960.420414948043,5965.036480133176,-2979.2102074740214,747,True,,shifted_exp,3.3548486828804016,0.02515235388819602,,,0.37246235398889516,6998.108866520849,7002.724931705982,-3498.0544332604245,747,-1037.6884515728061
/home/hpc/Desktop/resonant_swarm_runs/position_records/N100/kappa_2p5/okappa_3/pos_rep01_seed10000001.npz,100,2.5,3.0,1,10000001,com,-1,com,0.7547807931900029,0.6682870984077454,0.8253280520439148,2303,2303,True,,"Model comparison
----------------
truncated: xmin=3.41301, alpha=1.60472, xc=1140.94, p=nan, KS=0.0221402, loglik=-2928.94, AIC=5859.89, BIC=5864.47
powerlaw: xmin=3.41301, alpha=1.67778, xc=nan, p=nan, KS=0.042125, loglik=-2946.18, AIC=5894.37, BIC=5898.95
shifted_exp: xmin=3.41301, alpha=0.0215485, xc=nan, p=nan, KS=0.392737, loglik=-3482.96, AIC=6967.93, BIC=6972.51

ΔAIC / ΔBIC
truncated: ΔAIC = 0 ΔBIC = 0
powerlaw: ΔAIC = 34.4819 ΔBIC = 34.4819
shifted_exp: ΔAIC = 1108.04 ΔBIC = 1108.04
",truncated,3.413008749485016,True,,truncated,3.413008749485016,1.604717829908457,1140.9392341971397,,0.022140197690577623,5859.887502661237,5864.4667538732465,-2928.9437513306184,720,True,,shifted_exp,3.413008749485016,0.021548453002823018,,,0.3927373338090081,6967.929802046345,6972.5090532583545,-3482.9649010231724,720,-1108.042299385108
/home/hpc/Desktop/resonant_swarm_runs/position_records/N100/kappa_2p5/okappa_3/pos_rep02_seed10000002.npz,100,2.5,3.0,2,10000002,com,-1,com,0.7265912652015689,0.6248661875724792,0.7400766015052795,2763,2763,True,,"Model comparison
----------------
truncated: xmin=3.43365, alpha=1.67437, xc=1092.17, p=nan, KS=0.0212668, loglik=-2973.95, AIC=5949.9, BIC=5954.54
powerlaw: xmin=3.43365, alpha=1.73416, xc=nan, p=nan, KS=0.0270236, loglik=-2987.13, AIC=5976.26, BIC=5980.9
shifted_exp: xmin=3.43365, alpha=0.0269121, xc=nan, p=nan, KS=0.394947, loglik=-3530.61, AIC=7063.22, BIC=7067.86

ΔAIC / ΔBIC
truncated: ΔAIC = 0 ΔBIC = 0
powerlaw: ΔAIC = 26.3684 ΔBIC = 26.3684
shifted_exp: ΔAIC = 1113.33 ΔBIC = 1113.33
",truncated,3.4336530566215515,True,,truncated,3.4336530566215515,1.6743665792329823,1092.1741631031036,,0.021266841623198696,5949.896416859767,5954.536292693593,-2973.9482084298834,765,True,,shifted_exp,3.4336530566215515,0.026912145402461465,,,0.3949469530565639,7063.221716250272,7067.861592084098,-3530.610858125136,765,-1113.3252993905053
/home/hpc/Desktop/resonant_swarm_runs/position_records/N100/kappa_2p5/okappa_3/pos_rep03_seed10000003.npz,100,2.5,3.0,3,10000003,com,-1,com,0.7029214859008789,0.5825017094612122,0.6626837849617004,2943,2943,True,,"Model comparison
----------------
truncated: xmin=2.88611, alpha=1.72947, xc=1027.46, p=nan, KS=0.0207769, loglik=-3565.39, AIC=7132.79, BIC=7137.69
powerlaw: xmin=2.88611, alpha=1.77588, xc=nan, p=nan, KS=0.0346201, loglik=-3577.31, AIC=7156.61, BIC=7161.51
shifted_exp: xmin=2.88611, alpha=0.0396779, xc=nan, p=nan, KS=0.351781, loglik=-4197.37, AIC=8396.74, BIC=8401.64

ΔAIC / ΔBIC
truncated: ΔAIC = 0 ΔBIC = 0
powerlaw: ΔAIC = 23.8269 ΔBIC = 23.8269
shifted_exp: ΔAIC = 1263.96 ΔBIC = 1263.96
",truncated,2.886113226413727,True,,truncated,2.886113226413727,1.729470095797678,1027.457233428955,,0.02077689730097157,7132.787334549952,7137.688065213997,-3565.393667274976,993,True,,shifted_exp,2.886113226413727,0.03967793085924991,,,0.3517810779460663,8396.742845208119,8401.643575872164,-4197.371422604059,993,-1263.9555106581665
/home/hpc/Desktop/resonant_swarm_runs/position_records/N100/kappa_2p5/okappa_3/pos_rep04_seed10000004.npz,100,2.5,3.0,4,10000004,com,-1,com,0.7548780918121338,0.6539078950881958,0.7886363863945007,2289,2289,True,,"Model comparison
----------------
truncated: xmin=5.54086, alpha=1.58071, xc=1213.65, p=nan, KS=0.0178013, loglik=-2385.25, AIC=4772.5, BIC=4776.76
powerlaw: xmin=5.54086, alpha=1.67772, xc=nan, p=nan, KS=0.0471263, loglik=-2402.77, AIC=4807.55, BIC=4811.81
shifted_exp: xmin=5.54086, alpha=0.0171026, xc=nan, p=nan, KS=0.338553, loglik=-2660.98, AIC=5323.95, BIC=5328.21

ΔAIC / ΔBIC
truncated: ΔAIC = 0 ΔBIC = 0
powerlaw: ΔAIC = 35.0497 ΔBIC = 35.0497
shifted_exp: ΔAIC = 551.451 ΔBIC = 551.451
",truncated,5.540857017040253,True,,truncated,5.540857017040253,1.58071378320411,1213.64881503582,,0.01780125110522579,4772.499551286223,4776.7629495488145,-2385.2497756431117,525,True,,shifted_exp,5.540857017040253,0.017102601327828957,,,0.33855272325566765,5323.950937739271,5328.214336001862,-2660.9754688696353,525,-551.4513864530472
/home/hpc/Desktop/resonant_swarm_runs/position_records/N100/kappa_2p5/okappa_3/pos_rep05_seed10000005.npz,100,2.5,3.0,5,10000005,com,-1,com,0.7046195507049561,0.5887842178344727,0.6741846203804016,2887,2887,True,,"Model comparison
----------------
truncated: xmin=2.94842, alpha=1.73825, xc=927.015, p=nan, KS=0.0190645, loglik=-3461.41, AIC=6924.83, BIC=6929.7
powerlaw: xmin=2.94842, alpha=1.78681, xc=nan, p=nan, KS=0.0255404, loglik=-3473.45, AIC=6948.9, BIC=6953.77
shifted_exp: xmin=2.94842, alpha=0.0375964, xc=nan, p=nan, KS=0.384108, loglik=-4139.58, AIC=8281.16, BIC=8286.03

ΔAIC / ΔBIC
truncated: ΔAIC = 0 ΔBIC = 0
powerlaw: ΔAIC = 24.0704 ΔBIC = 24.0704
shifted_exp: ΔAIC = 1356.33 ΔBIC = 1356.33
",truncated,2.948419988155365,True,,truncated,2.948419988155365,1.738253049483648,927.0150119066238,,0.01906445630064635,6924.825345363846,6929.699543859299,-3461.412672681923,967,True,,shifted_exp,2.948419988155365,0.03759640644458105,,,0.3841080411367669,8281.157723647464,8286.031922142918,-4139.578861823732,967,-1356.3323782836178
/home/hpc/Desktop/resonant_swarm_runs/position_records/N100/kappa_2p5/okappa_3/pos_rep06_seed10000006.npz,100,2.5,3.0,6,10000006,com,-1,com,0.7082375407218935,0.6049450635910034,0.7154834866523743,2792,2792,True,,"Model comparison
----------------
truncated: xmin=3.31211, alpha=1.68838, xc=1324.18, p=nan, KS=0.0234461, loglik=-3107.39, AIC=6216.78, BIC=6221.47
powerlaw: xmin=3.31211, alpha=1.73847, xc=nan, p=nan, KS=0.0398143, loglik=-3118.64, AIC=6239.27, BIC=6243.97
shifted_exp: xmin=3.31211, alpha=0.0296299, xc=nan, p=nan, KS=0.375331, loglik=-3655.85, AIC=7313.7, BIC=7318.39

ΔAIC / ΔBIC
truncated: ΔAIC = 0 ΔBIC = 0
powerlaw: ΔAIC = 22.4924 ΔBIC = 22.4924
shifted_exp: ΔAIC = 1096.92 ΔBIC = 1096.92
",truncated,3.3121113181114197,True,,truncated,3.3121113181114197,1.6883844698099677,1324.1846706867218,,0.023446074881935064,6216.778235943637,6221.474034860696,-3107.3891179718185,809,True,,shifted_exp,3.3121113181114197,0.029629852876233053,,,0.3753309278003355,7313.698124328426,7318.393923245485,-3655.849062164213,809,-1096.9198883847894
/home/hpc/Desktop/resonant_swarm_runs/position_records/N100/kappa_2p5/okappa_3/pos_rep07_seed10000007.npz,100,2.5,3.0,7,10000007,com,-1,com,0.7277383685112,0.6348947882652283,0.7680560350418091,2674,2674,True,,"Model comparison
----------------
truncated: xmin=3.08568, alpha=1.7307, xc=1474.43, p=nan, KS=0.0184442, loglik=-3226.48, AIC=6454.97, BIC=6459.75
powerlaw: xmin=3.08568, alpha=1.76935, xc=nan, p=nan, KS=0.0246009, loglik=-3235.06, AIC=6472.12, BIC=6476.9
shifted_exp: xmin=3.08568, alpha=0.0294572, xc=nan, p=nan, KS=0.410745, loglik=-3968.26, AIC=7938.53, BIC=7943.31

ΔAIC / ΔBIC
truncated: ΔAIC = 0 ΔBIC = 0
powerlaw: ΔAIC = 17.1493 ΔBIC = 17.1493
shifted_exp: ΔAIC = 1483.56 ΔBIC = 1483.56
",truncated,3.085675001144409,True,,truncated,3.085675001144409,1.730698141353879,1474.4317835569382,,0.018444229791981626,6454.969283273268,6459.745790265641,-3226.484641636634,877,True,,shifted_exp,3.085675001144409,0.029457199378893278,,,0.41074503647243166,7938.528908686018,7943.305415678391,-3968.264454343009,877,-1483.5596254127504
/home/hpc/Desktop/resonant_swarm_runs/position_records/N100/kappa_2p5/okappa_3/pos_rep08_seed10000008.npz,100,2.5,3.0,8,10000008,com,-1,com,0.7328164100646973,0.6273010969161987,0.7460879683494568,2454,2454,True,,"Model comparison
----------------
truncated: xmin=2.96444, alpha=1.65784, xc=1576.95, p=nan, KS=0.0239501, loglik=-3317, AIC=6636, BIC=6640.76
powerlaw: xmin=2.96444, alpha=1.7055, xc=nan, p=nan, KS=0.036222, loglik=-3328.96, AIC=6659.91, BIC=6664.67
shifted_exp: xmin=2.96444, alpha=0.029007, xc=nan, p=nan, KS=0.388109, loglik=-3922.75, AIC=7847.5, BIC=7852.26

ΔAIC / ΔBIC
truncated: ΔAIC = 0 ΔBIC = 0
powerlaw: ΔAIC = 23.9154 ΔBIC = 23.9154
shifted_exp: ΔAIC = 1211.5 ΔBIC = 1211.5
",truncated,2.9644423127174377,True,,truncated,2.9644423127174377,1.6578384077989614,1576.95354783535,,0.02395009895425082,6635.997385594446,6640.758958363251,-3316.998692797223,864,True,,shifted_exp,2.9644423127174377,0.02900702082827097,,,0.38810947637244797,7847.495633970482,7852.257206739287,-3922.747816985241,864,-1211.498248376036
/home/hpc/Desktop/resonant_swarm_runs/position_records/N100/kappa_2p5/okappa_3/pos_rep09_seed10000009.npz,100,2.5,3.0,9,10000009,com,-1,com,0.7796569824218754,0.6857296824455261,0.839767575263977,2163,2163,True,,"Model comparison
----------------
truncated: xmin=3.81702, alpha=1.58268, xc=1247.64, p=nan, KS=0.014484, loglik=-2816.77, AIC=5635.54, BIC=5640.04
powerlaw: xmin=3.81702, alpha=1.66192, xc=nan, p=nan, KS=0.0383214, loglik=-2834.77, AIC=5671.55, BIC=5676.05
shifted_exp: xmin=3.81702, alpha=0.0194139, xc=nan, p=nan, KS=0.382011, loglik=-3286.27, AIC=6574.55, BIC=6579.05

ΔAIC / ΔBIC
truncated: ΔAIC = 0 ΔBIC = 0
powerlaw: ΔAIC = 36.0128 ΔBIC = 36.0128
shifted_exp: ΔAIC = 939.013 ΔBIC = 939.013
",truncated,3.817021369934082,True,,truncated,3.817021369934082,1.5826836434759055,1247.6350759267807,,0.014483951796557037,5635.536311826751,5640.036098867407,-2816.7681559133757,665,True,,shifted_exp,3.817021369934082,0.01941389275441376,,,0.3820108173666067,6574.54924263235,6579.049029673006,-3286.274621316175,665,-939.0129308055984
/home/hpc/Desktop/resonant_swarm_runs/position_records/N100/kappa_2p5/okappa_3/pos_rep10_seed10000010.npz,100,2.5,3.0,10,10000010,com,-1,com,0.7255646347999575,0.6296800971031189,0.7642889618873596,2491,2491,True,,"Model comparison
----------------
truncated: xmin=3.83152, alpha=1.6683, xc=1106.41, p=nan, KS=0.019326, loglik=-2944.26, AIC=5890.52, BIC=5895.12
powerlaw: xmin=3.83152, alpha=1.73267, xc=nan, p=nan, KS=0.0272595, loglik=-2958.12, AIC=5918.25, BIC=5922.85
shifted_exp: xmin=3.83152, alpha=0.0250485, xc=nan, p=nan, KS=0.384794, loglik=-3449.59, AIC=6901.18, BIC=6905.78

ΔAIC / ΔBIC
truncated: ΔAIC = 0 ΔBIC = 0
powerlaw: ΔAIC = 27.7299 ΔBIC = 27.7299
shifted_exp: ΔAIC = 1010.66 ΔBIC = 1010.66
",truncated,3.831520736217499,True,,truncated,3.831520736217499,1.6682962895286892,1106.4078466892242,,0.019325997093782465,5890.516916951874,5895.118147070603,-2944.258458475937,736,True,,shifted_exp,3.831520736217499,0.025048473856977168,,,0.38479396287720513,6901.179179209496,6905.780409328226,-3449.589589604748,736,-1010.6622622576224
/home/hpc/Desktop/resonant_swarm_runs/position_records/N100/kappa_2p5/okappa_3/pos_rep11_seed10000011.npz,100,2.5,3.0,11,10000011,com,-1,com,0.7136358857154849,0.6129887700080872,0.7233672738075256,2753,2753,True,,"Model comparison
----------------
truncated: xmin=2.41081, alpha=1.69484, xc=1343.13, p=nan, KS=0.0339972, loglik=-3557.9, AIC=7117.8, BIC=7122.71
powerlaw: xmin=2.41081, alpha=1.73526, xc=nan, p=nan, KS=0.0436759, loglik=-3568.83, AIC=7139.67, BIC=7144.58
shifted_exp: xmin=2.41081, alpha=0.0351676, xc=nan, p=nan, KS=0.400166, loglik=-4373.71, AIC=8749.43, BIC=8754.34

ΔAIC / ΔBIC
truncated: ΔAIC = 0 ΔBIC = 0
powerlaw: ΔAIC = 21.8653 ΔBIC = 21.8653
shifted_exp: ΔAIC = 1631.63 ΔBIC = 1631.63
",truncated,2.410809874534607,True,,truncated,2.410809874534607,1.6948389927954237,1343.1332763433456,,0.03399715378910642,7117.799741114394,7122.713478465054,-3557.899870557197,1006,True,,shifted_exp,2.410809874534607,0.03516763847257706,,,0.40016635284915414,8749.429509419206,8754.343246769866,-4373.714754709603,1006,-1631.6297683048115
/home/hpc/Desktop/resonant_swarm_runs/position_records/N100/kappa_2p5/okappa_3/pos_rep12_seed10000012.npz,100,2.5,3.0,12,10000012,com,-1,com,0.706184458732605,0.5955196022987366,0.7036476135253906,2996,2996,True,,"Model comparison
----------------
truncated: xmin=3.28616, alpha=1.74282, xc=1090.97, p=nan, KS=0.016417, loglik=-3317.73, AIC=6637.47, BIC=6642.27
powerlaw: xmin=3.28616, alpha=1.78905, xc=nan, p=nan, KS=0.0300992, loglik=-3328.28, AIC=6658.56, BIC=6663.37
shifted_exp: xmin=3.28616, alpha=0.0348459, xc=nan, p=nan, KS=0.358603, loglik=-3925.49, AIC=7852.99, BIC=7857.79

ΔAIC / ΔBIC
truncated: ΔAIC = 0 ΔBIC = 0
powerlaw: ΔAIC = 21.0992 ΔBIC = 21.0992
shifted_exp: ΔAIC = 1215.52 ΔBIC = 1215.52
",truncated,3.2861573696136475,True,,truncated,3.2861573696136475,1.7428226766808101,1090.97122746706,,0.016416962994690087,6637.465418159782,6642.26892341739,-3317.732709079891,901,True,,shifted_exp,3.2861573696136475,0.034845925354061676,,,0.35860328412700504,7852.987960806923,7857.791466064532,-3925.4939804034616,901,-1215.5225426471416
/home/hpc/Desktop/resonant_swarm_runs/position_records/N100/kappa_2p5/okappa_3/pos_rep13_seed10000013.npz,100,2.5,3.0,13,10000013,com,-1,com,0.7551542401313782,0.6473855972290039,0.7688538432121277,2336,2336,True,,"Model comparison
----------------
truncated: xmin=3.43484, alpha=1.64047, xc=1447.27, p=nan, KS=0.0251069, loglik=-3030.62, AIC=6063.23, BIC=6067.86
powerlaw: xmin=3.43484, alpha=1.69799, xc=nan, p=nan, KS=0.0426737, loglik=-3043.82, AIC=6089.65, BIC=6094.28
shifted_exp: xmin=3.43484, alpha=0.0244612, xc=nan, p=nan, KS=0.365619, loglik=-3561.27, AIC=7124.53, BIC=7129.16

ΔAIC / ΔBIC
truncated: ΔAIC = 0 ΔBIC = 0
powerlaw: ΔAIC = 26.4162 ΔBIC = 26.4162
shifted_exp: ΔAIC = 1061.3 ΔBIC = 1061.3
",truncated,3.434842109680176,True,,truncated,3.434842109680176,1.64047212424545,1447.2721182703972,,0.02510694150104753,6063.231340434497,6067.8593818106765,-3030.6156702172484,756,True,,shifted_exp,3.434842109680176,0.02446117108059647,,,0.3656185570411785,7124.5304280109785,7129.158469387158,-3561.2652140054893,756,-1061.2990875764817
/home/hpc/Desktop/resonant_swarm_runs/position_records/N100/kappa_2p5/okappa_3/pos_rep14_seed10000014.npz,100,2.5,3.0,14,10000014,com,-1,com,0.767138159275055,0.6695071458816528,0.807986319065094,2270,2270,True,,"Model comparison
----------------
truncated: xmin=2.62695, alpha=1.60651, xc=1672.89, p=nan, KS=0.0281883, loglik=-3305.01, AIC=6612.02, BIC=6616.76
powerlaw: xmin=2.62695, alpha=1.65896, xc=nan, p=nan, KS=0.0405644, loglik=-3319.29, AIC=6640.57, BIC=6645.32
shifted_exp: xmin=2.62695, alpha=0.025275, xc=nan, p=nan, KS=0.394863, loglik=-3980.93, AIC=7963.85, BIC=7968.6

ΔAIC / ΔBIC
truncated: ΔAIC = 0 ΔBIC = 0
powerlaw: ΔAIC = 28.5537 ΔBIC = 28.5537
shifted_exp: ΔAIC = 1351.83 ΔBIC = 1351.83
",truncated,2.626952290534973,True,,truncated,2.626952290534973,1.6065083112988825,1672.8904849886894,,0.028188326447809373,6612.017049533701,6616.763461662274,-3305.0085247668503,851,True,,shifted_exp,2.626952290534973,0.02527501732044478,,,0.39486255457655783,7963.851886611001,7968.598298739574,-3980.9259433055004,851,-1351.8348370773
/home/hpc/Desktop/resonant_swarm_runs/position_records/N100/kappa_2p5/okappa_3/pos_rep15_seed10000015.npz,100,2.5,3.0,15,10000015,com,-1,com,0.7247223496437073,0.6230944991111755,0.7463113069534302,2659,2659,True,,"Model comparison
----------------
truncated: xmin=3.36654, alpha=1.70067, xc=1342.57, p=nan, KS=0.0155924, loglik=-3079.88, AIC=6161.77, BIC=6166.46
powerlaw: xmin=3.36654, alpha=1.7487, xc=nan, p=nan, KS=0.0311704, loglik=-3090.37, AIC=6182.73, BIC=6187.42
shifted_exp: xmin=3.36654, alpha=0.027978, xc=nan, p=nan, KS=0.386132, loglik=-3683.95, AIC=7369.9, BIC=7374.59

ΔAIC / ΔBIC
truncated: ΔAIC = 0 ΔBIC = 0
powerlaw: ΔAIC = 20.9645 ΔBIC = 20.9645
shifted_exp: ΔAIC = 1208.13 ΔBIC = 1208.13
",truncated,3.3665380477905273,True,,truncated,3.3665380477905273,1.7006731814899692,1342.5697315335274,,0.015592364122851643,6161.766451028976,6166.457293306395,-3079.883225514488,805,True,,shifted_exp,3.3665380477905273,0.02797804983164071,,,0.38613215579395166,7369.899367434036,7374.590209711455,-3683.949683717018,805,-1208.1329164050603
/home/hpc/Desktop/resonant_swarm_runs/position_records/N100/kappa_2p5/okappa_3/pos_rep16_seed10000016.npz,100,2.5,3.0,16,10000016,com,-1,com,0.7606904029846194,0.6695734858512878,0.816009521484375,2268,2268,True,,"Model comparison
----------------
truncated: xmin=3.11039, alpha=1.6067, xc=2068.73, p=nan, KS=0.0231398, loglik=-3022.29, AIC=6046.59, BIC=6051.2
powerlaw: xmin=3.11039, alpha=1.65798, xc=nan, p=nan, KS=0.0409011, loglik=-3034.49, AIC=6070.97, BIC=6075.59
shifted_exp: xmin=3.11039, alpha=0.0221, xc=nan, p=nan, KS=0.387572, loglik=-3585.07, AIC=7172.15, BIC=7176.76

ΔAIC / ΔBIC
truncated: ΔAIC = 0 ΔBIC = 0
powerlaw: ΔAIC = 24.3849 ΔBIC = 24.3849
shifted_exp: ΔAIC = 1125.56 ΔBIC = 1125.56
",truncated,3.1103919744491577,True,,truncated,3.1103919744491577,1.6066989083804883,2068.7295314073563,,0.02313980240195479,6046.586845203336,6051.200229421716,-3022.293422601668,745,True,,shifted_exp,3.1103919744491577,0.02209995520539452,,,0.3875717555759638,7172.147749074908,7176.7611332932875,-3585.073874537454,745,-1125.560903871571
/home/hpc/Desktop/resonant_swarm_runs/position_records/N100/kappa_2p5/okappa_3/pos_rep17_seed10000017.npz,100,2.5,3.0,17,10000017,com,-1,com,0.7001910090446474,0.5885004997253418,0.6786935329437256,2887,2887,True,,"Model comparison
----------------
truncated: xmin=2.85752, alpha=1.73474, xc=1320.28, p=nan, KS=0.0284057, loglik=-3503.4, AIC=7008.79, BIC=7013.68
powerlaw: xmin=2.85752, alpha=1.7736, xc=nan, p=nan, KS=0.0364387, loglik=-3512.94, AIC=7027.88, BIC=7032.76
shifted_exp: xmin=2.85752, alpha=0.0377489, xc=nan, p=nan, KS=0.366657, loglik=-4174.15, AIC=8350.31, BIC=8355.19

ΔAIC / ΔBIC
truncated: ΔAIC = 0 ΔBIC = 0
powerlaw: ΔAIC = 19.081 ΔBIC = 19.081
shifted_exp: ΔAIC = 1341.52 ΔBIC = 1341.52
",truncated,2.8575212955474854,True,,truncated,2.8575212955474854,1.7347392953680136,1320.2826565504074,,0.02840565169844106,7008.79453208037,7013.677994666783,-3503.397266040185,976,True,,shifted_exp,2.8575212955474854,0.03774893244485462,,,0.3666573744176632,8350.309858588871,8355.193321175284,-4174.1549292944355,976,-1341.515326508501
/home/hpc/Desktop/resonant_swarm_runs/position_records/N100/kappa_2p5/okappa_3/pos_rep18_seed10000018.npz,100,2.5,3.0,18,10000018,com,-1,com,0.7359835743904117,0.6492727994918823,0.7901758551597595,2444,2444,True,,"Model comparison
----------------
truncated: xmin=4.61763, alpha=1.61768, xc=1439.39, p=nan, KS=0.0154832, loglik=-2487.31, AIC=4976.62, BIC=4980.98
powerlaw: xmin=4.61763, alpha=1.69033, xc=nan, p=nan, KS=0.0362941, loglik=-2500.7, AIC=5003.4, BIC=5007.75
shifted_exp: xmin=4.61763, alpha=0.018666, xc=nan, p=nan, KS=0.366595, loglik=-2864.11, AIC=5730.21, BIC=5734.57

ΔAIC / ΔBIC
truncated: ΔAIC = 0 ΔBIC = 0
powerlaw: ΔAIC = 26.7727 ΔBIC = 26.7727
shifted_exp: ΔAIC = 753.589 ΔBIC = 753.589
",truncated,4.617627918720245,True,,truncated,4.617627918720245,1.6176815796253203,1439.390868484974,,0.015483174462649185,4976.62239438351,4980.9767644243075,-2487.311197191755,575,True,,shifted_exp,4.617627918720245,0.018665962358030395,,,0.3665946861105337,5730.211649713731,5734.5660197545285,-2864.1058248568656,575,-753.589255330221
/home/hpc/Desktop/resonant_swarm_runs/position_records/N100/kappa_2p5/okappa_3/pos_rep19_seed10000019.npz,100,2.5,3.0,19,10000019,com,-1,com,0.7077741384506226,0.620924174785614,0.7559823989868164,2676,2676,True,,"Model comparison
----------------
truncated: xmin=3.40282, alpha=1.67118, xc=969.906, p=nan, KS=0.020253, loglik=-2924.08, AIC=5850.17, BIC=5854.79
powerlaw: xmin=3.40282, alpha=1.73542, xc=nan, p=nan, KS=0.0319671, loglik=-2938.21, AIC=5878.42, BIC=5883.05
shifted_exp: xmin=3.40282, alpha=0.0259939, xc=nan, p=nan, KS=0.392464, loglik=-3510.67, AIC=7023.34, BIC=7027.97

ΔAIC / ΔBIC
truncated: ΔAIC = 0 ΔBIC = 0
powerlaw: ΔAIC = 28.2537 ΔBIC = 28.2537
shifted_exp: ΔAIC = 1173.17 ΔBIC = 1173.17
",truncated,3.4028191566467285,True,,truncated,3.4028191566467285,1.6711799731774932,969.9058707952499,,0.020252958142504496,5850.167356154242,5854.794073903491,-2924.083678077121,755,True,,shifted_exp,3.4028191566467285,0.025993850819024947,,,0.3924635504686589,7023.3418665990575,7027.968584348307,-3510.6709332995288,755,-1173.1745104448155
/home/hpc/Desktop/resonant_swarm_runs/position_records/N200/kappa_2p5/okappa_3/pos_rep00_seed20000000.npz,200,2.5,3.0,0,20000000,com,-1,com,0.45853403806686416,0.361205130815506,0.38157761096954346,3890,3890,True,,"Model comparison
----------------
truncated: xmin=2.43534, alpha=1.95237, xc=955.413, p=nan, KS=0.0178618, loglik=-2654.22, AIC=5310.45, BIC=5315.25
powerlaw: xmin=2.43534, alpha=1.97115, xc=nan, p=nan, KS=0.0166332, loglik=-2657.11, AIC=5316.22, BIC=5321.03
shifted_exp: xmin=2.43534, alpha=0.0755269, xc=nan, p=nan, KS=0.353596, loglik=-3228.52, AIC=6459.05, BIC=6463.85

ΔAIC / ΔBIC
truncated: ΔAIC = 0 ΔBIC = 0
powerlaw: ΔAIC = 5.77365 ΔBIC = 5.77365
shifted_exp: ΔAIC = 1148.6 ΔBIC = 1148.6
",truncated,2.4353406131267548,True,,truncated,2.4353406131267548,1.9523744964716685,955.4131202697754,,0.01786177207774564,5310.44814926183,5315.2516545194385,-2654.224074630915,901,True,,shifted_exp,2.4353406131267548,0.075526924234352,,,0.35359618351699396,6459.045465208732,6463.848970466341,-3228.522732604366,901,-1148.5973159469022
/home/hpc/Desktop/resonant_swarm_runs/position_records/N200/kappa_2p5/okappa_3/pos_rep01_seed20000001.npz,200,2.5,3.0,1,20000001,com,-1,com,0.44463965892791757,0.33115828037261963,0.2912787199020386,4306,4306,True,,"Model comparison
----------------
truncated: xmin=3.59357, alpha=2.09105, xc=436.238, p=nan, KS=0.016708, loglik=-2046.24, AIC=4094.48, BIC=4098.99
powerlaw: xmin=3.59357, alpha=2.12249, xc=nan, p=nan, KS=0.0236492, loglik=-2049.55, AIC=4101.1, BIC=4105.61
shifted_exp: xmin=3.59357, alpha=0.085878, xc=nan, p=nan, KS=0.270084, loglik=-2318.19, AIC=4638.38, BIC=4642.89

ΔAIC / ΔBIC
truncated: ΔAIC = 0 ΔBIC = 0
powerlaw: ΔAIC = 6.62409 ΔBIC = 6.62409
shifted_exp: ΔAIC = 543.901 ΔBIC = 543.901
",truncated,3.5935686826705933,True,,truncated,3.5935686826705933,2.0910460744964112,436.23816019296646,,0.016708014018564366,4094.4774203202705,4098.986189457242,-2046.2387101601353,671,True,,shifted_exp,3.5935686826705933,0.08587798795121677,,,0.270083631220323,4638.37882017296,4642.887589309932,-2318.18941008648,671,-543.9013998526898
/home/hpc/Desktop/resonant_swarm_runs/position_records/N200/kappa_2p5/okappa_3/pos_rep02_seed20000002.npz,200,2.5,3.0,2,20000002,com,-1,com,0.4505028426647187,0.3429481089115143,0.3321433663368225,4171,4171,True,,"Model comparison
----------------
truncated: xmin=2.39775, alpha=2.00995, xc=665.353, p=nan, KS=0.0154799, loglik=-2677.69, AIC=5357.39, BIC=5362.24
powerlaw: xmin=2.39775, alpha=2.02996, xc=nan, p=nan, KS=0.0197446, loglik=-2680.76, AIC=5363.52, BIC=5368.38
shifted_exp: xmin=2.39775, alpha=0.0958644, xc=nan, p=nan, KS=0.316357, loglik=-3184.27, AIC=6370.54, BIC=6375.4

ΔAIC / ΔBIC
truncated: ΔAIC = 0 ΔBIC = 0
powerlaw: ΔAIC = 6.13505 ΔBIC = 6.13505
shifted_exp: ΔAIC = 1013.15 ΔBIC = 1013.15
",truncated,2.397749274969101,True,,truncated,2.397749274969101,2.0099493161120363,665.3526150584221,,0.015479874396647109,5357.386212165899,5362.244777200691,-2677.6931060829497,952,True,,shifted_exp,2.397749274969101,0.09586438026623204,,,0.316357085550681,6370.538787746521,6375.397352781312,-3184.2693938732605,952,-1013.1525755806215
/home/hpc/Desktop/resonant_swarm_runs/position_records/N200/kappa_2p5/okappa_3/pos_rep03_seed20000003.npz,200,2.5,3.0,3,20000003,com,-1,com,0.45156764984130887,0.35556337237358093,0.3850412368774414,3995,3995,True,,"Model comparison
----------------
truncated: xmin=2.51881, alpha=1.97884, xc=795.312, p=nan, KS=0.015944, loglik=-2568.72, AIC=5139.44, BIC=5144.22
powerlaw: xmin=2.51881, alpha=1.99904, xc=nan, p=nan, KS=0.0188065, loglik=-2571.69, AIC=5145.38, BIC=5150.16
shifted_exp: xmin=2.51881, alpha=0.0766849, xc=nan, p=nan, KS=0.355754, loglik=-3136.32, AIC=6274.63, BIC=6279.41

ΔAIC / ΔBIC
truncated: ΔAIC = 0 ΔBIC = 0
powerlaw: ΔAIC = 5.93558 ΔBIC = 5.93558
shifted_exp: ΔAIC = 1135.19 ΔBIC = 1135.19
",truncated,2.518807351589203,True,,truncated,2.518807351589203,1.97884010558439,795.3121433854103,,0.01594396047712565,5139.4429358583375,5144.2217207560225,-2568.7214679291687,879,True,,shifted_exp,2.518807351589203,0.07668489002264697,,,0.3557538514873543,6274.632939021402,6279.411723919087,-3136.316469510701,879,-1135.1900031630648
/home/hpc/Desktop/resonant_swarm_runs/position_records/N200/kappa_2p5/okappa_3/pos_rep04_seed20000004.npz,200,2.5,3.0,4,20000004,com,-1,com,0.45583205819129946,0.35050952434539795,0.3548511266708374,3987,3987,True,,"Model comparison
----------------
truncated: xmin=2.47874, alpha=1.995, xc=852.833, p=nan, KS=0.0218615, loglik=-2686.87, AIC=5375.74, BIC=5380.57
powerlaw: xmin=2.47874, alpha=2.01266, xc=nan, p=nan, KS=0.0265427, loglik=-2689.52, AIC=5381.04, BIC=5385.88
shifted_exp: xmin=2.47874, alpha=0.0875117, xc=nan, p=nan, KS=0.319221, loglik=-3205.77, AIC=6413.54, BIC=6418.38

ΔAIC / ΔBIC
truncated: ΔAIC = 0 ΔBIC = 0
powerlaw: ΔAIC = 5.30536 ΔBIC = 5.30536
shifted_exp: ΔAIC = 1037.81 ΔBIC = 1037.81
",truncated,2.478735566139221,True,,truncated,2.478735566139221,1.9949987368991533,852.8328574895859,,0.021861536927588965,5375.736414576938,5380.574819777786,-2686.868207288469,933,True,,shifted_exp,2.478735566139221,0.08751172449554911,,,0.31922094642282284,6413.543345672034,6418.381750872882,-3205.771672836017,933,-1037.806931095096
/home/hpc/Desktop/resonant_swarm_runs/position_records/N200/kappa_2p5/okappa_3/pos_rep05_seed20000005.npz,200,2.5,3.0,5,20000005,com,-1,com,0.4448321223258973,0.3485991060733795,0.38075169920921326,3961,3961,True,,"Model comparison
----------------
truncated: xmin=3.40018, alpha=1.98641, xc=691.819, p=nan, KS=0.021163, loglik=-2121.29, AIC=4244.58, BIC=4249.08
powerlaw: xmin=3.40018, alpha=2.01467, xc=nan, p=nan, KS=0.0261829, loglik=-2124.55, AIC=4251.1, BIC=4255.6
shifted_exp: xmin=3.40018, alpha=0.0637749, xc=nan, p=nan, KS=0.328355, loglik=-2495.34, AIC=4992.69, BIC=4997.19

ΔAIC / ΔBIC
truncated: ΔAIC = 0 ΔBIC = 0
powerlaw: ΔAIC = 6.51954 ΔBIC = 6.51954
shifted_exp: ΔAIC = 748.103 ΔBIC = 748.103
",truncated,3.400180757045746,True,,truncated,3.400180757045746,1.986411101651741,691.8185447156429,,0.021163032076240262,4244.5826221378065,4249.0824091784625,-2121.2913110689033,665,True,,shifted_exp,3.400180757045746,0.0637749134768134,,,0.32835514135212673,4992.68584429397,4997.185631334626,-2495.342922146985,665,-748.1032221561636
/home/hpc/Desktop/resonant_swarm_runs/position_records/N200/kappa_2p5/okappa_3/pos_rep06_seed20000006.npz,200,2.5,3.0,6,20000006,com,-1,com,0.45333660840988177,0.3500688076019287,0.3605327308177948,3830,3830,True,,"Model comparison
----------------
truncated: xmin=2.63798, alpha=1.9664, xc=586.193, p=nan, KS=0.0136313, loglik=-2580.1, AIC=5162.2, BIC=5166.96
powerlaw: xmin=2.63798, alpha=1.99458, xc=nan, p=nan, KS=0.0200252, loglik=-2584.44, AIC=5170.87, BIC=5175.64
shifted_exp: xmin=2.63798, alpha=0.0796249, xc=nan, p=nan, KS=0.316091, loglik=-3060.88, AIC=6123.76, BIC=6128.53

ΔAIC / ΔBIC
truncated: ΔAIC = 0 ΔBIC = 0
powerlaw: ΔAIC = 8.67272 ΔBIC = 8.67272
shifted_exp: ΔAIC = 961.564 ΔBIC = 961.564
",truncated,2.637975424528122,True,,truncated,2.637975424528122,1.9664026503585141,586.1931792199612,,0.013631288798851227,5162.198867233778,5166.963906210559,-2580.099433616889,867,True,,shifted_exp,2.637975424528122,0.0796249171076892,,,0.31609148858102876,6123.762509419158,6128.5275483959385,-3060.881254709579,867,-961.5636421853796
/home/hpc/Desktop/resonant_swarm_runs/position_records/N200/kappa_2p5/okappa_3/pos_rep07_seed20000007.npz,200,2.5,3.0,7,20000007,com,-1,com,0.4534946739673615,0.34386008977890015,0.3150561451911926,3948,3948,True,,"Model comparison
----------------
truncated: xmin=4.37073, alpha=1.91003, xc=305.434, p=nan, KS=0.0183266, loglik=-1823.4, AIC=3648.8, BIC=3653.06
powerlaw: xmin=4.37073, alpha=1.99216, xc=nan, p=nan, KS=0.0347758, loglik=-1832.62, AIC=3667.24, BIC=3671.51
shifted_exp: xmin=4.37073, alpha=0.0591834, xc=nan, p=nan, KS=0.268782, loglik=-2009.23, AIC=4020.47, BIC=4024.73

ΔAIC / ΔBIC
truncated: ΔAIC = 0 ΔBIC = 0
powerlaw: ΔAIC = 18.4423 ΔBIC = 18.4423
shifted_exp: ΔAIC = 371.669 ΔBIC = 371.669
",truncated,4.37073078751564,True,,truncated,4.37073078751564,1.9100336977336603,305.43443807959557,,0.01832659642146689,3648.8007221842627,3653.0641204468543,-1823.4003610921313,525,True,,shifted_exp,4.37073078751564,0.05918342590959532,,,0.2687819671345397,4020.469431235473,4024.732829498065,-2009.2347156177366,525,-371.6687090512105
/home/hpc/Desktop/resonant_swarm_runs/position_records/N200/kappa_2p5/okappa_3/pos_rep08_seed20000008.npz,200,2.5,3.0,8,20000008,com,-1,com,0.4535610258579255,0.33963674306869507,0.309743195772171,4067,4067,True,,"Model comparison
----------------
truncated: xmin=2.56965, alpha=1.96974, xc=365.421, p=nan, KS=0.0164601, loglik=-2572.85, AIC=5147.7, BIC=5152.48
powerlaw: xmin=2.56965, alpha=2.00973, xc=nan, p=nan, KS=0.0264722, loglik=-2579.37, AIC=5160.75, BIC=5165.53
shifted_exp: xmin=2.56965, alpha=0.0922758, xc=nan, p=nan, KS=0.300092, loglik=-2983.78, AIC=5969.56, BIC=5974.35

ΔAIC / ΔBIC
truncated: ΔAIC = 0 ΔBIC = 0
powerlaw: ΔAIC = 13.0505 ΔBIC = 13.0505
shifted_exp: ΔAIC = 821.869 ΔBIC = 821.869
",truncated,2.56965234875679,True,,truncated,2.56965234875679,1.9697417490278624,365.420773267746,,0.016460128335847812,5147.695432273401,5152.477624329407,-2572.8477161367005,882,True,,shifted_exp,2.56965234875679,0.09227582669570669,,,0.3000922509950237,5969.564497355232,5974.346689411238,-2983.782248677616,882,-821.8690650818307
/home/hpc/Desktop/resonant_swarm_runs/position_records/N200/kappa_2p5/okappa_3/pos_rep09_seed20000009.npz,200,2.5,3.0,9,20000009,com,-1,com,0.45609648227691657,0.35719290375709534,0.38119637966156006,3915,3915,True,,"Model comparison
----------------
truncated: xmin=2.73526, alpha=1.95019, xc=939.967, p=nan, KS=0.0168386, loglik=-2427.65, AIC=4857.29, BIC=4861.97
powerlaw: xmin=2.73526, alpha=1.97125, xc=nan, p=nan, KS=0.0209599, loglik=-2430.55, AIC=4863.1, BIC=4867.78
shifted_exp: xmin=2.73526, alpha=0.0701265, xc=nan, p=nan, KS=0.347221, loglik=-2900.36, AIC=5802.72, BIC=5807.4

ΔAIC / ΔBIC
truncated: ΔAIC = 0 ΔBIC = 0
powerlaw: ΔAIC = 5.80709 ΔBIC = 5.80709
shifted_exp: ΔAIC = 945.43 ΔBIC = 945.43
",truncated,2.735259532928467,True,,truncated,2.735259532928467,1.9501875454510385,939.9672672152519,,0.01683864021291326,4857.2929235471765,4861.968746768812,-2427.6464617735883,793,True,,shifted_exp,2.735259532928467,0.0701265074816819,,,0.34722112479822864,5802.722707432289,5807.398530653924,-2900.3613537161445,793,-945.4297838851126
/home/hpc/Desktop/resonant_swarm_runs/position_records/N200/kappa_2p5/okappa_3/pos_rep10_seed20000010.npz,200,2.5,3.0,10,20000010,com,-1,com,0.44498742818832404,0.334157794713974,0.3149697482585907,4137,4137,True,,"Model comparison
----------------
truncated: xmin=2.48906, alpha=2.06561, xc=1019.73, p=nan, KS=0.0169588, loglik=-2640.26, AIC=5282.52, BIC=5287.38
powerlaw: xmin=2.48906, alpha=2.07698, xc=nan, p=nan, KS=0.0195039, loglik=-2641.78, AIC=5285.55, BIC=5290.42
shifted_exp: xmin=2.48906, alpha=0.103536, xc=nan, p=nan, KS=0.304897, loglik=-3120.78, AIC=6243.56, BIC=6248.42

ΔAIC / ΔBIC
truncated: ΔAIC = 0 ΔBIC = 0
powerlaw: ΔAIC = 3.03714 ΔBIC = 3.03714
shifted_exp: ΔAIC = 961.046 ΔBIC = 961.046
",truncated,2.4890554547309875,True,,truncated,2.4890554547309875,2.0656090311716895,1019.7295795679092,,0.016958806950299388,5282.516539507241,5287.378250847722,-2640.2582697536204,955,True,,shifted_exp,2.4890554547309875,0.10353622865271253,,,0.3048971339721488,6243.562352164772,6248.424063505253,-3120.781176082386,955,-961.0458126575313
/home/hpc/Desktop/resonant_swarm_runs/position_records/N200/kappa_2p5/okappa_3/pos_rep11_seed20000011.npz,200,2.5,3.0,11,20000011,com,-1,com,0.45172995328903204,0.3414298892021179,0.31941571831703186,4062,4062,True,,"Model comparison
----------------
truncated: xmin=2.48429, alpha=2.03757, xc=976.098, p=nan, KS=0.0200843, loglik=-2694.85, AIC=5391.7, BIC=5396.57
powerlaw: xmin=2.48429, alpha=2.05084, xc=nan, p=nan, KS=0.0233568, loglik=-2696.73, AIC=5395.45, BIC=5400.32
shifted_exp: xmin=2.48429, alpha=0.0982831, xc=nan, p=nan, KS=0.312455, loglik=-3183.79, AIC=6369.57, BIC=6374.44

ΔAIC / ΔBIC
truncated: ΔAIC = 0 ΔBIC = 0
powerlaw: ΔAIC = 3.75001 ΔBIC = 3.75001
shifted_exp: ΔAIC = 977.871 ΔBIC = 977.871
",truncated,2.4842903316020966,True,,truncated,2.4842903316020966,2.037567053047938,976.0983967483044,,0.02008433595886605,5391.703932384684,5396.5698234595675,-2694.851966192342,959,True,,shifted_exp,2.4842903316020966,0.09828306921336467,,,0.3124548099147154,6369.57491787089,6374.440808945774,-3183.787458935445,959,-977.8709854862063
/home/hpc/Desktop/resonant_swarm_runs/position_records/N200/kappa_2p5/okappa_3/pos_rep12_seed20000012.npz,200,2.5,3.0,12,20000012,com,-1,com,0.45691660046577465,0.3467200696468353,0.32990512251853943,4005,4005,True,,"Model comparison
----------------
truncated: xmin=2.43738, alpha=1.99054, xc=442.469, p=nan, KS=0.0183119, loglik=-2715.95, AIC=5433.89, BIC=5438.76
powerlaw: xmin=2.43738, alpha=2.02116, xc=nan, p=nan, KS=0.0208637, loglik=-2721.05, AIC=5444.1, BIC=5448.96
shifted_exp: xmin=2.43738, alpha=0.0928278, xc=nan, p=nan, KS=0.327639, loglik=-3225.04, AIC=6452.09, BIC=6456.95

ΔAIC / ΔBIC
truncated: ΔAIC = 0 ΔBIC = 0
powerlaw: ΔAIC = 10.2081 ΔBIC = 10.2081
shifted_exp: ΔAIC = 1018.19 ΔBIC = 1018.19
",truncated,2.4373805820941925,True,,truncated,2.4373805820941925,1.990535790185618,442.46907502412796,,0.01831192466725451,5433.894179750639,5438.755891091119,-2715.9470898753193,955,True,,shifted_exp,2.4373805820941925,0.09282778703623785,,,0.3276389931144509,6452.087676553734,6456.949387894215,-3225.043838276867,955,-1018.1934968030955
/home/hpc/Desktop/resonant_swarm_runs/position_records/N200/kappa_2p5/okappa_3/pos_rep13_seed20000013.npz,200,2.5,3.0,13,20000013,com,-1,com,0.44467228651046764,0.3371221721172333,0.3121130168437958,4150,4150,True,,"Model comparison
----------------
truncated: xmin=2.36255, alpha=2.05711, xc=600.362, p=nan, KS=0.019561, loglik=-2741.68, AIC=5485.36, BIC=5490.27
powerlaw: xmin=2.36255, alpha=2.07522, xc=nan, p=nan, KS=0.0160636, loglik=-2744.43, AIC=5490.87, BIC=5495.79
shifted_exp: xmin=2.36255, alpha=0.104315, xc=nan, p=nan, KS=0.325182, loglik=-3292.94, AIC=6587.89, BIC=6592.81

ΔAIC / ΔBIC
truncated: ΔAIC = 0 ΔBIC = 0
powerlaw: ΔAIC = 5.51243 ΔBIC = 5.51243
shifted_exp: ΔAIC = 1102.53 ΔBIC = 1102.53
",truncated,2.362554669380188,True,,truncated,2.362554669380188,2.0571137537403326,600.3618459105492,,0.01956095321953899,5485.356320357244,5490.274025967079,-2741.678160178622,1010,True,,shifted_exp,2.362554669380188,0.10431489712904081,,,0.3251823881246372,6587.889017066567,6592.806722676402,-3292.9445085332836,1010,-1102.5326967093233
/home/hpc/Desktop/resonant_swarm_runs/position_records/N200/kappa_2p5/okappa_3/pos_rep14_seed20000014.npz,200,2.5,3.0,14,20000014,com,-1,com,0.44746421575546275,0.3352211117744446,0.30378052592277527,4094,4094,True,,"Model comparison
----------------
truncated: xmin=1.90019, alpha=1.99711, xc=653.978, p=nan, KS=0.0232157, loglik=-3184.45, AIC=6370.9, BIC=6376.01
powerlaw: xmin=1.90019, alpha=2.01463, xc=nan, p=nan, KS=0.0278357, loglik=-3187.88, AIC=6377.76, BIC=6382.86
shifted_exp: xmin=1.90019, alpha=0.122924, xc=nan, p=nan, KS=0.303262, loglik=-3777.35, AIC=7556.7, BIC=7561.81

ΔAIC / ΔBIC
truncated: ΔAIC = 0 ΔBIC = 0
powerlaw: ΔAIC = 6.85313 ΔBIC = 6.85313
shifted_exp: ΔAIC = 1185.8 ΔBIC = 1185.8
",truncated,1.9001851379871368,True,,truncated,1.9001851379871368,1.9971122948110913,653.9779056310654,,0.023215734211370465,6370.904130356319,6376.010736494046,-3184.4520651781595,1220,True,,shifted_exp,1.9001851379871368,0.12292405306913394,,,0.30326209886769007,7556.700108447546,7561.806714585273,-3777.350054223773,1220,-1185.795978091227
/home/hpc/Desktop/resonant_swarm_runs/position_records/N200/kappa_2p5/okappa_3/pos_rep15_seed20000015.npz,200,2.5,3.0,15,20000015,com,-1,com,0.45245419144630433,0.3434664011001587,0.32840079069137573,4046,4046,True,,"Model comparison
----------------
truncated: xmin=2.40031, alpha=2.01129, xc=531.891, p=nan, KS=0.0212733, loglik=-2752.19, AIC=5506.37, BIC=5511.26
powerlaw: xmin=2.40031, alpha=2.0354, xc=nan, p=nan, KS=0.022438, loglik=-2756.09, AIC=5514.19, BIC=5519.08
shifted_exp: xmin=2.40031, alpha=0.0969904, xc=nan, p=nan, KS=0.332901, loglik=-3273.15, AIC=6548.29, BIC=6553.18

ΔAIC / ΔBIC
truncated: ΔAIC = 0 ΔBIC = 0
powerlaw: ΔAIC = 7.81549 ΔBIC = 7.81549
shifted_exp: ΔAIC = 1041.92 ΔBIC = 1041.92
",truncated,2.400311768054962,True,,truncated,2.400311768054962,2.0112915256464823,531.8914597034454,,0.021273327584168222,5506.370670361994,5511.260261670348,-2752.185335180997,982,True,,shifted_exp,2.400311768054962,0.09699039957436639,,,0.3329007071170931,6548.293399636046,6553.1829909444,-3273.146699818023,982,-1041.9227292740525
/home/hpc/Desktop/resonant_swarm_runs/position_records/N200/kappa_2p5/okappa_3/pos_rep16_seed20000016.npz,200,2.5,3.0,16,20000016,com,-1,com,0.4670719504356385,0.3563665449619293,0.3434758186340332,3770,3770,True,,"Model comparison
----------------
truncated: xmin=1.97975, alpha=1.94818, xc=1019.03, p=nan, KS=0.0251497, loglik=-3083.3, AIC=6168.6, BIC=6173.62
powerlaw: xmin=1.97975, alpha=1.96353, xc=nan, p=nan, KS=0.0277591, loglik=-3086.17, AIC=6174.33, BIC=6179.35
shifted_exp: xmin=1.97975, alpha=0.0963401, xc=nan, p=nan, KS=0.351071, loglik=-3737.32, AIC=7476.63, BIC=7481.65

ΔAIC / ΔBIC
truncated: ΔAIC = 0 ΔBIC = 0
powerlaw: ΔAIC = 5.72989 ΔBIC = 5.72989
shifted_exp: ΔAIC = 1308.03 ΔBIC = 1308.03
",truncated,1.979752391576767,True,,truncated,1.979752391576767,1.948175221840317,1019.0294250249863,,0.025149711053925605,6168.604341203939,6173.624531912251,-3083.3021706019695,1119,True,,shifted_exp,1.979752391576767,0.09634012012270213,,,0.35107145727971,7476.630024395968,7481.65021510428,-3737.315012197984,1119,-1308.0256831920287
/home/hpc/Desktop/resonant_swarm_runs/position_records/N200/kappa_2p5/okappa_3/pos_rep17_seed20000017.npz,200,2.5,3.0,17,20000017,com,-1,com,0.4521462798118592,0.34534159302711487,0.3236825168132782,4031,4031,True,,"Model comparison
----------------
truncated: xmin=2.8106, alpha=2.0203, xc=879.04, p=nan, KS=0.0228821, loglik=-2365.94, AIC=4733.88, BIC=4738.57
powerlaw: xmin=2.8106, alpha=2.03766, xc=nan, p=nan, KS=0.0226593, loglik=-2368.11, AIC=4738.22, BIC=4742.9
shifted_exp: xmin=2.8106, alpha=0.0806865, xc=nan, p=nan, KS=0.335468, loglik=-2813.75, AIC=5629.5, BIC=5634.18

ΔAIC / ΔBIC
truncated: ΔAIC = 0 ΔBIC = 0
powerlaw: ΔAIC = 4.33263 ΔBIC = 4.33263
shifted_exp: ΔAIC = 895.611 ΔBIC = 895.611
",truncated,2.8105968832969666,True,,truncated,2.8105968832969666,2.02030284820838,879.0398331284523,,0.02288208876615977,4733.884632629441,4738.569244357109,-2365.9423163147203,800,True,,shifted_exp,2.8105968832969666,0.08068645367397274,,,0.3354675348880707,5629.495324950538,5634.179936678206,-2813.747662475269,800,-895.6106923210973
/home/hpc/Desktop/resonant_swarm_runs/position_records/N200/kappa_2p5/okappa_3/pos_rep18_seed20000018.npz,200,2.5,3.0,18,20000018,com,-1,com,0.4509585857391358,0.34439247846603394,0.33810457587242126,4156,4156,True,,"Model comparison
----------------
truncated: xmin=2.97772, alpha=2.03105, xc=675.76, p=nan, KS=0.0135215, loglik=-2310.83, AIC=4623.65, BIC=4628.31
powerlaw: xmin=2.97772, alpha=2.05306, xc=nan, p=nan, KS=0.0139339, loglik=-2313.54, AIC=4629.09, BIC=4633.74
shifted_exp: xmin=2.97772, alpha=0.0797536, xc=nan, p=nan, KS=0.327479, loglik=-2731.3, AIC=5464.6, BIC=5469.25

ΔAIC / ΔBIC
truncated: ΔAIC = 0 ΔBIC = 0
powerlaw: ΔAIC = 5.43173 ΔBIC = 5.43173
shifted_exp: ΔAIC = 840.948 ΔBIC = 840.948
",truncated,2.9777170419692993,True,,truncated,2.9777170419692993,2.0310453874413064,675.76027572155,,0.013521525604495821,4623.65436070849,4628.30593258208,-2310.827180354245,774,True,,shifted_exp,2.9777170419692993,0.07975363816473796,,,0.32747862825368934,5464.6023982051665,5469.2539700787565,-2731.3011991025833,774,-840.948037496677
/home/hpc/Desktop/resonant_swarm_runs/position_records/N200/kappa_2p5/okappa_3/pos_rep19_seed20000019.npz,200,2.5,3.0,19,20000019,com,-1,com,0.45214800834655783,0.3461029529571533,0.34141474962234497,3926,3926,True,,"Model comparison
----------------
truncated: xmin=2.12691, alpha=1.90551, xc=641.69, p=nan, KS=0.0204394, loglik=-2806.56, AIC=5615.12, BIC=5620
powerlaw: xmin=2.12691, alpha=1.93309, xc=nan, p=nan, KS=0.0239112, loglik=-2811.66, AIC=5625.32, BIC=5630.2
shifted_exp: xmin=2.12691, alpha=0.0886236, xc=nan, p=nan, KS=0.326855, loglik=-3324.08, AIC=6650.16, BIC=6655.04

ΔAIC / ΔBIC
truncated: ΔAIC = 0 ΔBIC = 0
powerlaw: ΔAIC = 10.2062 ΔBIC = 10.2062
shifted_exp: ΔAIC = 1035.04 ΔBIC = 1035.04
",truncated,2.1269057989120483,True,,truncated,2.1269057989120483,1.905506354389649,641.689906001091,,0.020439383797020344,5615.118132447877,5619.996458916168,-2806.5590662239383,971,True,,shifted_exp,2.1269057989120483,0.08862358306709252,,,0.3268548603346637,6650.159842065643,6655.038168533934,-3324.0799210328214,971,-1035.0417096177662
/home/hpc/Desktop/resonant_swarm_runs/position_records/N300/kappa_2p5/okappa_3/pos_rep00_seed30000000.npz,300,2.5,3.0,0,30000000,com,-1,com,0.377245819568634,0.2766698896884918,0.23675233125686646,4268,4268,True,,"Model comparison
----------------
truncated: xmin=3.49764, alpha=2.12575, xc=592.993, p=nan, KS=0.0229741, loglik=-1626.82, AIC=3255.64, BIC=3259.94
powerlaw: xmin=3.49764, alpha=2.1463, xc=nan, p=nan, KS=0.0273392, loglik=-1628.42, AIC=3258.84, BIC=3263.14
shifted_exp: xmin=3.49764, alpha=0.0908044, xc=nan, p=nan, KS=0.280821, loglik=-1852.48, AIC=3706.96, BIC=3711.26

ΔAIC / ΔBIC
truncated: ΔAIC = 0 ΔBIC = 0
powerlaw: ΔAIC = 3.19945 ΔBIC = 3.19945
shifted_exp: ΔAIC = 451.324 ΔBIC = 451.324
",truncated,3.4976424872875214,True,,truncated,3.4976424872875214,2.125746248137519,592.9925558567047,,0.022974122397700802,3255.637353778867,3259.93813957353,-1626.8186768894334,545,True,,shifted_exp,3.4976424872875214,0.09080443563395547,,,0.28082074750705255,3706.9613869314608,3711.262172726124,-1852.4806934657304,545,-451.324033152594
/home/hpc/Desktop/resonant_swarm_runs/position_records/N300/kappa_2p5/okappa_3/pos_rep01_seed30000001.npz,300,2.5,3.0,1,30000001,com,-1,com,0.3738224685192108,0.2771034836769104,0.24162115156650543,4163,4163,True,,"Model comparison
----------------
truncated: xmin=2.56634, alpha=2.06326, xc=379.499, p=nan, KS=0.0162184, loglik=-2063.16, AIC=4128.31, BIC=4132.93
powerlaw: xmin=2.56634, alpha=2.092, xc=nan, p=nan, KS=0.0222982, loglik=-2066.58, AIC=4135.16, BIC=4139.77
shifted_exp: xmin=2.56634, alpha=0.108538, xc=nan, p=nan, KS=0.284501, loglik=-2402.61, AIC=4807.22, BIC=4811.83

ΔAIC / ΔBIC
truncated: ΔAIC = 0 ΔBIC = 0
powerlaw: ΔAIC = 6.84745 ΔBIC = 6.84745
shifted_exp: ΔAIC = 678.906 ΔBIC = 678.906
",truncated,2.56633859872818,True,,truncated,2.56633859872818,2.063263152022525,379.4987169802189,,0.016218422225105056,4128.31170307858,4132.926428678784,-2063.15585153929,746,True,,shifted_exp,2.56633859872818,0.10853794965990558,,,0.28450075242010175,4807.21785785172,4811.832583451924,-2402.60892892586,746,-678.9061547731399
/home/hpc/Desktop/resonant_swarm_runs/position_records/N300/kappa_2p5/okappa_3/pos_rep02_seed30000002.npz,300,2.5,3.0,2,30000002,com,-1,com,0.3762569904327393,0.28576281666755676,0.29343369603157043,4119,4119,True,,"Model comparison
----------------
truncated: xmin=1.56816, alpha=2.04088, xc=1485.01, p=nan, KS=0.0245979, loglik=-2908.14, AIC=5818.28, BIC=5823.4
powerlaw: xmin=1.56816, alpha=2.04684, xc=nan, p=nan, KS=0.0260764, loglik=-2909.11, AIC=5820.21, BIC=5825.33
shifted_exp: xmin=1.56816, alpha=0.141553, xc=nan, p=nan, KS=0.330076, loglik=-3643.62, AIC=7289.23, BIC=7294.35

ΔAIC / ΔBIC
truncated: ΔAIC = 0 ΔBIC = 0
powerlaw: ΔAIC = 1.92841 ΔBIC = 1.92841
shifted_exp: ΔAIC = 1470.95 ΔBIC = 1470.95
",truncated,1.5681553184986115,True,,truncated,1.5681553184986115,2.040880602585503,1485.0103298723698,,0.024597895216904586,5818.283748059126,5823.400953562291,-2908.141874029563,1233,True,,shifted_exp,1.5681553184986115,0.14155295626966038,,,0.33007566964411583,7289.230689632357,7294.347895135522,-3643.6153448161785,1233,-1470.946941573231
/home/hpc/Desktop/resonant_swarm_runs/position_records/N300/kappa_2p5/okappa_3/pos_rep03_seed30000003.npz,300,2.5,3.0,3,30000003,com,-1,com,0.3773564696311952,0.2817225158214569,0.2568359375,4163,4163,True,,"Model comparison
----------------
truncated: xmin=2.57089, alpha=2.13381, xc=503.098, p=nan, KS=0.0199874, loglik=-2130.39, AIC=4262.77, BIC=4267.45
powerlaw: xmin=2.57089, alpha=2.15122, xc=nan, p=nan, KS=0.0171555, loglik=-2132.31, AIC=4266.62, BIC=4271.3
shifted_exp: xmin=2.57089, alpha=0.111246, xc=nan, p=nan, KS=0.311606, loglik=-2550.41, AIC=5102.83, BIC=5107.51

ΔAIC / ΔBIC
truncated: ΔAIC = 0 ΔBIC = 0
powerlaw: ΔAIC = 3.84621 ΔBIC = 3.84621
shifted_exp: ΔAIC = 840.059 ΔBIC = 840.059
",truncated,2.5708894431591034,True,,truncated,2.5708894431591034,2.1338086816319572,503.0978266596794,,0.01998743235940814,4262.771310250878,4267.453418848328,-2130.385655125439,798,True,,shifted_exp,2.5708894431591034,0.1112462858144943,,,0.31160617781764677,5102.829956110663,5107.512064708113,-2550.4149780553316,798,-840.0586458597854
/home/hpc/Desktop/resonant_swarm_runs/position_records/N300/kappa_2p5/okappa_3/pos_rep04_seed30000004.npz,300,2.5,3.0,4,30000004,com,-1,com,0.3829067587852478,0.2981417775154114,0.31686344742774963,3996,3996,True,,"Model comparison
----------------
truncated: xmin=2.00253, alpha=2.05477, xc=927.571, p=nan, KS=0.0188387, loglik=-2378.09, AIC=4758.19, BIC=4763.02
powerlaw: xmin=2.00253, alpha=2.06543, xc=nan, p=nan, KS=0.0198365, loglik=-2379.48, AIC=4760.95, BIC=4765.78
shifted_exp: xmin=2.00253, alpha=0.0991106, xc=nan, p=nan, KS=0.367012, loglik=-3066.47, AIC=6134.93, BIC=6139.76

ΔAIC / ΔBIC
truncated: ΔAIC = 0 ΔBIC = 0
powerlaw: ΔAIC = 2.76568 ΔBIC = 2.76568
shifted_exp: ΔAIC = 1376.75 ΔBIC = 1376.75
",truncated,2.0025299787521362,True,,truncated,2.0025299787521362,2.0547698447707985,927.5707320868969,,0.018838705882049517,4758.185120468817,4763.015994703464,-2378.0925602344087,926,True,,shifted_exp,2.0025299787521362,0.09911064559068648,,,0.36701165434274163,6134.932115144428,6139.7629893790745,-3066.466057572214,926,-1376.746994675611
/home/hpc/Desktop/resonant_swarm_runs/position_records/N300/kappa_2p5/okappa_3/pos_rep05_seed30000005.npz,300,2.5,3.0,5,30000005,com,-1,com,0.363894820213318,0.28112173080444336,0.30498751997947693,4358,4358,True,,"Model comparison
----------------
truncated: xmin=2.51748, alpha=2.13716, xc=1039.62, p=nan, KS=0.0182277, loglik=-1994.54, AIC=3991.07, BIC=3995.69
powerlaw: xmin=2.51748, alpha=2.14549, xc=nan, p=nan, KS=0.0202358, loglik=-1995.31, AIC=3992.62, BIC=3997.24
shifted_exp: xmin=2.51748, alpha=0.0983688, xc=nan, p=nan, KS=0.341211, loglik=-2489.27, AIC=4980.55, BIC=4985.17

ΔAIC / ΔBIC
truncated: ΔAIC = 0 ΔBIC = 0
powerlaw: ΔAIC = 1.55095 ΔBIC = 1.55095
shifted_exp: ΔAIC = 989.473 ΔBIC = 989.473
",truncated,2.51747989654541,True,,truncated,2.51747989654541,2.1371637497138116,1039.6188949942589,,0.018227690666412777,3991.073598654758,3995.6936718612883,-1994.536799327379,750,True,,shifted_exp,2.51747989654541,0.09836882915993546,,,0.3412108786577295,4980.546952907348,4985.167026113878,-2489.273476453674,750,-989.4733542525901
/home/hpc/Desktop/resonant_swarm_runs/position_records/N300/kappa_2p5/okappa_3/pos_rep06_seed30000006.npz,300,2.5,3.0,6,30000006,com,-1,com,0.36628332734107977,0.2633656859397888,0.18685631453990936,4336,4336,True,,"Model comparison
----------------
truncated: xmin=2.01342, alpha=2.08757, xc=173.063, p=nan, KS=0.0183884, loglik=-2436.48, AIC=4874.95, BIC=4879.85
powerlaw: xmin=2.01342, alpha=2.13106, xc=nan, p=nan, KS=0.0274931, loglik=-2443.58, AIC=4889.15, BIC=4894.05
shifted_exp: xmin=2.01342, alpha=0.161715, xc=nan, p=nan, KS=0.249538, loglik=-2802.17, AIC=5606.34, BIC=5611.24

ΔAIC / ΔBIC
truncated: ΔAIC = 0 ΔBIC = 0
powerlaw: ΔAIC = 14.1981 ΔBIC = 14.1981
shifted_exp: ΔAIC = 731.385 ΔBIC = 731.385
",truncated,2.0134226381778717,True,,truncated,2.0134226381778717,2.0875661664215124,173.06255981326103,,0.01838835063551042,4874.952832698073,4879.853563362118,-2436.4764163490363,993,True,,shifted_exp,2.0134226381778717,0.16171459989882028,,,0.249537527271822,5606.337541707817,5611.238272371862,-2802.1687708539084,993,-731.3847090097443
/home/hpc/Desktop/resonant_swarm_runs/position_records/N300/kappa_2p5/okappa_3/pos_rep07_seed30000007.npz,300,2.5,3.0,7,30000007,com,-1,com,0.3665775358676911,0.2765904366970062,0.25513923168182373,4279,4279,True,,"Model comparison
----------------
truncated: xmin=2.5443, alpha=2.09479, xc=366.621, p=nan, KS=0.0202811, loglik=-2054.66, AIC=4111.33, BIC=4115.96
powerlaw: xmin=2.5443, alpha=2.12134, xc=nan, p=nan, KS=0.0255898, loglik=-2057.74, AIC=4117.49, BIC=4122.12
shifted_exp: xmin=2.5443, alpha=0.106361, xc=nan, p=nan, KS=0.308253, loglik=-2459.85, AIC=4921.71, BIC=4926.34

ΔAIC / ΔBIC
truncated: ΔAIC = 0 ΔBIC = 0
powerlaw: ΔAIC = 6.15866 ΔBIC = 6.15866
shifted_exp: ΔAIC = 810.379 ΔBIC = 810.379
",truncated,2.5443001985549927,True,,truncated,2.5443001985549927,2.0947867395879607,366.62059846520424,,0.020281084190957394,4111.3280892675375,4115.9600910449335,-2054.6640446337688,759,True,,shifted_exp,2.5443001985549927,0.10636125118987484,,,0.3082533182558158,4921.707374507195,4926.339376284591,-2459.8536872535974,759,-810.3792852396573
/home/hpc/Desktop/resonant_swarm_runs/position_records/N300/kappa_2p5/okappa_3/pos_rep08_seed30000008.npz,300,2.5,3.0,8,30000008,com,-1,com,0.37381899356842063,0.2739529311656952,0.21486176550388336,4295,4295,True,,"Model comparison
----------------
truncated: xmin=1.99148, alpha=2.06405, xc=300.109, p=nan, KS=0.0233845, loglik=-2403.71, AIC=4809.43, BIC=4814.29
powerlaw: xmin=1.99148, alpha=2.09224, xc=nan, p=nan, KS=0.0247212, loglik=-2408.01, AIC=4818.01, BIC=4822.88
shifted_exp: xmin=1.99148, alpha=0.138627, xc=nan, p=nan, KS=0.310953, loglik=-2848, AIC=5698, BIC=5702.87

ΔAIC / ΔBIC
truncated: ΔAIC = 0 ΔBIC = 0
powerlaw: ΔAIC = 8.58526 ΔBIC = 8.58526
shifted_exp: ΔAIC = 888.574 ΔBIC = 888.574
",truncated,1.9914831817150116,True,,truncated,1.9914831817150116,2.064049335756434,300.10867980122566,,0.023384508034242857,4809.429176888446,4814.292980279899,-2403.714588444223,957,True,,shifted_exp,1.9914831817150116,0.13862700398670338,,,0.31095252749203395,5698.003474047133,5702.867277438586,-2848.0017370235664,957,-888.5742971586869
/home/hpc/Desktop/resonant_swarm_runs/position_records/N300/kappa_2p5/okappa_3/pos_rep09_seed30000009.npz,300,2.5,3.0,9,30000009,com,-1,com,0.3731856048107147,0.29312053322792053,0.3328526020050049,4129,4129,True,,"Model comparison
----------------
truncated: xmin=2.251, alpha=2.02324, xc=694.692, p=nan, KS=0.0185827, loglik=-2162.06, AIC=4326.11, BIC=4330.79
powerlaw: xmin=2.251, alpha=2.0406, xc=nan, p=nan, KS=0.0229631, loglik=-2164.19, AIC=4330.39, BIC=4335.06
shifted_exp: xmin=2.251, alpha=0.0878101, xc=nan, p=nan, KS=0.359627, loglik=-2718.6, AIC=5439.2, BIC=5443.88

ΔAIC / ΔBIC
truncated: ΔAIC = 0 ΔBIC = 0
powerlaw: ΔAIC = 4.27602 ΔBIC = 4.27602
shifted_exp: ΔAIC = 1113.09 ΔBIC = 1113.09
",truncated,2.2510024905204773,True,,truncated,2.2510024905204773,2.0232373797070387,694.6922143101692,,0.018582668817944237,4326.111567976802,4330.7861293686165,-2162.055783988401,792,True,,shifted_exp,2.2510024905204773,0.08781012557290123,,,0.359627304816199,5439.204279941227,5443.878841333041,-2718.6021399706133,792,-1113.0927119644248
/home/hpc/Desktop/resonant_swarm_runs/position_records/N300/kappa_2p5/okappa_3/pos_rep10_seed30000010.npz,300,2.5,3.0,10,30000010,com,-1,com,0.3706760406494141,0.27461427450180054,0.22785018384456635,4272,4272,True,,"Model comparison
----------------
truncated: xmin=1.55857, alpha=2.02514, xc=249.296, p=nan, KS=0.0238023, loglik=-2805.43, AIC=5612.85, BIC=5617.95
powerlaw: xmin=1.55857, alpha=2.05553, xc=nan, p=nan, KS=0.0292074, loglik=-2811.56, AIC=5625.12, BIC=5630.21
shifted_exp: xmin=1.55857, alpha=0.156672, xc=nan, p=nan, KS=0.314172, loglik=-3432.88, AIC=6867.76, BIC=6872.85

ΔAIC / ΔBIC
truncated: ΔAIC = 0 ΔBIC = 0
powerlaw: ΔAIC = 12.2603 ΔBIC = 12.2603
shifted_exp: ΔAIC = 1254.91 ΔBIC = 1254.91
",truncated,1.5585685968399048,True,,truncated,1.5585685968399048,2.025140751855018,249.29558083415031,,0.023802338689861147,5612.854984105355,5617.94755782133,-2805.4274920526773,1203,True,,shifted_exp,1.5585685968399048,0.15667207802064329,,,0.3141723574222026,6867.762401162767,6872.854974878742,-3432.8812005813834,1203,-1254.9074170574122
/home/hpc/Desktop/resonant_swarm_runs/position_records/N300/kappa_2p5/okappa_3/pos_rep11_seed30000011.npz,300,2.5,3.0,11,30000011,com,-1,com,0.36427406668663026,0.26519301533699036,0.2065701186656952,4393,4393,True,,"Model comparison
----------------
truncated: xmin=1.53414, alpha=2.02717, xc=280.434, p=nan, KS=0.0235091, loglik=-2869.31, AIC=5740.62, BIC=5745.74
powerlaw: xmin=1.53414, alpha=2.05408, xc=nan, p=nan, KS=0.0297608, loglik=-2874.79, AIC=5751.58, BIC=5756.7
shifted_exp: xmin=1.53414, alpha=0.179237, xc=nan, p=nan, KS=0.270613, loglik=-3363.46, AIC=6728.92, BIC=6734.05

ΔAIC / ΔBIC
truncated: ΔAIC = 0 ΔBIC = 0
powerlaw: ΔAIC = 10.9562 ΔBIC = 10.9562
shifted_exp: ΔAIC = 988.305 ΔBIC = 988.305
",truncated,1.53414186835289,True,,truncated,1.53414186835289,2.0271721139833705,280.4337834119797,,0.02350908644309646,5740.619639628358,5745.74008400075,-2869.309819814179,1237,True,,shifted_exp,1.53414186835289,0.17923668395233638,,,0.27061288104046366,6728.924974254265,6734.045418626658,-3363.4624871271326,1237,-988.3053346259076
/home/hpc/Desktop/resonant_swarm_runs/position_records/N300/kappa_2p5/okappa_3/pos_rep12_seed30000012.npz,300,2.5,3.0,12,30000012,com,-1,com,0.36419081687927257,0.2665483355522156,0.2107217162847519,4353,4353,True,,"Model comparison
----------------
truncated: xmin=1.96246, alpha=2.09666, xc=364.007, p=nan, KS=0.0168168, loglik=-2442.5, AIC=4886.99, BIC=4891.9
powerlaw: xmin=1.96246, alpha=2.11756, xc=nan, p=nan, KS=0.0198497, loglik=-2445.56, AIC=4893.13, BIC=4898.03
shifted_exp: xmin=1.96246, alpha=0.152598, xc=nan, p=nan, KS=0.285714, loglik=-2865.55, AIC=5733.1, BIC=5738

ΔAIC / ΔBIC
truncated: ΔAIC = 0 ΔBIC = 0
powerlaw: ΔAIC = 6.13381 ΔBIC = 6.13381
shifted_exp: ΔAIC = 846.107 ΔBIC = 846.107
",truncated,1.9624582827091217,True,,truncated,1.9624582827091217,2.096664240673971,364.007304251194,,0.0168168303261248,4886.993292121003,4891.896034858161,-2442.4966460605015,995,True,,shifted_exp,1.9624582827091217,0.15259777131410945,,,0.2857140845546583,5733.100032340547,5738.002775077705,-2865.5500161702735,995,-846.106740219544
/home/hpc/Desktop/resonant_swarm_runs/position_records/N300/kappa_2p5/okappa_3/pos_rep13_seed30000013.npz,300,2.5,3.0,13,30000013,com,-1,com,0.3711612582206728,0.27540820837020874,0.23520687222480774,4257,4257,True,,"Model comparison
----------------
truncated: xmin=2.00171, alpha=2.08062, xc=420.836, p=nan, KS=0.016367, loglik=-2401.6, AIC=4805.2, BIC=4810.06
powerlaw: xmin=2.00171, alpha=2.10033, xc=nan, p=nan, KS=0.0209392, loglik=-2404.41, AIC=4810.82, BIC=4815.69
shifted_exp: xmin=2.00171, alpha=0.132948, xc=nan, p=nan, KS=0.29436, loglik=-2894.07, AIC=5790.13, BIC=5795

ΔAIC / ΔBIC
truncated: ΔAIC = 0 ΔBIC = 0
powerlaw: ΔAIC = 5.62533 ΔBIC = 5.62533
shifted_exp: ΔAIC = 984.933 ΔBIC = 984.933
",truncated,2.0017071068286896,True,,truncated,2.0017071068286896,2.080615931658903,420.835565328598,,0.016366970958005767,4805.198404580755,4810.0642956556385,-2401.5992022903774,959,True,,shifted_exp,2.0017071068286896,0.1329482835035101,,,0.29436026610105837,5790.130948515658,5794.996839590542,-2894.065474257829,959,-984.9325439349032
/home/hpc/Desktop/resonant_swarm_runs/position_records/N300/kappa_2p5/okappa_3/pos_rep14_seed30000014.npz,300,2.5,3.0,14,30000014,com,-1,com,0.372991555929184,0.2709430754184723,0.2027013748884201,4283,4283,True,,"Model comparison
----------------
truncated: xmin=2.10788, alpha=2.08478, xc=225.717, p=nan, KS=0.0158214, loglik=-2384.77, AIC=4771.55, BIC=4776.4
powerlaw: xmin=2.10788, alpha=2.12071, xc=nan, p=nan, KS=0.0230767, loglik=-2390.25, AIC=4782.49, BIC=4787.35
shifted_exp: xmin=2.10788, alpha=0.145238, xc=nan, p=nan, KS=0.280862, loglik=-2774.12, AIC=5550.24, BIC=5555.1

ΔAIC / ΔBIC
truncated: ΔAIC = 0 ΔBIC = 0
powerlaw: ΔAIC = 10.944 ΔBIC = 10.944
shifted_exp: ΔAIC = 778.694 ΔBIC = 778.694
",truncated,2.10788032412529,True,,truncated,2.10788032412529,2.0847780978144224,225.71748885512352,,0.01582135052628597,4771.5488686696835,4776.40216776287,-2384.7744343348418,947,True,,shifted_exp,2.10788032412529,0.14523841342373559,,,0.2808618642921006,5550.243175070319,5555.096474163505,-2774.1215875351595,947,-778.6943064006355
/home/hpc/Desktop/resonant_swarm_runs/position_records/N300/kappa_2p5/okappa_3/pos_rep15_seed30000015.npz,300,2.5,3.0,15,30000015,com,-1,com,0.3750678598880769,0.28835347294807434,0.289055198431015,4156,4156,True,,"Model comparison
----------------
truncated: xmin=2.08821, alpha=2.07124, xc=1303.59, p=nan, KS=0.018565, loglik=-2291.6, AIC=4585.21, BIC=4589.99
powerlaw: xmin=2.08821, alpha=2.07878, xc=nan, p=nan, KS=0.0205087, loglik=-2292.48, AIC=4586.96, BIC=4591.74
shifted_exp: xmin=2.08821, alpha=0.105301, xc=nan, p=nan, KS=0.349881, loglik=-2880.32, AIC=5762.65, BIC=5767.43

ΔAIC / ΔBIC
truncated: ΔAIC = 0 ΔBIC = 0
powerlaw: ΔAIC = 1.75196 ΔBIC = 1.75196
shifted_exp: ΔAIC = 1177.44 ΔBIC = 1177.44
",truncated,2.088209867477417,True,,truncated,2.088209867477417,2.0712403433928523,1303.5907776355743,,0.018565005157876957,4585.205669288582,4589.992386239187,-2291.602834644291,886,True,,shifted_exp,2.088209867477417,0.10530134739893335,,,0.34988106286345755,5762.646301607776,5767.433018558381,-2880.323150803888,886,-1177.4406323191943
/home/hpc/Desktop/resonant_swarm_runs/position_records/N300/kappa_2p5/okappa_3/pos_rep16_seed30000016.npz,300,2.5,3.0,16,30000016,com,-1,com,0.36535932421684275,0.26749348640441895,0.2098706215620041,4290,4290,True,,"Model comparison
----------------
truncated: xmin=2.01158, alpha=2.09424, xc=291.439, p=nan, KS=0.0209616, loglik=-2334.71, AIC=4671.41, BIC=4676.26
powerlaw: xmin=2.01158, alpha=2.12071, xc=nan, p=nan, KS=0.0195424, loglik=-2338.52, AIC=4679.05, BIC=4683.9
shifted_exp: xmin=2.01158, alpha=0.139219, xc=nan, p=nan, KS=0.304931, loglik=-2805.29, AIC=5612.58, BIC=5617.43

ΔAIC / ΔBIC
truncated: ΔAIC = 0 ΔBIC = 0
powerlaw: ΔAIC = 7.63602 ΔBIC = 7.63602
shifted_exp: ΔAIC = 941.165 ΔBIC = 941.165
",truncated,2.0115817189216614,True,,truncated,2.0115817189216614,2.094243773541157,291.4385140836239,,0.02096163192116901,4671.413436704865,4676.26356287101,-2334.7067183524323,944,True,,shifted_exp,2.0115817189216614,0.1392192935381685,,,0.3049314622580186,5612.578922344073,5617.429048510219,-2805.2894611720367,944,-941.1654856392088
/home/hpc/Desktop/resonant_swarm_runs/position_records/N300/kappa_2p5/okappa_3/pos_rep17_seed30000017.npz,300,2.5,3.0,17,30000017,com,-1,com,0.36358163952827455,0.2642021179199219,0.19956186413764954,4630,4630,True,,"Model comparison
----------------
truncated: xmin=1.95471, alpha=2.13191, xc=347.102, p=nan, KS=0.0195081, loglik=-2448.16, AIC=4898.32, BIC=4903.25
powerlaw: xmin=1.95471, alpha=2.15116, xc=nan, p=nan, KS=0.0236987, loglik=-2450.93, AIC=4903.85, BIC=4908.78
shifted_exp: xmin=1.95471, alpha=0.17056, xc=nan, p=nan, KS=0.260474, loglik=-2829.58, AIC=5661.16, BIC=5666.09

ΔAIC / ΔBIC
truncated: ΔAIC = 0 ΔBIC = 0
powerlaw: ΔAIC = 5.53227 ΔBIC = 5.53227
shifted_exp: ΔAIC = 762.837 ΔBIC = 762.837
",truncated,1.9547097980976105,True,,truncated,1.9547097980976105,2.1319084564480972,347.1018914580345,,0.01950814658320743,4898.321609414599,4903.251126185362,-2448.1608047072996,1022,True,,shifted_exp,1.9547097980976105,0.17055988071328484,,,0.2604736989620894,5661.159103620281,5666.088620391044,-2829.5795518101404,1022,-762.8374942056817
/home/hpc/Desktop/resonant_swarm_runs/position_records/N300/kappa_2p5/okappa_3/pos_rep18_seed30000018.npz,300,2.5,3.0,18,30000018,com,-1,com,0.36986568570137024,0.27649787068367004,0.24300603568553925,4168,4168,True,,"Model comparison
----------------
truncated: xmin=2.14755, alpha=2.04784, xc=565.944, p=nan, KS=0.0144763, loglik=-2243.03, AIC=4488.06, BIC=4492.81
powerlaw: xmin=2.14755, alpha=2.06599, xc=nan, p=nan, KS=0.0177776, loglik=-2245.38, AIC=4492.77, BIC=4497.52
shifted_exp: xmin=2.14755, alpha=0.114603, xc=nan, p=nan, KS=0.324466, loglik=-2694.51, AIC=5391.02, BIC=5395.76

ΔAIC / ΔBIC
truncated: ΔAIC = 0 ΔBIC = 0
powerlaw: ΔAIC = 4.70448 ΔBIC = 4.70448
shifted_exp: ΔAIC = 902.953 ΔBIC = 902.953
",truncated,2.14754581451416,True,,truncated,2.14754581451416,2.0478366933046908,565.9440966546535,,0.014476328003317773,4488.064479850815,4492.810891979388,-2243.0322399254073,851,True,,shifted_exp,2.14754581451416,0.11460257646316944,,,0.32446560028614224,5391.017057622392,5395.763469750965,-2694.508528811196,851,-902.9525777715771
/home/hpc/Desktop/resonant_swarm_runs/position_records/N300/kappa_2p5/okappa_3/pos_rep19_seed30000019.npz,300,2.5,3.0,19,30000019,com,-1,com,0.37536754608154305,0.2966865003108978,0.34981244802474976,4142,4142,True,,"Model comparison
----------------
truncated: xmin=2.19389, alpha=2.05936, xc=908.651, p=nan, KS=0.0192473, loglik=-2180.37, AIC=4362.74, BIC=4367.46
powerlaw: xmin=2.19389, alpha=2.07092, xc=nan, p=nan, KS=0.0205894, loglik=-2181.71, AIC=4365.43, BIC=4370.14
shifted_exp: xmin=2.19389, alpha=0.0887781, xc=nan, p=nan, KS=0.377408, loglik=-2815.99, AIC=5633.98, BIC=5638.69

ΔAIC / ΔBIC
truncated: ΔAIC = 0 ΔBIC = 0
powerlaw: ΔAIC = 2.68471 ΔBIC = 2.68471
shifted_exp: ΔAIC = 1271.24 ΔBIC = 1271.24
",truncated,2.193890243768692,True,,truncated,2.193890243768692,2.0593616184006525,908.6512803733349,,0.019247316650762514,4362.742688860886,4367.455645061563,-2180.371344430443,823,True,,shifted_exp,2.193890243768692,0.08877813418679198,,,0.3774082726135689,5633.978118717991,5638.691074918667,-2815.9890593589953,823,-1271.2354298571045
/home/hpc/Desktop/resonant_swarm_runs/position_records/N400/kappa_2p5/okappa_3/pos_rep00_seed40000000.npz,400,2.5,3.0,0,40000000,com,-1,com,0.33332548141479496,0.25106072425842285,0.23202519118785858,3990,3990,True,,"Model comparison
----------------
truncated: xmin=2.30359, alpha=2.08461, xc=463.57, p=nan, KS=0.0216366, loglik=-1882.72, AIC=3767.44, BIC=3772.01
powerlaw: xmin=2.30359, alpha=2.10484, xc=nan, p=nan, KS=0.0215672, loglik=-1884.87, AIC=3771.74, BIC=3776.31
shifted_exp: xmin=2.30359, alpha=0.106638, xc=nan, p=nan, KS=0.345638, loglik=-2312.15, AIC=4626.31, BIC=4630.88

ΔAIC / ΔBIC
truncated: ΔAIC = 0 ΔBIC = 0
powerlaw: ΔAIC = 4.29483 ΔBIC = 4.29483
shifted_exp: ΔAIC = 858.866 ΔBIC = 858.866
",truncated,2.303589254617691,True,,truncated,2.303589254617691,2.0846140102502377,463.5698267817497,,0.021636618879184555,3767.442473180772,3772.0133561431117,-1882.721236590386,714,True,,shifted_exp,2.303589254617691,0.10663843715019072,,,0.3456382761128869,4626.308477280631,4630.879360242971,-2312.1542386403157,714,-858.8660040998593
/home/hpc/Desktop/resonant_swarm_runs/position_records/N400/kappa_2p5/okappa_3/pos_rep01_seed40000001.npz,400,2.5,3.0,1,40000001,com,-1,com,0.3300613641738892,0.24200497567653656,0.19131503999233246,4213,4213,True,,"Model comparison
----------------
truncated: xmin=1.41011, alpha=2.07258, xc=293.023, p=nan, KS=0.0207871, loglik=-2569.36, AIC=5140.73, BIC=5145.81
powerlaw: xmin=1.41011, alpha=2.09309, xc=nan, p=nan, KS=0.0252859, loglik=-2573.03, AIC=5148.07, BIC=5153.14
shifted_exp: xmin=1.41011, alpha=0.179626, xc=nan, p=nan, KS=0.322196, loglik=-3222.22, AIC=6446.44, BIC=6451.52

ΔAIC / ΔBIC
truncated: ΔAIC = 0 ΔBIC = 0
powerlaw: ΔAIC = 7.3391 ΔBIC = 7.3391
shifted_exp: ΔAIC = 1305.71 ΔBIC = 1305.71
",truncated,1.4101125001907349,True,,truncated,1.4101125001907349,2.072579090278537,293.0231105387211,,0.020787061002184193,5140.72710909625,5145.805450675808,-2569.363554548125,1186,True,,shifted_exp,1.4101125001907349,0.1796255385739149,,,0.32219645484386383,6446.441580817331,6451.519922396888,-3222.2207904086654,1186,-1305.7144717210804
/home/hpc/Desktop/resonant_swarm_runs/position_records/N400/kappa_2p5/okappa_3/pos_rep02_seed40000002.npz,400,2.5,3.0,2,40000002,com,-1,com,0.32177146673202517,0.23673629760742188,0.18412484228610992,4341,4341,True,,"Model comparison
----------------
truncated: xmin=1.35482, alpha=2.10943, xc=343.119, p=nan, KS=0.0259361, loglik=-2503.09, AIC=5008.19, BIC=5013.29
powerlaw: xmin=1.35482, alpha=2.12434, xc=nan, p=nan, KS=0.0295531, loglik=-2505.59, AIC=5013.18, BIC=5018.28
shifted_exp: xmin=1.35482, alpha=0.188347, xc=nan, p=nan, KS=0.325051, loglik=-3222.05, AIC=6446.1, BIC=6451.2

ΔAIC / ΔBIC
truncated: ΔAIC = 0 ΔBIC = 0
powerlaw: ΔAIC = 4.99322 ΔBIC = 4.99322
shifted_exp: ΔAIC = 1437.91 ΔBIC = 1437.91
",truncated,1.3548237085342407,True,,truncated,1.3548237085342407,2.1094335081261857,343.1186276078224,,0.02593606059572484,5008.189608635414,5013.2855018565115,-2503.094804317707,1207,True,,shifted_exp,1.3548237085342407,0.18834696631137385,,,0.32505098404882315,6446.099256233935,6451.195149455033,-3222.0496281169676,1207,-1437.9096475985216
/home/hpc/Desktop/resonant_swarm_runs/position_records/N400/kappa_2p5/okappa_3/pos_rep03_seed40000003.npz,400,2.5,3.0,3,40000003,com,-1,com,0.33335698843002326,0.24898238480091095,0.23150718212127686,4320,4320,True,,"Model comparison
----------------
truncated: xmin=2.14708, alpha=2.14411, xc=685.953, p=nan, KS=0.0147637, loglik=-1960.88, AIC=3923.76, BIC=3928.43
powerlaw: xmin=2.14708, alpha=2.15451, xc=nan, p=nan, KS=0.0165108, loglik=-1961.93, AIC=3925.85, BIC=3930.52
shifted_exp: xmin=2.14708, alpha=0.125595, xc=nan, p=nan, KS=0.323491, loglik=-2425.93, AIC=4853.86, BIC=4858.53

ΔAIC / ΔBIC
truncated: ΔAIC = 0 ΔBIC = 0
powerlaw: ΔAIC = 2.08855 ΔBIC = 2.08855
shifted_exp: ΔAIC = 930.101 ΔBIC = 930.101
",truncated,2.147076725959778,True,,truncated,2.147076725959778,2.1441115456548316,685.9534366428852,,0.014763687509416812,3923.762481522922,3928.4332478437677,-1960.881240761461,789,True,,shifted_exp,2.147076725959778,0.12559512998710817,,,0.32349088553698224,4853.863659907287,4858.534426228133,-2425.9318299536435,789,-930.1011783843651
/home/hpc/Desktop/resonant_swarm_runs/position_records/N400/kappa_2p5/okappa_3/pos_rep04_seed40000004.npz,400,2.5,3.0,4,40000004,com,-1,com,0.324722629785538,0.24014325439929962,0.21233585476875305,4359,4359,True,,"Model comparison
----------------
truncated: xmin=2.19235, alpha=2.16058, xc=407.441, p=nan, KS=0.0147169, loglik=-1925.86, AIC=3853.71, BIC=3858.37
powerlaw: xmin=2.19235, alpha=2.17722, xc=nan, p=nan, KS=0.0169502, loglik=-1927.59, AIC=3857.19, BIC=3861.85
shifted_exp: xmin=2.19235, alpha=0.133529, xc=nan, p=nan, KS=0.304318, loglik=-2350.48, AIC=4702.96, BIC=4707.62

ΔAIC / ΔBIC
truncated: ΔAIC = 0 ΔBIC = 0
powerlaw: ΔAIC = 3.47422 ΔBIC = 3.47422
shifted_exp: ΔAIC = 849.242 ΔBIC = 849.242
",truncated,2.1923467218875885,True,,truncated,2.1923467218875885,2.1605833272747583,407.4410959482193,,0.014716895145761855,3853.71447922254,3858.3737731422234,-1925.85723961127,780,True,,shifted_exp,2.1923467218875885,0.13352938765915937,,,0.304318460340657,4702.9565612189035,4707.615855138587,-2350.4782806094518,780,-849.2420819963636
/home/hpc/Desktop/resonant_swarm_runs/position_records/N400/kappa_2p5/okappa_3/pos_rep05_seed40000005.npz,400,2.5,3.0,5,40000005,com,-1,com,0.3309685587882996,0.24464555084705353,0.20334762334823608,4290,4290,True,,"Model comparison
----------------
truncated: xmin=1.46139, alpha=2.15184, xc=428.379, p=nan, KS=0.0300617, loglik=-2540.06, AIC=5082.11, BIC=5087.22
powerlaw: xmin=1.46139, alpha=2.16281, xc=nan, p=nan, KS=0.0323026, loglik=-2541.76, AIC=5085.51, BIC=5090.62
shifted_exp: xmin=1.46139, alpha=0.185319, xc=nan, p=nan, KS=0.327989, loglik=-3268.47, AIC=6538.93, BIC=6544.04

ΔAIC / ΔBIC
truncated: ΔAIC = 0 ΔBIC = 0
powerlaw: ΔAIC = 3.39837 ΔBIC = 3.39837
shifted_exp: ΔAIC = 1456.82 ΔBIC = 1456.82
",truncated,1.4613947570323944,True,,truncated,1.4613947570323944,2.151835512442803,428.37853199243546,,0.030061660208816676,5082.112955900271,5087.217099993259,-2540.0564779501356,1217,True,,shifted_exp,1.4613947570323944,0.1853192609058408,,,0.32798865325421367,6538.93345297804,6544.037597071027,-3268.46672648902,1217,-1456.8204970777688
/home/hpc/Desktop/resonant_swarm_runs/position_records/N400/kappa_2p5/okappa_3/pos_rep06_seed40000006.npz,400,2.5,3.0,6,40000006,com,-1,com,0.3281359791755677,0.23830612003803253,0.18124407529830933,4412,4412,True,,"Model comparison
----------------
truncated: xmin=3.02029, alpha=2.23108, xc=496.247, p=nan, KS=0.0259346, loglik=-1534.01, AIC=3070.01, BIC=3074.36
powerlaw: xmin=3.02029, alpha=2.24576, xc=nan, p=nan, KS=0.0283539, loglik=-1535.04, AIC=3072.07, BIC=3076.42
shifted_exp: xmin=3.02029, alpha=0.11901, xc=nan, p=nan, KS=0.293222, loglik=-1786.4, AIC=3574.8, BIC=3579.15

ΔAIC / ΔBIC
truncated: ΔAIC = 0 ΔBIC = 0
powerlaw: ΔAIC = 2.06016 ΔBIC = 2.06016
shifted_exp: ΔAIC = 504.789 ΔBIC = 504.789
",truncated,3.0202901661396027,True,,truncated,3.0202901661396027,2.231084641343234,496.2472007870674,,0.025934635435884368,3070.0118549107256,3074.3592441203814,-1534.0059274553628,571,True,,shifted_exp,3.0202901661396027,0.11901005664272898,,,0.29322203919288947,3574.8009935756563,3579.148382785312,-1786.4004967878282,571,-504.78913866493076
/home/hpc/Desktop/resonant_swarm_runs/position_records/N400/kappa_2p5/okappa_3/pos_rep07_seed40000007.npz,400,2.5,3.0,7,40000007,com,-1,com,0.34251331686973574,0.2517326772212982,0.20572033524513245,4032,4032,True,,"Model comparison
----------------
truncated: xmin=1.8493, alpha=2.03274, xc=302.444, p=nan, KS=0.0179237, loglik=-2265.05, AIC=4532.11, BIC=4536.92
powerlaw: xmin=1.8493, alpha=2.06181, xc=nan, p=nan, KS=0.0234597, loglik=-2269.42, AIC=4540.85, BIC=4545.66
shifted_exp: xmin=1.8493, alpha=0.134528, xc=nan, p=nan, KS=0.314973, loglik=-2732.44, AIC=5466.87, BIC=5471.69

ΔAIC / ΔBIC
truncated: ΔAIC = 0 ΔBIC = 0
powerlaw: ΔAIC = 8.73795 ΔBIC = 8.73795
shifted_exp: ΔAIC = 934.764 ΔBIC = 934.764
",truncated,1.8492977917194366,True,,truncated,1.8492977917194366,2.0327381651019945,302.44382405281067,,0.01792366178532745,4532.108336814137,4536.920681908315,-2265.0541684070686,909,True,,shifted_exp,1.8492977917194366,0.13452831164538692,,,0.31497305409831855,5466.872742774399,5471.685087868576,-2732.4363713871994,909,-934.7644059602617
/home/hpc/Desktop/resonant_swarm_runs/position_records/N400/kappa_2p5/okappa_3/pos_rep08_seed40000008.npz,400,2.5,3.0,8,40000008,com,-1,com,0.3344391703605652,0.24276892840862274,0.18481938540935516,4289,4289,True,,"Model comparison
----------------
truncated: xmin=1.93323, alpha=2.12871, xc=270.251, p=nan, KS=0.0265043, loglik=-2144.66, AIC=4291.32, BIC=4296.12
powerlaw: xmin=1.93323, alpha=2.15316, xc=nan, p=nan, KS=0.0282005, loglik=-2147.87, AIC=4297.74, BIC=4302.55
shifted_exp: xmin=1.93323, alpha=0.153563, xc=nan, p=nan, KS=0.312759, loglik=-2589.16, AIC=5180.31, BIC=5185.12

ΔAIC / ΔBIC
truncated: ΔAIC = 0 ΔBIC = 0
powerlaw: ΔAIC = 6.42759 ΔBIC = 6.42759
shifted_exp: ΔAIC = 888.997 ΔBIC = 888.997
",truncated,1.9332290589809418,True,,truncated,1.9332290589809418,2.1287082250580394,270.2511657476425,,0.026504291473774422,4291.315296410366,4296.118801667974,-2144.657648205183,901,True,,shifted_exp,1.9332290589809418,0.1535625866709768,,,0.31275869012122837,5180.312009866677,5185.115515124286,-2589.1560049333384,901,-888.9967134563112
/home/hpc/Desktop/resonant_swarm_runs/position_records/N400/kappa_2p5/okappa_3/pos_rep09_seed40000009.npz,400,2.5,3.0,9,40000009,com,-1,com,0.3366403162479401,0.2478213608264923,0.20780472457408905,4207,4207,True,,"Model comparison
----------------
truncated: xmin=1.84055, alpha=2.08861, xc=307.999, p=nan, KS=0.0176497, loglik=-2248.06, AIC=4498.12, BIC=4502.96
powerlaw: xmin=1.84055, alpha=2.11223, xc=nan, p=nan, KS=0.0152297, loglik=-2251.41, AIC=4504.82, BIC=4509.66
shifted_exp: xmin=1.84055, alpha=0.146232, xc=nan, p=nan, KS=0.309737, loglik=-2738.44, AIC=5478.88, BIC=5483.72

ΔAIC / ΔBIC
truncated: ΔAIC = 0 ΔBIC = 0
powerlaw: ΔAIC = 6.6991 ΔBIC = 6.6991
shifted_exp: ΔAIC = 980.762 ΔBIC = 980.762
",truncated,1.8405459821224213,True,,truncated,1.8405459821224213,2.0886085742790663,307.9987913966179,,0.017649720814359338,4498.119783183285,4502.962466465524,-2248.0598915916426,937,True,,shifted_exp,1.8405459821224213,0.14623179011481677,,,0.3097370633508726,5478.881773920865,5483.724457203104,-2738.4408869604326,937,-980.7619907375802
/home/hpc/Desktop/resonant_swarm_runs/position_records/N400/kappa_2p5/okappa_3/pos_rep10_seed40000010.npz,400,2.5,3.0,10,40000010,com,-1,com,0.33593984246253966,0.2508520483970642,0.22468456625938416,4154,4154,True,,"Model comparison
----------------
truncated: xmin=1.83641, alpha=2.1466, xc=670.211, p=nan, KS=0.0236054, loglik=-2266.87, AIC=4535.73, BIC=4540.61
powerlaw: xmin=1.83641, alpha=2.15563, xc=nan, p=nan, KS=0.0249782, loglik=-2267.96, AIC=4537.92, BIC=4542.8
shifted_exp: xmin=1.83641, alpha=0.146354, xc=nan, p=nan, KS=0.339864, loglik=-2845.76, AIC=5693.53, BIC=5698.41

ΔAIC / ΔBIC
truncated: ΔAIC = 0 ΔBIC = 0
powerlaw: ΔAIC = 2.18919 ΔBIC = 2.18919
shifted_exp: ΔAIC = 1157.8 ΔBIC = 1157.8
",truncated,1.8364067673683167,True,,truncated,1.8364067673683167,2.1465954067375517,670.2106968164444,,0.023605426202072205,4535.730299483073,4540.611710786716,-2266.8651497415367,974,True,,shifted_exp,1.8364067673683167,0.14635376589848706,,,0.3398635483772877,5693.527184303468,5698.40859560711,-2845.763592151734,974,-1157.7968848203946
/home/hpc/Desktop/resonant_swarm_runs/position_records/N400/kappa_2p5/okappa_3/pos_rep11_seed40000011.npz,400,2.5,3.0,11,40000011,com,-1,com,0.32638714313507095,0.23199144005775452,0.1547711193561554,4367,4367,True,,"Model comparison
----------------
truncated: xmin=2.08133, alpha=2.12208, xc=180.383, p=nan, KS=0.0218777, loglik=-2102, AIC=4206, BIC=4210.76
powerlaw: xmin=2.08133, alpha=2.16125, xc=nan, p=nan, KS=0.0304683, loglik=-2107.29, AIC=4216.57, BIC=4221.33
shifted_exp: xmin=2.08133, alpha=0.175938, xc=nan, p=nan, KS=0.22666, loglik=-2359.83, AIC=4721.66, BIC=4726.42

ΔAIC / ΔBIC
truncated: ΔAIC = 0 ΔBIC = 0
powerlaw: ΔAIC = 10.5727 ΔBIC = 10.5727
shifted_exp: ΔAIC = 515.664 ΔBIC = 515.664
",truncated,2.0813288390636444,True,,truncated,2.0813288390636444,2.1220797549703816,180.38297778367996,,0.02187774847786428,4206.000047005814,4210.759302276478,-2102.000023502907,862,True,,shifted_exp,2.0813288390636444,0.17593789240323485,,,0.22665977511604685,4721.66417302815,4726.423428298814,-2359.832086514075,862,-515.664126022336
/home/hpc/Desktop/resonant_swarm_runs/position_records/N400/kappa_2p5/okappa_3/pos_rep12_seed40000012.npz,400,2.5,3.0,12,40000012,com,-1,com,0.3313928961753847,0.24229590594768524,0.1893634796142578,4354,4354,True,,"Model comparison
----------------
truncated: xmin=2.35196, alpha=2.17394, xc=418.586, p=nan, KS=0.0143925, loglik=-1861.3, AIC=3724.6, BIC=3729.21
powerlaw: xmin=2.35196, alpha=2.1905, xc=nan, p=nan, KS=0.0169248, loglik=-1862.92, AIC=3727.83, BIC=3732.44
shifted_exp: xmin=2.35196, alpha=0.137561, xc=nan, p=nan, KS=0.291182, loglik=-2204.94, AIC=4411.89, BIC=4416.49

ΔAIC / ΔBIC
truncated: ΔAIC = 0 ΔBIC = 0
powerlaw: ΔAIC = 3.23158 ΔBIC = 3.23158
shifted_exp: ΔAIC = 687.288 ΔBIC = 687.288
",truncated,2.3519628942012787,True,,truncated,2.3519628942012787,2.173939866239645,418.5856713652611,,0.014392546810660767,3724.60048209098,3729.2057800119283,-1861.30024104549,739,True,,shifted_exp,2.3519628942012787,0.13756118439137385,,,0.29118226276414216,4411.888622549123,4416.493920470071,-2204.9443112745616,739,-687.2881404581431
/home/hpc/Desktop/resonant_swarm_runs/position_records/N400/kappa_2p5/okappa_3/pos_rep13_seed40000013.npz,400,2.5,3.0,13,40000013,com,-1,com,0.32462649345397954,0.24202483892440796,0.22684405744075775,4554,4554,True,,"Model comparison
----------------
truncated: xmin=1.76938, alpha=2.16175, xc=333.395, p=nan, KS=0.0156404, loglik=-2199.3, AIC=4400.6, BIC=4405.48
powerlaw: xmin=1.76938, alpha=2.1781, xc=nan, p=nan, KS=0.0173325, loglik=-2201.43, AIC=4404.85, BIC=4409.74
shifted_exp: xmin=1.76938, alpha=0.159933, xc=nan, p=nan, KS=0.311776, loglik=-2765.01, AIC=5532.01, BIC=5536.9

ΔAIC / ΔBIC
truncated: ΔAIC = 0 ΔBIC = 0
powerlaw: ΔAIC = 4.25497 ΔBIC = 4.25497
shifted_exp: ΔAIC = 1131.42 ΔBIC = 1131.42
",truncated,1.7693836390972137,True,,truncated,1.7693836390972137,2.161751652788553,333.3947321474552,,0.01564039716533397,4400.5966553600065,4405.480117946419,-2199.2983276800032,976,True,,shifted_exp,1.7693836390972137,0.1599333558238147,,,0.3117758125421608,5532.012245563334,5536.8957081497465,-2765.006122781667,976,-1131.4155902033272
/home/hpc/Desktop/resonant_swarm_runs/position_records/N400/kappa_2p5/okappa_3/pos_rep14_seed40000014.npz,400,2.5,3.0,14,40000014,com,-1,com,0.3297580599784851,0.24205821752548218,0.20680083334445953,4208,4208,True,,"Model comparison
----------------
truncated: xmin=1.45088, alpha=2.13954, xc=547.098, p=nan, KS=0.0277168, loglik=-2538.57, AIC=5079.15, BIC=5084.24
powerlaw: xmin=1.45088, alpha=2.14854, xc=nan, p=nan, KS=0.0290337, loglik=-2539.94, AIC=5081.87, BIC=5086.97
shifted_exp: xmin=1.45088, alpha=0.184589, xc=nan, p=nan, KS=0.315857, loglik=-3246.38, AIC=6494.76, BIC=6499.85

ΔAIC / ΔBIC
truncated: ΔAIC = 0 ΔBIC = 0
powerlaw: ΔAIC = 2.72464 ΔBIC = 2.72464
shifted_exp: ΔAIC = 1415.61 ΔBIC = 1415.61
",truncated,1.4508750140666962,True,,truncated,1.4508750140666962,2.1395359187353646,547.0978403091431,,0.027716845376948712,5079.147133530686,5084.243026751784,-2538.573566765343,1207,True,,shifted_exp,1.4508750140666962,0.18458868589345478,,,0.3158567506094009,6494.755350224103,6499.8512434452,-3246.3776751120513,1207,-1415.6082166934166
/home/hpc/Desktop/resonant_swarm_runs/position_records/N400/kappa_2p5/okappa_3/pos_rep15_seed40000015.npz,400,2.5,3.0,15,40000015,com,-1,com,0.3261224746704102,0.24434836208820343,0.24750807881355286,4287,4287,True,,"Model comparison
----------------
truncated: xmin=2.50335, alpha=2.20689, xc=1078.42, p=nan, KS=0.0175882, loglik=-1699.94, AIC=3401.88, BIC=3406.38
powerlaw: xmin=2.50335, alpha=2.21277, xc=nan, p=nan, KS=0.0179905, loglik=-1700.37, AIC=3402.75, BIC=3407.25
shifted_exp: xmin=2.50335, alpha=0.113132, xc=nan, p=nan, KS=0.342294, loglik=-2120.52, AIC=4243.05, BIC=4247.55

ΔAIC / ΔBIC
truncated: ΔAIC = 0 ΔBIC = 0
powerlaw: ΔAIC = 0.867424 ΔBIC = 0.867424
shifted_exp: ΔAIC = 841.169 ΔBIC = 841.169
",truncated,2.5033500492572784,True,,truncated,2.5033500492572784,2.2068884265771715,1078.4172431528568,,0.017588158958835143,3401.878112078264,3406.38090212418,-1699.939056039132,667,True,,shifted_exp,2.5033500492572784,0.11313248331643097,,,0.3422937563288141,4243.047101534112,4247.549891580027,-2120.523550767056,667,-841.1689894558476
/home/hpc/Desktop/resonant_swarm_runs/position_records/N400/kappa_2p5/okappa_3/pos_rep16_seed40000016.npz,400,2.5,3.0,16,40000016,com,-1,com,0.3293283700942993,0.24229873716831207,0.19907112419605255,4358,4358,True,,"Model comparison
----------------
truncated: xmin=2.4272, alpha=2.15933, xc=447.233, p=nan, KS=0.0205592, loglik=-1813.55, AIC=3629.1, BIC=3633.66
powerlaw: xmin=2.4272, alpha=2.17618, xc=nan, p=nan, KS=0.0244433, loglik=-1815.15, AIC=3632.29, BIC=3636.85
shifted_exp: xmin=2.4272, alpha=0.129182, xc=nan, p=nan, KS=0.279393, loglik=-2147.8, AIC=4297.61, BIC=4302.17

ΔAIC / ΔBIC
truncated: ΔAIC = 0 ΔBIC = 0
powerlaw: ΔAIC = 3.19088 ΔBIC = 3.19088
shifted_exp: ΔAIC = 668.508 ΔBIC = 668.508
",truncated,2.4272030889987946,True,,truncated,2.4272030889987946,2.159327506792683,447.2329315841198,,0.020559213865134485,3629.101421527056,3633.6596193298683,-1813.550710763528,705,True,,shifted_exp,2.4272030889987946,0.12918219523981528,,,0.2793931772022279,4297.609421868621,4302.167619671433,-2147.8047109343106,705,-668.5080003415651
/home/hpc/Desktop/resonant_swarm_runs/position_records/N400/kappa_2p5/okappa_3/pos_rep17_seed40000017.npz,400,2.5,3.0,17,40000017,com,-1,com,0.33224295973777773,0.24729959666728973,0.22594724595546722,4276,4276,True,,"Model comparison
----------------
truncated: xmin=1.80048, alpha=2.15245, xc=660.259, p=nan, KS=0.0186141, loglik=-2229.7, AIC=4461.4, BIC=4466.28
powerlaw: xmin=1.80048, alpha=2.16122, xc=nan, p=nan, KS=0.0205948, loglik=-2230.75, AIC=4463.5, BIC=4468.38
shifted_exp: xmin=1.80048, alpha=0.150421, xc=nan, p=nan, KS=0.318756, loglik=-2807.49, AIC=5616.98, BIC=5621.86

ΔAIC / ΔBIC
truncated: ΔAIC = 0 ΔBIC = 0
powerlaw: ΔAIC = 2.09608 ΔBIC = 2.09608
shifted_exp: ΔAIC = 1155.58 ΔBIC = 1155.58
",truncated,1.8004791736602783,True,,truncated,1.8004791736602783,2.152453035569749,660.2589454352856,,0.018614103810038363,4461.403266526958,4466.280562598456,-2229.701633263479,970,True,,shifted_exp,1.8004791736602783,0.15042071158941306,,,0.3187559834423722,5616.979183808432,5621.85647987993,-2807.489591904216,970,-1155.5759172814742
/home/hpc/Desktop/resonant_swarm_runs/position_records/N400/kappa_2p5/okappa_3/pos_rep18_seed40000018.npz,400,2.5,3.0,18,40000018,com,-1,com,0.32728785872459415,0.23776692152023315,0.1836542934179306,4461,4461,True,,"Model comparison
----------------
truncated: xmin=1.76952, alpha=2.14931, xc=227.913, p=nan, KS=0.0216086, loglik=-2276.54, AIC=4555.08, BIC=4559.99
powerlaw: xmin=1.76952, alpha=2.17404, xc=nan, p=nan, KS=0.0261386, loglik=-2280.11, AIC=4562.21, BIC=4567.13
shifted_exp: xmin=1.76952, alpha=0.184041, xc=nan, p=nan, KS=0.266396, loglik=-2714.14, AIC=5430.28, BIC=5435.2

ΔAIC / ΔBIC
truncated: ΔAIC = 0 ΔBIC = 0
powerlaw: ΔAIC = 7.13836 ΔBIC = 7.13836
shifted_exp: ΔAIC = 875.204 ΔBIC = 875.204
",truncated,1.7695215344429016,True,,truncated,1.7695215344429016,2.1493106833683226,227.9126234650612,,0.021608648467988517,4555.075948567775,4559.9916720164065,-2276.5379742838877,1008,True,,shifted_exp,1.7695215344429016,0.1840405212244809,,,0.2663963881482131,5430.2802322907955,5435.195955739427,-2714.1401161453978,1008,-875.2042837230201
/home/hpc/Desktop/resonant_swarm_runs/position_records/N400/kappa_2p5/okappa_3/pos_rep19_seed40000019.npz,400,2.5,3.0,19,40000019,com,-1,com,0.33772091865539555,0.24554909765720367,0.1835634410381317,4218,4218,True,,"Model comparison
----------------
truncated: xmin=1.82286, alpha=2.12395, xc=228.301, p=nan, KS=0.018848, loglik=-2312.05, AIC=4626.1, BIC=4631.01
powerlaw: xmin=1.82286, alpha=2.1515, xc=nan, p=nan, KS=0.0180896, loglik=-2316.14, AIC=4634.27, BIC=4639.18
shifted_exp: xmin=1.82286, alpha=0.167082, xc=nan, p=nan, KS=0.290921, loglik=-2775.33, AIC=5552.65, BIC=5557.55

ΔAIC / ΔBIC
truncated: ΔAIC = 0 ΔBIC = 0
powerlaw: ΔAIC = 8.17186 ΔBIC = 8.17186
shifted_exp: ΔAIC = 926.547 ΔBIC = 926.547
",truncated,1.822857826948166,True,,truncated,1.822857826948166,2.123947615283792,228.3007245361805,,0.01884795993207089,4626.102863262501,4631.00560599966,-2312.0514316312506,995,True,,shifted_exp,1.822857826948166,0.16708184757633945,,,0.29092130502942737,5552.650247946578,5557.552990683736,-2775.325123973289,995,-926.5473846840769
/home/hpc/Desktop/resonant_swarm_runs/position_records/N500/kappa_2p5/okappa_3/pos_rep00_seed50000000.npz,500,2.5,3.0,0,50000000,com,-1,com,0.30253716111183165,0.22109010815620422,0.17565761506557465,4312,4312,True,,"Model comparison
----------------
truncated: xmin=1.63508, alpha=2.14186, xc=378.838, p=nan, KS=0.0145669, loglik=-2118.91, AIC=4239.83, BIC=4244.69
powerlaw: xmin=1.63508, alpha=2.15622, xc=nan, p=nan, KS=0.0179675, loglik=-2120.75, AIC=4243.5, BIC=4248.37
shifted_exp: xmin=1.63508, alpha=0.175995, xc=nan, p=nan, KS=0.305221, loglik=-2625.07, AIC=5252.14, BIC=5257

ΔAIC / ΔBIC
truncated: ΔAIC = 0 ΔBIC = 0
powerlaw: ΔAIC = 3.67798 ΔBIC = 3.67798
shifted_exp: ΔAIC = 1012.31 ΔBIC = 1012.31
",truncated,1.635084182024002,True,,truncated,1.635084182024002,2.141863428295012,378.83770602941513,,0.01456688175090104,4239.826422103981,4244.692313178864,-2118.9132110519904,959,True,,shifted_exp,1.635084182024002,0.17599528087578264,,,0.3052210227573552,5252.137751022734,5257.003642097618,-2625.068875511367,959,-1012.3113289187531
/home/hpc/Desktop/resonant_swarm_runs/position_records/N500/kappa_2p5/okappa_3/pos_rep01_seed50000001.npz,500,2.5,3.0,1,50000001,com,-1,com,0.295565015077591,0.21851323544979095,0.1866316795349121,4459,4459,True,,"Model comparison
----------------
truncated: xmin=1.61028, alpha=2.22073, xc=897.403, p=nan, KS=0.0212495, loglik=-2049.75, AIC=4101.5, BIC=4106.39
powerlaw: xmin=1.61028, alpha=2.22494, xc=nan, p=nan, KS=0.0220655, loglik=-2050.18, AIC=4102.36, BIC=4107.25
shifted_exp: xmin=1.61028, alpha=0.181482, xc=nan, p=nan, KS=0.328223, loglik=-2655.17, AIC=5312.35, BIC=5317.24

ΔAIC / ΔBIC
truncated: ΔAIC = 0 ΔBIC = 0
powerlaw: ΔAIC = 0.860503 ΔBIC = 0.860503
shifted_exp: ΔAIC = 1210.85 ΔBIC = 1210.85
",truncated,1.6102783679962158,True,,truncated,1.6102783679962158,2.2207328453689894,897.4031032323837,,0.02124948585772285,4101.497941031688,4106.386513491254,-2049.748970515844,981,True,,shifted_exp,1.6102783679962158,0.1814817762688729,,,0.32822292065196756,5312.349271711846,5317.237844171412,-2655.174635855923,981,-1210.8513306801578
/home/hpc/Desktop/resonant_swarm_runs/position_records/N500/kappa_2p5/okappa_3/pos_rep02_seed50000002.npz,500,2.5,3.0,2,50000002,com,-1,com,0.3080670356750489,0.22998695075511932,0.20405152440071106,4217,4217,True,,"Model comparison
----------------
truncated: xmin=1.63955, alpha=2.13508, xc=354.562, p=nan, KS=0.0195503, loglik=-2123.03, AIC=4248.05, BIC=4252.91
powerlaw: xmin=1.63955, alpha=2.15083, xc=nan, p=nan, KS=0.0232648, loglik=-2125.08, AIC=4252.15, BIC=4257.01
shifted_exp: xmin=1.63955, alpha=0.157328, xc=nan, p=nan, KS=0.324997, loglik=-2724.05, AIC=5450.09, BIC=5454.96

ΔAIC / ΔBIC
truncated: ΔAIC = 0 ΔBIC = 0
powerlaw: ΔAIC = 4.10092 ΔBIC = 4.10092
shifted_exp: ΔAIC = 1202.04 ΔBIC = 1202.04
",truncated,1.639546424150467,True,,truncated,1.639546424150467,2.1350805495445018,354.5618922114372,,0.019550310230666224,4248.050038310193,4252.912796223244,-2123.0250191550963,956,True,,shifted_exp,1.639546424150467,0.15732827785848902,,,0.3249968496624346,5450.092406767024,5454.9551646800755,-2724.046203383512,956,-1202.0423684568314
/home/hpc/Desktop/resonant_swarm_runs/position_records/N500/kappa_2p5/okappa_3/pos_rep03_seed50000003.npz,500,2.5,3.0,3,50000003,com,-1,com,0.3141543805599213,0.23365278542041779,0.19770599901676178,4061,4061,True,,"Model comparison
----------------
truncated: xmin=1.75728, alpha=2.12051, xc=938.17, p=nan, KS=0.0204284, loglik=-2017.65, AIC=4037.3, BIC=4042.06
powerlaw: xmin=1.75728, alpha=2.12749, xc=nan, p=nan, KS=0.0217085, loglik=-2018.39, AIC=4038.79, BIC=4043.55
shifted_exp: xmin=1.75728, alpha=0.137929, xc=nan, p=nan, KS=0.355438, loglik=-2581.56, AIC=5165.12, BIC=5169.88

ΔAIC / ΔBIC
truncated: ΔAIC = 0 ΔBIC = 0
powerlaw: ΔAIC = 1.48942 ΔBIC = 1.48942
shifted_exp: ΔAIC = 1127.82 ΔBIC = 1127.82
",truncated,1.7572818100452423,True,,truncated,1.7572818100452423,2.1205068740523547,938.1702023744583,,0.020428374213511902,4037.296788514753,4042.0606734233156,-2017.6483942573766,866,True,,shifted_exp,1.7572818100452423,0.1379293974341271,,,0.3554376561354312,5165.115100618577,5169.87898552714,-2581.5575503092887,866,-1127.8183121038242
/home/hpc/Desktop/resonant_swarm_runs/position_records/N500/kappa_2p5/okappa_3/pos_rep04_seed50000004.npz,500,2.5,3.0,4,50000004,com,-1,com,0.31204750537872317,0.23333467543125153,0.21083898842334747,4178,4178,True,,"Model comparison
----------------
truncated: xmin=2.13859, alpha=2.22865, xc=628.041, p=nan, KS=0.0204199, loglik=-1870.21, AIC=3742.42, BIC=3747.09
powerlaw: xmin=2.13859, alpha=2.23668, xc=nan, p=nan, KS=0.0212652, loglik=-1870.93, AIC=3743.86, BIC=3748.53
shifted_exp: xmin=2.13859, alpha=0.138065, xc=nan, p=nan, KS=0.332, loglik=-2366.15, AIC=4734.29, BIC=4738.97

ΔAIC / ΔBIC
truncated: ΔAIC = 0 ΔBIC = 0
powerlaw: ΔAIC = 1.4418 ΔBIC = 1.4418
shifted_exp: ΔAIC = 991.875 ΔBIC = 991.875
",truncated,2.1385892927646637,True,,truncated,2.1385892927646637,2.2286539136937704,628.041214376688,,0.020419923971102816,3742.4155441849116,3747.0926276461587,-1870.2077720924558,794,True,,shifted_exp,2.1385892927646637,0.1380648232863843,,,0.33200010109010836,4734.290768607863,4738.96785206911,-2366.1453843039317,794,-991.8752244229518
/home/hpc/Desktop/resonant_swarm_runs/position_records/N500/kappa_2p5/okappa_3/pos_rep05_seed50000005.npz,500,2.5,3.0,5,50000005,com,-1,com,0.30399713516235355,0.2242792546749115,0.19398295879364014,4235,4235,True,,"Model comparison
----------------
truncated: xmin=1.40211, alpha=2.10977, xc=411.054, p=nan, KS=0.0253037, loglik=-2408.8, AIC=4819.61, BIC=4824.65
powerlaw: xmin=1.40211, alpha=2.12273, xc=nan, p=nan, KS=0.028382, loglik=-2410.82, AIC=4823.63, BIC=4828.67
shifted_exp: xmin=1.40211, alpha=0.192514, xc=nan, p=nan, KS=0.293826, loglik=-3020.89, AIC=6043.79, BIC=6048.83

ΔAIC / ΔBIC
truncated: ΔAIC = 0 ΔBIC = 0
powerlaw: ΔAIC = 4.02294 ΔBIC = 4.02294
shifted_exp: ΔAIC = 1224.18 ΔBIC = 1224.18
",truncated,1.4021068513393402,True,,truncated,1.4021068513393402,2.1097658415685214,411.0536420047283,,0.025303688754347964,4819.607628678836,4824.647289028698,-2408.803814339418,1141,True,,shifted_exp,1.4021068513393402,0.19251426363734173,,,0.2938262201744729,6043.78904115726,6048.828701507122,-3020.89452057863,1141,-1224.1814124784241
/home/hpc/Desktop/resonant_swarm_runs/position_records/N500/kappa_2p5/okappa_3/pos_rep06_seed50000006.npz,500,2.5,3.0,6,50000006,com,-1,com,0.3059728741645813,0.23314297199249268,0.22967861592769623,4166,4166,True,,"Model comparison
----------------
truncated: xmin=1.65298, alpha=2.14333, xc=725.871, p=nan, KS=0.0198561, loglik=-2096.1, AIC=4194.19, BIC=4199.04
powerlaw: xmin=1.65298, alpha=2.15096, xc=nan, p=nan, KS=0.0214015, loglik=-2096.97, AIC=4195.94, BIC=4200.79
shifted_exp: xmin=1.65298, alpha=0.141073, xc=nan, p=nan, KS=0.371407, loglik=-2780.97, AIC=5563.93, BIC=5568.78

ΔAIC / ΔBIC
truncated: ΔAIC = 0 ΔBIC = 0
powerlaw: ΔAIC = 1.74914 ΔBIC = 1.74914
shifted_exp: ΔAIC = 1369.74 ΔBIC = 1369.74
",truncated,1.6529758274555206,True,,truncated,1.6529758274555206,2.1433306279091022,725.8709791600704,,0.019856052774774813,4194.191549380002,4199.037429255266,-2096.095774690001,940,True,,shifted_exp,1.6529758274555206,0.14107331050093905,,,0.3714066167342779,5563.934111251705,5568.779991126969,-2780.9670556258525,940,-1369.7425618717034
/home/hpc/Desktop/resonant_swarm_runs/position_records/N500/kappa_2p5/okappa_3/pos_rep07_seed50000007.npz,500,2.5,3.0,7,50000007,com,-1,com,0.3077908158302307,0.23496881127357483,0.23762601613998413,4168,4168,True,,"Model comparison
----------------
truncated: xmin=1.76785, alpha=2.21395, xc=1009.82, p=nan, KS=0.0190027, loglik=-2048.14, AIC=4098.28, BIC=4103.12
powerlaw: xmin=1.76785, alpha=2.21817, xc=nan, p=nan, KS=0.019635, loglik=-2048.55, AIC=4099.11, BIC=4103.95
shifted_exp: xmin=1.76785, alpha=0.144036, xc=nan, p=nan, KS=0.361998, loglik=-2743.81, AIC=5489.61, BIC=5494.45

ΔAIC / ΔBIC
truncated: ΔAIC = 0 ΔBIC = 0
powerlaw: ΔAIC = 0.82987 ΔBIC = 0.82987
shifted_exp: ΔAIC = 1391.33 ΔBIC = 1391.33
",truncated,1.7678518891334534,True,,truncated,1.7678518891334534,2.2139462726137085,1009.8172599971294,,0.019002747114095137,4098.278575449693,4103.118051887922,-2048.1392877248463,934,True,,shifted_exp,1.7678518891334534,0.14403565076274544,,,0.3619976608814375,5489.613205152388,5494.452681590617,-2743.806602576194,934,-1391.3346297026956
/home/hpc/Desktop/resonant_swarm_runs/position_records/N500/kappa_2p5/okappa_3/pos_rep08_seed50000008.npz,500,2.5,3.0,8,50000008,com,-1,com,0.32009292840957654,0.24283811450004578,0.23781563341617584,3821,3821,True,,"Model comparison
----------------
truncated: xmin=1.66701, alpha=2.08989, xc=651.272, p=nan, KS=0.021306, loglik=-2171.33, AIC=4344.67, BIC=4349.51
powerlaw: xmin=1.66701, alpha=2.10062, xc=nan, p=nan, KS=0.0190627, loglik=-2172.69, AIC=4347.38, BIC=4352.22
shifted_exp: xmin=1.66701, alpha=0.128294, xc=nan, p=nan, KS=0.375226, loglik=-2854.96, AIC=5711.91, BIC=5716.75

ΔAIC / ΔBIC
truncated: ΔAIC = 0 ΔBIC = 0
powerlaw: ΔAIC = 2.71182 ΔBIC = 2.71182
shifted_exp: ΔAIC = 1367.24 ΔBIC = 1367.24
",truncated,1.667014330625534,True,,truncated,1.667014330625534,2.089891435003071,651.2721311748028,,0.021305955040058056,4344.668957575139,4349.509504104428,-2171.3344787875694,935,True,,shifted_exp,1.667014330625534,0.12829432351997744,,,0.3752257215072575,5711.910831507585,5716.751378036874,-2854.9554157537923,935,-1367.2418739324457
/home/hpc/Desktop/resonant_swarm_runs/position_records/N500/kappa_2p5/okappa_3/pos_rep09_seed50000009.npz,500,2.5,3.0,9,50000009,com,-1,com,0.31070439219474794,0.2250317484140396,0.16201640665531158,4155,4155,True,,"Model comparison
----------------
truncated: xmin=2.06531, alpha=2.15752, xc=240.525, p=nan, KS=0.0245451, loglik=-1872.07, AIC=3746.14, BIC=3750.8
powerlaw: xmin=2.06531, alpha=2.18409, xc=nan, p=nan, KS=0.0259525, loglik=-1875.05, AIC=3752.09, BIC=3756.75
shifted_exp: xmin=2.06531, alpha=0.150536, xc=nan, p=nan, KS=0.308304, loglik=-2259.87, AIC=4521.73, BIC=4526.39

ΔAIC / ΔBIC
truncated: ΔAIC = 0 ΔBIC = 0
powerlaw: ΔAIC = 5.95287 ΔBIC = 5.95287
shifted_exp: ΔAIC = 775.592 ΔBIC = 775.592
",truncated,2.0653050541877747,True,,truncated,2.0653050541877747,2.157521918670932,240.52457243204117,,0.024545129094050933,3746.1405484589573,3750.801123608797,-1872.0702742294786,781,True,,shifted_exp,2.0653050541877747,0.15053576829925625,,,0.3083041996696616,4521.732222583528,4526.392797733368,-2259.866111291764,781,-775.5916741245705
/home/hpc/Desktop/resonant_swarm_runs/position_records/N500/kappa_2p5/okappa_3/pos_rep10_seed50000010.npz,500,2.5,3.0,10,50000010,com,-1,com,0.2986804485321045,0.21510668098926544,0.15059779584407806,4416,4416,True,,"Model comparison
----------------
truncated: xmin=1.6053, alpha=2.17081, xc=229.314, p=nan, KS=0.0170894, loglik=-2183.41, AIC=4368.82, BIC=4373.75
powerlaw: xmin=1.6053, alpha=2.19163, xc=nan, p=nan, KS=0.0211256, loglik=-2186.32, AIC=4374.65, BIC=4379.58
shifted_exp: xmin=1.6053, alpha=0.211357, xc=nan, p=nan, KS=0.264168, loglik=-2612.95, AIC=5227.91, BIC=5232.84

ΔAIC / ΔBIC
truncated: ΔAIC = 0 ΔBIC = 0
powerlaw: ΔAIC = 5.83017 ΔBIC = 5.83017
shifted_exp: ΔAIC = 859.088 ΔBIC = 859.088
",truncated,1.6053007245063782,True,,truncated,1.6053007245063782,2.1708066055153044,229.31354823708534,,0.017089380077796812,4368.819343548011,4373.749838313963,-2183.4096717740053,1023,True,,shifted_exp,1.6053007245063782,0.2113569658765086,,,0.2641681192432631,5227.907099605333,5232.837594371285,-2612.9535498026667,1023,-859.0877560573226
/home/hpc/Desktop/resonant_swarm_runs/position_records/N500/kappa_2p5/okappa_3/pos_rep11_seed50000011.npz,500,2.5,3.0,11,50000011,com,-1,com,0.3099400341510773,0.23291273415088654,0.21570773422718048,4196,4196,True,,"Model comparison
----------------
truncated: xmin=2.15596, alpha=2.21917, xc=486.209, p=nan, KS=0.0283233, loglik=-1817.46, AIC=3636.91, BIC=3641.56
powerlaw: xmin=2.15596, alpha=2.23018, xc=nan, p=nan, KS=0.0263256, loglik=-1818.46, AIC=3638.93, BIC=3643.57
shifted_exp: xmin=2.15596, alpha=0.129543, xc=nan, p=nan, KS=0.354574, loglik=-2331.51, AIC=4665.01, BIC=4669.65

ΔAIC / ΔBIC
truncated: ΔAIC = 0 ΔBIC = 0
powerlaw: ΔAIC = 2.01144 ΔBIC = 2.01144
shifted_exp: ΔAIC = 1028.1 ΔBIC = 1028.1
",truncated,2.1559630632400513,True,,truncated,2.1559630632400513,2.219171771028606,486.20932003855705,,0.028323324621381873,3636.913872296199,3641.5550544659395,-1817.4569361480994,766,True,,shifted_exp,2.1559630632400513,0.12954305631305463,,,0.35457446012351923,4665.0127009818625,4669.653883151603,-2331.5063504909313,766,-1028.0988286856636
/home/hpc/Desktop/resonant_swarm_runs/position_records/N500/kappa_2p5/okappa_3/pos_rep12_seed50000012.npz,500,2.5,3.0,12,50000012,com,-1,com,0.2944036066532136,0.2101929485797882,0.1389613300561905,4492,4492,True,,"Model comparison
----------------
truncated: xmin=1.5515, alpha=2.18554, xc=220.983, p=nan, KS=0.0197485, loglik=-2214.47, AIC=4430.93, BIC=4435.9
powerlaw: xmin=1.5515, alpha=2.20542, xc=nan, p=nan, KS=0.024096, loglik=-2217.3, AIC=4436.61, BIC=4441.58
shifted_exp: xmin=1.5515, alpha=0.232419, xc=nan, p=nan, KS=0.251146, loglik=-2619.06, AIC=5240.12, BIC=5245.09

ΔAIC / ΔBIC
truncated: ΔAIC = 0 ΔBIC = 0
powerlaw: ΔAIC = 5.67462 ΔBIC = 5.67462
shifted_exp: ΔAIC = 809.189 ΔBIC = 809.189
",truncated,1.5514992475509644,True,,truncated,1.5514992475509644,2.1855407209937234,220.98318150639534,,0.01974845633471789,4430.9332096720855,4435.903939750229,-2214.4666048360427,1065,True,,shifted_exp,1.5514992475509644,0.23241927663042478,,,0.2511461070199976,5240.12222355923,5245.092953637374,-2619.061111779615,1065,-809.1890138871449
/home/hpc/Desktop/resonant_swarm_runs/position_records/N500/kappa_2p5/okappa_3/pos_rep13_seed50000013.npz,500,2.5,3.0,13,50000013,com,-1,com,0.31108561158180237,0.2320641726255417,0.21381795406341553,3913,3913,True,,"Model comparison
----------------
truncated: xmin=2.13285, alpha=2.09362, xc=580.965, p=nan, KS=0.0191662, loglik=-1867.44, AIC=3736.87, BIC=3741.47
powerlaw: xmin=2.13285, alpha=2.10842, xc=nan, p=nan, KS=0.0190578, loglik=-1868.96, AIC=3739.92, BIC=3744.51
shifted_exp: xmin=2.13285, alpha=0.119959, xc=nan, p=nan, KS=0.33207, loglik=-2281.16, AIC=4564.33, BIC=4568.92

ΔAIC / ΔBIC
truncated: ΔAIC = 0 ΔBIC = 0
powerlaw: ΔAIC = 3.04725 ΔBIC = 3.04725
shifted_exp: ΔAIC = 827.455 ΔBIC = 827.455
",truncated,2.132854402065277,True,,truncated,2.132854402065277,2.0936226077243645,580.9654078781605,,0.019166165703564997,3736.8724459520563,3741.466859411806,-1867.4362229760281,731,True,,shifted_exp,2.132854402065277,0.11995876056059147,,,0.33206966249826775,4564.327810114819,4568.922223574568,-2281.1639050574095,731,-827.4553641627626
/home/hpc/Desktop/resonant_swarm_runs/position_records/N500/kappa_2p5/okappa_3/pos_rep14_seed50000014.npz,500,2.5,3.0,14,50000014,com,-1,com,0.30753012299537663,0.22699539363384247,0.1934046745300293,4153,4153,True,,"Model comparison
----------------
truncated: xmin=2.0527, alpha=2.14182, xc=662.385, p=nan, KS=0.0201071, loglik=-1808.59, AIC=3619.18, BIC=3623.79
powerlaw: xmin=2.0527, alpha=2.15221, xc=nan, p=nan, KS=0.0211899, loglik=-1809.57, AIC=3621.15, BIC=3625.75
shifted_exp: xmin=2.0527, alpha=0.131219, xc=nan, p=nan, KS=0.33081, loglik=-2242.86, AIC=4487.72, BIC=4492.32

ΔAIC / ΔBIC
truncated: ΔAIC = 0 ΔBIC = 0
powerlaw: ΔAIC = 1.96237 ΔBIC = 1.96237
shifted_exp: ΔAIC = 868.531 ΔBIC = 868.531
",truncated,2.052697569131851,True,,truncated,2.052697569131851,2.141815341176608,662.3850217461586,,0.020107119627524372,3619.1845841027043,3623.7912342889026,-1808.5922920513522,740,True,,shifted_exp,2.052697569131851,0.13121881583449696,,,0.3308097859568295,4487.715719085616,4492.322369271814,-2242.857859542808,740,-868.5311349829117
/home/hpc/Desktop/resonant_swarm_runs/position_records/N500/kappa_2p5/okappa_3/pos_rep15_seed50000015.npz,500,2.5,3.0,15,50000015,com,-1,com,0.2950381100177765,0.212405264377594,0.15459319949150085,4541,4541,True,,"Model comparison
----------------
truncated: xmin=2.98252, alpha=2.36379, xc=386.717, p=nan, KS=0.0203229, loglik=-1289.64, AIC=2581.28, BIC=2585.53
powerlaw: xmin=2.98252, alpha=2.3758, xc=nan, p=nan, KS=0.0218463, loglik=-1290.3, AIC=2582.6, BIC=2586.84
shifted_exp: xmin=2.98252, alpha=0.138047, xc=nan, p=nan, KS=0.287678, loglik=-1537.76, AIC=3077.53, BIC=3081.77

ΔAIC / ΔBIC
truncated: ΔAIC = 0 ΔBIC = 0
powerlaw: ΔAIC = 1.31729 ΔBIC = 1.31729
shifted_exp: ΔAIC = 496.247 ΔBIC = 496.247
",truncated,2.9825202226638794,True,,truncated,2.9825202226638794,2.3637946029651085,386.7165503203869,,0.02032286270751335,2581.2793211756752,2585.525427941157,-1289.6396605878376,516,True,,shifted_exp,2.9825202226638794,0.13804704396599488,,,0.28767776564127356,3077.5258977288704,3081.772004494352,-1537.7629488644352,516,-496.24657655319515
/home/hpc/Desktop/resonant_swarm_runs/position_records/N500/kappa_2p5/okappa_3/pos_rep16_seed50000016.npz,500,2.5,3.0,16,50000016,com,-1,com,0.30342832803726205,0.21937505900859833,0.1552763432264328,4237,4237,True,,"Model comparison
----------------
truncated: xmin=2.8109, alpha=2.22216, xc=303.272, p=nan, KS=0.0252987, loglik=-1479.32, AIC=2960.64, BIC=2964.98
powerlaw: xmin=2.8109, alpha=2.24558, xc=nan, p=nan, KS=0.0279008, loglik=-1481.08, AIC=2964.15, BIC=2968.49
shifted_exp: xmin=2.8109, alpha=0.129846, xc=nan, p=nan, KS=0.275706, loglik=-1721.43, AIC=3444.87, BIC=3449.21

ΔAIC / ΔBIC
truncated: ΔAIC = 0 ΔBIC = 0
powerlaw: ΔAIC = 3.51206 ΔBIC = 3.51206
shifted_exp: ΔAIC = 484.228 ΔBIC = 484.228
",truncated,2.8108987510204315,True,,truncated,2.8108987510204315,2.222157002004533,303.27151784300804,,0.02529873874812616,2960.6395039997387,2964.978098077942,-1479.3197519998694,566,True,,shifted_exp,2.8108987510204315,0.12984648598513426,,,0.2757064414421494,3444.867520590681,3449.2061146688843,-1721.4337602953406,566,-484.2280165909424
/home/hpc/Desktop/resonant_swarm_runs/position_records/N500/kappa_2p5/okappa_3/pos_rep17_seed50000017.npz,500,2.5,3.0,17,50000017,com,-1,com,0.2908636450767518,0.2123572826385498,0.16015082597732544,4550,4550,True,,"Model comparison
----------------
truncated: xmin=1.63317, alpha=2.25139, xc=392.369, p=nan, KS=0.0256521, loglik=-2051.36, AIC=4104.72, BIC=4109.63
powerlaw: xmin=1.63317, alpha=2.26047, xc=nan, p=nan, KS=0.0276703, loglik=-2052.38, AIC=4106.77, BIC=4111.68
shifted_exp: xmin=1.63317, alpha=0.204302, xc=nan, p=nan, KS=0.288952, loglik=-2588.16, AIC=5178.31, BIC=5183.22

ΔAIC / ΔBIC
truncated: ΔAIC = 0 ΔBIC = 0
powerlaw: ΔAIC = 2.04732 ΔBIC = 2.04732
shifted_exp: ΔAIC = 1073.59 ΔBIC = 1073.59
",truncated,1.6331660151481628,True,,truncated,1.6331660151481628,2.2513927018100017,392.36908665299416,,0.025652058463422223,4104.722366413967,4109.63012169295,-2051.3611832069837,1000,True,,shifted_exp,1.6331660151481628,0.2043017282804685,,,0.2889519484643983,5178.314635343471,5183.2223906224535,-2588.1573176717357,1000,-1073.592268929504
/home/hpc/Desktop/resonant_swarm_runs/position_records/N500/kappa_2p5/okappa_3/pos_rep18_seed50000018.npz,500,2.5,3.0,18,50000018,com,-1,com,0.3117609441280365,0.22371834516525269,0.1552688032388687,3978,3978,True,,"Model comparison
----------------
truncated: xmin=1.71055, alpha=2.07651, xc=172.509, p=nan, KS=0.0226414, loglik=-2143.98, AIC=4289.96, BIC=4294.79
powerlaw: xmin=1.71055, alpha=2.11538, xc=nan, p=nan, KS=0.0177611, loglik=-2149.87, AIC=4301.74, BIC=4306.57
shifted_exp: xmin=1.71055, alpha=0.166695, xc=nan, p=nan, KS=0.304362, loglik=-2582.22, AIC=5166.45, BIC=5171.28

ΔAIC / ΔBIC
truncated: ΔAIC = 0 ΔBIC = 0
powerlaw: ΔAIC = 11.7834 ΔBIC = 11.7834
shifted_exp: ΔAIC = 876.488 ΔBIC = 876.488
",truncated,1.7105536758899689,True,,truncated,1.7105536758899689,2.076512879932465,172.50913858413696,,0.022641413132483468,4289.95728299714,4294.787076734653,-2143.97864149857,925,True,,shifted_exp,1.7105536758899689,0.1666945413437489,,,0.3043616225025275,5166.445635027425,5171.275428764938,-2582.2228175137125,925,-876.4883520302847
/home/hpc/Desktop/resonant_swarm_runs/position_records/N500/kappa_2p5/okappa_3/pos_rep19_seed50000019.npz,500,2.5,3.0,19,50000019,com,-1,com,0.31048117280006415,0.22361338138580322,0.16845297813415527,4088,4088,True,,"Model comparison
----------------
truncated: xmin=3.13218, alpha=2.19423, xc=230.033, p=nan, KS=0.0223913, loglik=-1424.6, AIC=2851.2, BIC=2855.45
powerlaw: xmin=3.13218, alpha=2.23181, xc=nan, p=nan, KS=0.0159831, loglik=-1427.43, AIC=2856.87, BIC=2861.12
shifted_exp: xmin=3.13218, alpha=0.114933, xc=nan, p=nan, KS=0.275581, loglik=-1644.97, AIC=3291.95, BIC=3296.2

ΔAIC / ΔBIC
truncated: ΔAIC = 0 ΔBIC = 0
powerlaw: ΔAIC = 5.67136 ΔBIC = 5.67136
shifted_exp: ΔAIC = 440.749 ΔBIC = 440.749
",truncated,3.1321819722652435,True,,truncated,3.1321819722652435,2.1942251826451384,230.0332650244236,,0.022391345226323578,2851.196727348804,2855.4505561603796,-1424.598363674402,520,True,,shifted_exp,3.1321819722652435,0.11493259733314956,,,0.27558126593282184,3291.9458098989126,3296.199638710488,-1644.9729049494563,520,-440.7490825501086
