path,N,percept_kappa,option_kappa,rep,seed,level,individual,kind,threshold,series_mean,series_std,flight_count,n_positive_flights,comparison_ok,comparison_error,comparison_summary,best_model,fixed_xmin_for_comparison,truncated_ok,truncated_error,truncated_model,truncated_xmin,truncated_alpha,truncated_xc,truncated_p_value,truncated_ks_D,truncated_aic,truncated_bic,truncated_loglik,truncated_n_used,shifted_exp_ok,shifted_exp_error,shifted_exp_model,shifted_exp_xmin,shifted_exp_alpha,shifted_exp_xc,shifted_exp_p_value,shifted_exp_ks_D,shifted_exp_aic,shifted_exp_bic,shifted_exp_loglik,shifted_exp_n_used,delta_aic_trunc_minus_exp
/home/hpc/Desktop/resonant_swarm_runs/position_records/N100/kappa_0p5/okappa_1p5/pos_rep00_seed10000000.npz,100,0.5,1.5,0,10000000,com,-1,com,2.848003053665161,2.156489610671997,0.7715229392051697,4864,4864,True,,"Model comparison
----------------
truncated: xmin=23.9065, alpha=3.16425, xc=122.69, p=nan, KS=0.0484973, loglik=-2782.07, AIC=5566.14, BIC=5570.77
powerlaw: xmin=23.9065, alpha=3.42033, xc=nan, p=nan, KS=0.0715035, loglik=-2799.78, AIC=5601.56, BIC=5606.19
shifted_exp: xmin=23.9065, alpha=0.0693434, xc=nan, p=nan, KS=0.0481554, loglik=-2773.53, AIC=5549.05, BIC=5553.68

ΔAIC / ΔBIC
truncated: ΔAIC = 17.0867 ΔBIC = 17.0867
powerlaw: ΔAIC = 52.5075 ΔBIC = 52.5075
shifted_exp: ΔAIC = 0 ΔBIC = 0
",shifted_exp,23.906495332717896,True,,truncated,23.906495332717896,3.164252690975736,122.6901376247406,,0.04849726300552437,5566.138256605051,5570.76629798123,-2782.0691283025253,756.0,True,,shifted_exp,23.906495332717896,0.06934335964697295,,,0.04815541883471852,5549.051550823998,5553.6795922001775,-2773.525775411999,756.0,17.086705781052842
/home/hpc/Desktop/resonant_swarm_runs/position_records/N100/kappa_0p5/okappa_1p5/pos_rep01_seed10000001.npz,100,0.5,1.5,1,10000001,com,-1,com,2.823341035842896,2.105539560317993,0.7888798713684082,4712,4712,True,,"Model comparison
----------------
truncated: xmin=27.0789, alpha=3.25512, xc=133.989, p=nan, KS=0.0198571, loglik=-2279.97, AIC=4561.94, BIC=4566.34
powerlaw: xmin=27.0789, alpha=3.50758, xc=nan, p=nan, KS=0.0421918, loglik=-2293.38, AIC=4588.77, BIC=4593.18
shifted_exp: xmin=27.0789, alpha=0.0624505, xc=nan, p=nan, KS=0.0776538, loglik=-2290.44, AIC=4582.88, BIC=4587.29

ΔAIC / ΔBIC
truncated: ΔAIC = 0 ΔBIC = 0
powerlaw: ΔAIC = 26.8307 ΔBIC = 26.8307
shifted_exp: ΔAIC = 20.9482 ΔBIC = 20.9482
",truncated,27.078900575637817,True,,truncated,27.078900575637817,3.255124032896423,133.98925161361694,,0.019857134075145222,4561.936371201758,4566.344899992818,-2279.968185600879,607.0,True,,shifted_exp,27.078900575637817,0.06245050213025148,,,0.07765378092593578,4582.884536338695,4587.293065129755,-2290.4422681693477,607.0,-20.94816513693695
/home/hpc/Desktop/resonant_swarm_runs/position_records/N100/kappa_0p5/okappa_1p5/pos_rep02_seed10000002.npz,100,0.5,1.5,2,10000002,com,-1,com,2.8339706897735595,2.113722324371338,0.7936981916427612,4708,4708,True,,"Model comparison
----------------
truncated: xmin=17.4841, alpha=2.62986, xc=131.042, p=nan, KS=0.0527908, loglik=-4370.21, AIC=8742.42, BIC=8747.49
powerlaw: xmin=17.4841, alpha=2.86904, xc=nan, p=nan, KS=0.0814108, loglik=-4404.41, AIC=8810.82, BIC=8815.88
shifted_exp: xmin=17.4841, alpha=0.0649993, xc=nan, p=nan, KS=0.0689398, loglik=-4360.59, AIC=8723.17, BIC=8728.23

ΔAIC / ΔBIC
truncated: ΔAIC = 19.2514 ΔBIC = 19.2514
powerlaw: ΔAIC = 87.6481 ΔBIC = 87.6481
shifted_exp: ΔAIC = 0 ΔBIC = 0
",shifted_exp,17.484126091003418,True,,truncated,17.484126091003418,2.6298553237912667,131.04204320907593,,0.05279080125790869,8742.42254199415,8747.48559015754,-4370.211270997075,1168.0,True,,shifted_exp,17.484126091003418,0.06499934682460382,,,0.06893978977718385,8723.171143462863,8728.234191626252,-4360.585571731432,1168.0,19.251398531287123
/home/hpc/Desktop/resonant_swarm_runs/position_records/N100/kappa_0p5/okappa_1p5/pos_rep03_seed10000003.npz,100,0.5,1.5,3,10000003,com,-1,com,2.8293896675109864,2.1155970096588135,0.78712397813797,4712,4712,True,,"Model comparison
----------------
truncated: xmin=24.054, alpha=2.72986, xc=110.775, p=nan, KS=0.0327899, loglik=-2786.2, AIC=5574.4, BIC=5579
powerlaw: xmin=24.054, alpha=3.1694, xc=nan, p=nan, KS=0.075583, loglik=-2822.77, AIC=5647.54, BIC=5652.13
shifted_exp: xmin=24.054, alpha=0.0594003, xc=nan, p=nan, KS=0.0468799, loglik=-2791.12, AIC=5584.25, BIC=5588.84

ΔAIC / ΔBIC
truncated: ΔAIC = 0 ΔBIC = 0
powerlaw: ΔAIC = 73.1345 ΔBIC = 73.1345
shifted_exp: ΔAIC = 9.84287 ΔBIC = 9.84287
",truncated,24.053961277008057,True,,truncated,24.053961277008057,2.7298616889141565,110.7754967212677,,0.03278989097670759,5574.402144942702,5578.995189476845,-2786.201072471351,730.0,True,,shifted_exp,24.053961277008057,0.05940033048560533,,,0.04687985916501297,5584.2450137914975,5588.83805832564,-2791.1225068957488,730.0,-9.84286884879566
/home/hpc/Desktop/resonant_swarm_runs/position_records/N100/kappa_0p5/okappa_1p5/pos_rep04_seed10000004.npz,100,0.5,1.5,4,10000004,com,-1,com,2.8455540180206302,2.1440114974975586,0.7821894288063049,4733,4733,True,,"Model comparison
----------------
truncated: xmin=30.3674, alpha=3.46326, xc=130.858, p=nan, KS=0.0433048, loglik=-1877.61, AIC=3757.21, BIC=3761.43
powerlaw: xmin=30.3674, alpha=3.74081, xc=nan, p=nan, KS=0.0637355, loglik=-1888.76, AIC=3779.51, BIC=3783.73
shifted_exp: xmin=30.3674, alpha=0.0637003, xc=nan, p=nan, KS=0.041883, loglik=-1880.54, AIC=3763.07, BIC=3767.29

ΔAIC / ΔBIC
truncated: ΔAIC = 0 ΔBIC = 0
powerlaw: ΔAIC = 22.2973 ΔBIC = 22.2973
shifted_exp: ΔAIC = 5.85896 ΔBIC = 5.85896
",truncated,30.36740231513977,True,,truncated,30.36740231513977,3.4632590453006578,130.8576624393463,,0.04330475108047707,3757.2134271734594,3761.4300332745443,-1877.6067135867297,501.0,True,,shifted_exp,30.36740231513977,0.06370034759588822,,,0.04188295677520995,3763.07239017388,3767.288996274965,-1880.53619508694,501.0,-5.858963000420772
/home/hpc/Desktop/resonant_swarm_runs/position_records/N100/kappa_0p5/okappa_1p5/pos_rep05_seed10000005.npz,100,0.5,1.5,5,10000005,com,-1,com,2.847901487350464,2.149709701538086,0.7753735184669495,4975,4975,True,,"Model comparison
----------------
truncated: xmin=27.1353, alpha=3.34182, xc=118.117, p=nan, KS=0.052665, loglik=-2213.12, AIC=4428.24, BIC=4432.64
powerlaw: xmin=27.1353, alpha=3.64189, xc=nan, p=nan, KS=0.0785085, loglik=-2228.42, AIC=4458.85, BIC=4463.24
shifted_exp: xmin=27.1353, alpha=0.0689658, xc=nan, p=nan, KS=0.0354397, loglik=-2208.16, AIC=4418.32, BIC=4422.72

ΔAIC / ΔBIC
truncated: ΔAIC = 9.92286 ΔBIC = 9.92286
powerlaw: ΔAIC = 40.5241 ΔBIC = 40.5241
shifted_exp: ΔAIC = 0 ΔBIC = 0
",shifted_exp,27.135297775268555,True,,truncated,27.135297775268555,3.341818938957152,118.11703062057495,,0.05266498842107287,4428.244827307944,4432.64342224248,-2213.122413653972,601.0,True,,shifted_exp,27.135297775268555,0.06896578737415313,,,0.0354397436244184,4418.321968475793,4422.720563410328,-2208.1609842378966,601.0,9.922858832151178
/home/hpc/Desktop/resonant_swarm_runs/position_records/N100/kappa_0p5/okappa_1p5/pos_rep06_seed10000006.npz,100,0.5,1.5,6,10000006,com,-1,com,2.8463703632354735,2.1527786254882812,0.768894374370575,4895,4895,True,,"Model comparison
----------------
truncated: xmin=23.7577, alpha=3.19827, xc=140.187, p=nan, KS=0.0632251, loglik=-2780.66, AIC=5563.33, BIC=5567.95
powerlaw: xmin=23.7577, alpha=3.39058, xc=nan, p=nan, KS=0.0823538, loglik=-2793.44, AIC=5588.88, BIC=5593.5
shifted_exp: xmin=23.7577, alpha=0.0695471, xc=nan, p=nan, KS=0.0257983, loglik=-2756.64, AIC=5515.29, BIC=5519.91

ΔAIC / ΔBIC
truncated: ΔAIC = 48.0398 ΔBIC = 48.0398
powerlaw: ΔAIC = 73.5869 ΔBIC = 73.5869
shifted_exp: ΔAIC = 0 ΔBIC = 0
",shifted_exp,23.757745265960693,True,,truncated,23.757745265960693,3.198270064945504,140.1870584487915,,0.06322512626118243,5563.329569932077,5567.9523062560265,-2780.6647849660385,752.0,True,,shifted_exp,23.757745265960693,0.0695470913931424,,,0.025798254299555345,5515.2897775158835,5519.912513839833,-2756.6448887579418,752.0,48.03979241619345
/home/hpc/Desktop/resonant_swarm_runs/position_records/N100/kappa_0p5/okappa_1p5/pos_rep07_seed10000007.npz,100,0.5,1.5,7,10000007,com,-1,com,2.8472572326660157,2.1425395011901855,0.7791563272476196,4794,4794,True,,"Model comparison
----------------
truncated: xmin=24.2457, alpha=3.08052, xc=128.254, p=nan, KS=0.050929, loglik=-2766.84, AIC=5535.69, BIC=5540.3
powerlaw: xmin=24.2457, alpha=3.34241, xc=nan, p=nan, KS=0.0753251, loglik=-2785.34, AIC=5572.68, BIC=5577.28
shifted_exp: xmin=24.2457, alpha=0.0652067, xc=nan, p=nan, KS=0.054293, loglik=-2760.34, AIC=5522.69, BIC=5527.29

ΔAIC / ΔBIC
truncated: ΔAIC = 13.0035 ΔBIC = 13.0035
powerlaw: ΔAIC = 49.9918 ΔBIC = 49.9918
shifted_exp: ΔAIC = 0 ΔBIC = 0
",shifted_exp,24.245681762695312,True,,truncated,24.245681762695312,3.0805166518734954,128.25390005111694,,0.050929033370442356,5535.689302230327,5540.295952416524,-2766.8446511151633,740.0,True,,shifted_exp,24.245681762695312,0.06520669823373743,,,0.05429302356473523,5522.685760886385,5527.292411072583,-2760.3428804431924,740.0,13.003541343941833
/home/hpc/Desktop/resonant_swarm_runs/position_records/N100/kappa_0p5/okappa_1p5/pos_rep08_seed10000008.npz,100,0.5,1.5,8,10000008,com,-1,com,2.849104309082031,2.160269021987915,0.7704417705535889,5009,5009,True,,"Model comparison
----------------
truncated: xmin=23.7615, alpha=3.32581, xc=112.925, p=nan, KS=0.0280462, loglik=-2728.22, AIC=5458.44, BIC=5463.07
powerlaw: xmin=23.7615, alpha=3.58204, xc=nan, p=nan, KS=0.0496223, loglik=-2744.76, AIC=5491.51, BIC=5496.15
shifted_exp: xmin=23.7615, alpha=0.0752236, xc=nan, p=nan, KS=0.0532308, loglik=-2729.93, AIC=5461.85, BIC=5466.49

ΔAIC / ΔBIC
truncated: ΔAIC = 0 ΔBIC = 0
powerlaw: ΔAIC = 33.0739 ΔBIC = 33.0739
shifted_exp: ΔAIC = 3.41499 ΔBIC = 3.41499
",truncated,23.761478900909424,True,,truncated,23.761478900909424,3.3258059837034173,112.92536735534668,,0.028046163519538536,5458.439847194575,5463.074480552436,-2728.2199235972876,761.0,True,,shifted_exp,23.761478900909424,0.07522364682271321,,,0.05323079496095634,5461.854839730256,5466.489473088117,-2729.927419865128,761.0,-3.4149925356805397
/home/hpc/Desktop/resonant_swarm_runs/position_records/N100/kappa_0p5/okappa_1p5/pos_rep09_seed10000009.npz,100,0.5,1.5,9,10000009,com,-1,com,2.829861354827881,2.1236491203308105,0.7805204391479492,4842,4842,True,,"Model comparison
----------------
truncated: xmin=18.1885, alpha=2.91524, xc=156.6, p=nan, KS=0.0656485, loglik=-4143.03, AIC=8288.06, BIC=8293.09
powerlaw: xmin=18.1885, alpha=3.05466, xc=nan, p=nan, KS=0.0801612, loglik=-4158.8, AIC=8319.61, BIC=8324.64
shifted_exp: xmin=18.1885, alpha=0.0713647, xc=nan, p=nan, KS=0.0577031, loglik=-4127.7, AIC=8257.41, BIC=8262.44

ΔAIC / ΔBIC
truncated: ΔAIC = 30.6466 ΔBIC = 30.6466
powerlaw: ΔAIC = 62.1967 ΔBIC = 62.1967
shifted_exp: ΔAIC = 0 ΔBIC = 0
",shifted_exp,18.188455820083618,True,,truncated,18.188455820083618,2.915236143464944,156.59993743896484,,0.06564850217135607,8288.056406472459,8293.089912956746,-4143.028203236229,1134.0,True,,shifted_exp,18.188455820083618,0.07136473677758191,,,0.05770311062281838,8257.409807640868,8262.443314125156,-4127.704903820434,1134.0,30.64659883159038
/home/hpc/Desktop/resonant_swarm_runs/position_records/N100/kappa_0p5/okappa_1p5/pos_rep10_seed10000010.npz,100,0.5,1.5,10,10000010,com,-1,com,2.846505880355835,2.1494932174682617,0.7763375639915466,4920,4920,True,,"Model comparison
----------------
truncated: xmin=24.172, alpha=3.0091, xc=117.521, p=nan, KS=0.0441853, loglik=-2719.5, AIC=5441, BIC=5445.59
powerlaw: xmin=24.172, alpha=3.33144, xc=nan, p=nan, KS=0.0750775, loglik=-2742.83, AIC=5487.67, BIC=5492.26
shifted_exp: xmin=24.172, alpha=0.0653172, xc=nan, p=nan, KS=0.0483191, loglik=-2714.35, AIC=5430.69, BIC=5435.29

ΔAIC / ΔBIC
truncated: ΔAIC = 10.3008 ΔBIC = 10.3008
powerlaw: ΔAIC = 56.9708 ΔBIC = 56.9708
shifted_exp: ΔAIC = 0 ΔBIC = 0
",shifted_exp,24.172044038772583,True,,truncated,24.172044038772583,3.0091033722026777,117.52130198478699,,0.04418533087410337,5440.995555143172,5445.585856191369,-2719.497777571586,728.0,True,,shifted_exp,24.172044038772583,0.06531724766736714,,,0.04831911544816753,5430.694759352789,5435.285060400986,-2714.3473796763947,728.0,10.300795790382836
/home/hpc/Desktop/resonant_swarm_runs/position_records/N100/kappa_0p5/okappa_1p5/pos_rep11_seed10000011.npz,100,0.5,1.5,11,10000011,com,-1,com,2.833939599990845,2.133758306503296,0.777284562587738,4850,4850,True,,"Model comparison
----------------
truncated: xmin=30.4684, alpha=3.34175, xc=113.733, p=nan, KS=0.0410208, loglik=-1871.2, AIC=3744.41, BIC=3748.62
powerlaw: xmin=30.4684, alpha=3.7482, xc=nan, p=nan, KS=0.0697683, loglik=-1888.58, AIC=3779.16, BIC=3783.38
shifted_exp: xmin=30.4684, alpha=0.0648605, xc=nan, p=nan, KS=0.0272887, loglik=-1871.49, AIC=3744.99, BIC=3749.2

ΔAIC / ΔBIC
truncated: ΔAIC = 0 ΔBIC = 0
powerlaw: ΔAIC = 34.7533 ΔBIC = 34.7533
shifted_exp: ΔAIC = 0.581979 ΔBIC = 0.581979
",truncated,30.46843719482422,True,,truncated,30.46843719482422,3.3417525330129463,113.73264002799988,,0.04102083127646805,3744.406136920883,3748.622743021968,-1871.2030684604415,501.0,True,,shifted_exp,30.46843719482422,0.06486046028261919,,,0.027288708448366672,3744.9881157353357,3749.2047218364205,-1871.4940578676678,501.0,-0.5819788144526683
/home/hpc/Desktop/resonant_swarm_runs/position_records/N100/kappa_0p5/okappa_1p5/pos_rep12_seed10000012.npz,100,0.5,1.5,12,10000012,com,-1,com,2.825908708572388,2.127688407897949,0.7761480808258057,4826,4826,True,,"Model comparison
----------------
truncated: xmin=20.6641, alpha=2.923, xc=154.925, p=nan, KS=0.068141, loglik=-3504.94, AIC=7011.88, BIC=7016.72
powerlaw: xmin=20.6641, alpha=3.09521, xc=nan, p=nan, KS=0.0874293, loglik=-3521.23, AIC=7044.46, BIC=7049.3
shifted_exp: xmin=20.6641, alpha=0.0660432, xc=nan, p=nan, KS=0.0392417, loglik=-3475.81, AIC=6953.62, BIC=6958.46

ΔAIC / ΔBIC
truncated: ΔAIC = 58.2604 ΔBIC = 58.2604
powerlaw: ΔAIC = 90.8347 ΔBIC = 90.8347
shifted_exp: ΔAIC = 0 ΔBIC = 0
",shifted_exp,20.664066076278687,True,,truncated,20.664066076278687,2.923002606770331,154.92507457733154,,0.06814102075012518,7011.883591128482,7016.724137657771,-3504.941795564241,935.0,True,,shifted_exp,20.664066076278687,0.06604324337814771,,,0.039241673212734196,6953.623176271111,6958.4637228004,-3475.8115881355557,935.0,58.26041485737096
/home/hpc/Desktop/resonant_swarm_runs/position_records/N100/kappa_0p5/okappa_1p5/pos_rep13_seed10000013.npz,100,0.5,1.5,13,10000013,com,-1,com,2.8453081607818604,2.148451566696167,0.7750284075737,4809,4809,True,,"Model comparison
----------------
truncated: xmin=21.2674, alpha=2.92579, xc=126.111, p=nan, KS=0.044167, loglik=-3390.35, AIC=6782.7, BIC=6787.52
powerlaw: xmin=21.2674, alpha=3.176, xc=nan, p=nan, KS=0.0704093, loglik=-3413.93, AIC=6829.86, BIC=6834.68
shifted_exp: xmin=21.2674, alpha=0.0665555, xc=nan, p=nan, KS=0.0589339, loglik=-3386.97, AIC=6775.95, BIC=6780.77

ΔAIC / ΔBIC
truncated: ΔAIC = 6.75162 ΔBIC = 6.75162
powerlaw: ΔAIC = 53.9142 ΔBIC = 53.9142
shifted_exp: ΔAIC = 0 ΔBIC = 0
",shifted_exp,21.267377376556396,True,,truncated,21.267377376556396,2.9257883462334298,126.11054706573486,,0.044166986888764304,6782.69992318223,6787.516659062825,-3390.349961591115,913.0,True,,shifted_exp,21.267377376556396,0.06655545475512864,,,0.05893388522829167,6775.948305013517,6780.765040894112,-3386.9741525067584,913.0,6.751618168713321
/home/hpc/Desktop/resonant_swarm_runs/position_records/N100/kappa_0p5/okappa_1p5/pos_rep14_seed10000014.npz,100,0.5,1.5,14,10000014,com,-1,com,2.8368826389312742,2.13331937789917,0.7789788246154785,4810,4810,True,,"Model comparison
----------------
truncated: xmin=20.6438, alpha=3.00707, xc=129.252, p=nan, KS=0.0473593, loglik=-3474.28, AIC=6950.56, BIC=6955.41
powerlaw: xmin=20.6438, alpha=3.21801, xc=nan, p=nan, KS=0.0677458, loglik=-3493.9, AIC=6989.79, BIC=6994.65
shifted_exp: xmin=20.6438, alpha=0.070212, xc=nan, p=nan, KS=0.0596142, loglik=-3469.77, AIC=6941.54, BIC=6946.39

ΔAIC / ΔBIC
truncated: ΔAIC = 9.01987 ΔBIC = 9.01987
powerlaw: ΔAIC = 48.2559 ΔBIC = 48.2559
shifted_exp: ΔAIC = 0 ΔBIC = 0
",shifted_exp,20.64380693435669,True,,truncated,20.64380693435669,3.0070684877820275,129.2522485256195,,0.04735934178559176,6950.557187081024,6955.412595879634,-3474.278593540512,949.0,True,,shifted_exp,20.64380693435669,0.07021195159251478,,,0.05961417290535734,6941.53731702423,6946.3927258228405,-3469.768658512115,949.0,9.01987005679348
/home/hpc/Desktop/resonant_swarm_runs/position_records/N100/kappa_0p5/okappa_1p5/pos_rep15_seed10000015.npz,100,0.5,1.5,15,10000015,com,-1,com,2.8353510379791262,2.120715856552124,0.7881391644477844,4746,4746,True,,"Model comparison
----------------
truncated: xmin=30.7822, alpha=3.64243, xc=162.417, p=nan, KS=0.0521961, loglik=-1872.79, AIC=3747.57, BIC=3751.79
powerlaw: xmin=30.7822, alpha=3.79595, xc=nan, p=nan, KS=0.0635121, loglik=-1878.21, AIC=3758.42, BIC=3762.64
shifted_exp: xmin=30.7822, alpha=0.0646553, xc=nan, p=nan, KS=0.041957, loglik=-1869.34, AIC=3740.68, BIC=3744.9

ΔAIC / ΔBIC
truncated: ΔAIC = 6.88894 ΔBIC = 6.88894
powerlaw: ΔAIC = 17.7399 ΔBIC = 17.7399
shifted_exp: ΔAIC = 0 ΔBIC = 0
",shifted_exp,30.782191514968872,True,,truncated,30.782191514968872,3.642429876253369,162.41712379455566,,0.052196079001513906,3747.5735636607187,3751.788171759141,-1872.7867818303594,500.0,True,,shifted_exp,30.782191514968872,0.06465533711279613,,,0.041956952789453605,3740.684623222764,3744.899231321186,-1869.342311611382,500.0,6.888940437954716
/home/hpc/Desktop/resonant_swarm_runs/position_records/N100/kappa_0p5/okappa_1p5/pos_rep16_seed10000016.npz,100,0.5,1.5,16,10000016,com,-1,com,2.8318082332611088,2.130066394805908,0.7774577140808105,4850,4850,True,,"Model comparison
----------------
truncated: xmin=20.8833, alpha=3.00846, xc=122.897, p=nan, KS=0.0511406, loglik=-3431.58, AIC=6865.16, BIC=6870.01
powerlaw: xmin=20.8833, alpha=3.24214, xc=nan, p=nan, KS=0.0744915, loglik=-3453.19, AIC=6908.39, BIC=6913.23
shifted_exp: xmin=20.8833, alpha=0.0703199, xc=nan, p=nan, KS=0.0537777, loglik=-3431.76, AIC=6865.53, BIC=6870.37

ΔAIC / ΔBIC
truncated: ΔAIC = 0 ΔBIC = 0
powerlaw: ΔAIC = 43.2252 ΔBIC = 43.2252
shifted_exp: ΔAIC = 0.365513 ΔBIC = 0.365513
",truncated,20.8833224773407,True,,truncated,20.8833224773407,3.008457999727691,122.89709639549255,,0.05114059247135255,6865.162655112143,6870.007470591351,-3431.5813275560713,939.0,True,,shifted_exp,20.8833224773407,0.07031987277609873,,,0.053777697938839075,6865.528167792834,6870.372983272043,-3431.764083896417,939.0,-0.3655126806916087
/home/hpc/Desktop/resonant_swarm_runs/position_records/N100/kappa_0p5/okappa_1p5/pos_rep17_seed10000017.npz,100,0.5,1.5,17,10000017,com,-1,com,2.8389261722564703,2.1273751258850098,0.7873198390007019,4854,4854,True,,"Model comparison
----------------
truncated: xmin=28.4671, alpha=3.34273, xc=160.407, p=nan, KS=0.0565904, loglik=-2023.88, AIC=4049.77, BIC=4054.05
powerlaw: xmin=28.4671, alpha=3.52391, xc=nan, p=nan, KS=0.0709959, loglik=-2031.79, AIC=4065.58, BIC=4069.86
shifted_exp: xmin=28.4671, alpha=0.0618816, xc=nan, p=nan, KS=0.0247164, loglik=-2012.31, AIC=4026.61, BIC=4030.89

ΔAIC / ΔBIC
truncated: ΔAIC = 23.1538 ΔBIC = 23.1538
powerlaw: ΔAIC = 38.9653 ΔBIC = 38.9653
shifted_exp: ΔAIC = 0 ΔBIC = 0
",shifted_exp,28.46714162826538,True,,truncated,28.46714162826538,3.3427285596868255,160.40686464309692,,0.056590370301075665,4049.7687543204793,4054.0453978098208,-2023.8843771602396,532.0,True,,shifted_exp,28.46714162826538,0.061881572035256995,,,0.0247164090786217,4026.6149513598775,4030.891594849219,-2012.3074756799388,532.0,23.15380296060175
/home/hpc/Desktop/resonant_swarm_runs/position_records/N100/kappa_0p5/okappa_1p5/pos_rep18_seed10000018.npz,100,0.5,1.5,18,10000018,com,-1,com,2.842257881164551,2.130129814147949,0.7869793772697449,4840,4840,True,,"Model comparison
----------------
truncated: xmin=20.902, alpha=3.03797, xc=167.739, p=nan, KS=0.0633798, loglik=-3418.78, AIC=6839.56, BIC=6844.38
powerlaw: xmin=20.902, alpha=3.17217, xc=nan, p=nan, KS=0.0784285, loglik=-3430.25, AIC=6862.51, BIC=6867.34
shifted_exp: xmin=20.902, alpha=0.0677889, xc=nan, p=nan, KS=0.0549535, loglik=-3399.74, AIC=6801.48, BIC=6806.3

ΔAIC / ΔBIC
truncated: ΔAIC = 38.0797 ΔBIC = 38.0797
powerlaw: ΔAIC = 61.0314 ΔBIC = 61.0314
shifted_exp: ΔAIC = 0 ΔBIC = 0
",shifted_exp,20.901983737945557,True,,truncated,20.901983737945557,3.037972945262367,167.73917293548584,,0.0633797639926319,6839.55785807233,6844.383318108586,-3418.778929036165,921.0,True,,shifted_exp,20.901983737945557,0.0677889387093415,,,0.0549535078799476,6801.478200021265,6806.303660057521,-3399.7391000106327,921.0,38.07965805106505
/home/hpc/Desktop/resonant_swarm_runs/position_records/N100/kappa_0p5/okappa_1p5/pos_rep19_seed10000019.npz,100,0.5,1.5,19,10000019,com,-1,com,2.8337297916412356,2.1155312061309814,0.7918198108673096,4737,4737,True,,"Model comparison
----------------
truncated: xmin=23.939, alpha=3.18376, xc=135.071, p=nan, KS=0.044181, loglik=-2853.02, AIC=5708.04, BIC=5712.68
powerlaw: xmin=23.939, alpha=3.39548, xc=nan, p=nan, KS=0.0649049, loglik=-2867.64, AIC=5737.29, BIC=5741.93
shifted_exp: xmin=23.939, alpha=0.0673734, xc=nan, p=nan, KS=0.0475115, loglik=-2850.78, AIC=5703.55, BIC=5708.2

ΔAIC / ΔBIC
truncated: ΔAIC = 4.48258 ΔBIC = 4.48258
powerlaw: ΔAIC = 33.733 ΔBIC = 33.733
shifted_exp: ΔAIC = 0 ΔBIC = 0
",shifted_exp,23.93904161453247,True,,truncated,23.93904161453247,3.1837584483667616,135.07084012031555,,0.04418104068398329,5708.035780308004,5712.683468681567,-2853.017890154002,771.0,True,,shifted_exp,23.93904161453247,0.06737337855197492,,,0.04751146102112891,5703.553197366821,5708.200885740384,-2850.7765986834106,771.0,4.4825829411829545
/home/hpc/Desktop/resonant_swarm_runs/position_records/N200/kappa_0p5/okappa_1p5/pos_rep00_seed20000000.npz,200,0.5,1.5,0,20000000,com,-1,com,2.7714865684509276,1.984222650527954,0.8263652324676514,3378,3378,True,,"Model comparison
----------------
truncated: xmin=33.1046, alpha=2.79155, xc=199.356, p=nan, KS=0.0378631, loglik=-2391.08, AIC=4784.16, BIC=4788.5
powerlaw: xmin=33.1046, alpha=3.06958, xc=nan, p=nan, KS=0.0671255, loglik=-2408.62, AIC=4819.24, BIC=4823.58
shifted_exp: xmin=33.1046, alpha=0.039443, xc=nan, p=nan, KS=0.047943, loglik=-2395.82, AIC=4793.64, BIC=4797.98

ΔAIC / ΔBIC
truncated: ΔAIC = 0 ΔBIC = 0
powerlaw: ΔAIC = 35.0853 ΔBIC = 35.0853
shifted_exp: ΔAIC = 9.48571 ΔBIC = 9.48571
",truncated,33.10462665557861,True,,truncated,33.10462665557861,2.7915452066373856,199.3559377193451,,0.037863072407373355,4784.156420396508,4788.495014474711,-2391.078210198254,566.0,True,,shifted_exp,33.10462665557861,0.03944297167089239,,,0.04794296508434459,4793.642126981915,4797.9807210601175,-2395.8210634909574,566.0,-9.48570658540666
/home/hpc/Desktop/resonant_swarm_runs/position_records/N200/kappa_0p5/okappa_1p5/pos_rep01_seed20000001.npz,200,0.5,1.5,1,20000001,com,-1,com,2.746040773391724,1.9698386192321777,0.8233439922332764,3332,3332,True,,"Model comparison
----------------
truncated: xmin=20.1841, alpha=2.26169, xc=235.973, p=nan, KS=0.0552658, loglik=-4018.92, AIC=8039.83, BIC=8044.68
powerlaw: xmin=20.1841, alpha=2.47739, xc=nan, p=nan, KS=0.0875248, loglik=-4051.17, AIC=8104.33, BIC=8109.18
shifted_exp: xmin=20.1841, alpha=0.039031, xc=nan, p=nan, KS=0.0638996, loglik=-4005.77, AIC=8013.54, BIC=8018.39

ΔAIC / ΔBIC
truncated: ΔAIC = 26.2948 ΔBIC = 26.2948
powerlaw: ΔAIC = 90.7973 ΔBIC = 90.7973
shifted_exp: ΔAIC = 0 ΔBIC = 0
",shifted_exp,20.184054613113403,True,,truncated,20.184054613113403,2.2616866217929634,235.97327756881714,,0.05526581912625417,8039.8310530170675,8044.681179183213,-4018.9155265085337,944.0,True,,shifted_exp,20.184054613113403,0.039031024820158446,,,0.06389955948902976,8013.536256404563,8018.3863825707085,-4005.7681282022813,944.0,26.294796612504797
/home/hpc/Desktop/resonant_swarm_runs/position_records/N200/kappa_0p5/okappa_1p5/pos_rep02_seed20000002.npz,200,0.5,1.5,2,20000002,com,-1,com,2.732256937026978,1.9298299551010132,0.8352768421173096,3195,3195,True,,"Model comparison
----------------
truncated: xmin=35.2339, alpha=2.81194, xc=205.01, p=nan, KS=0.0319012, loglik=-2298.87, AIC=4599.74, BIC=4604.03
powerlaw: xmin=35.2339, alpha=3.09931, xc=nan, p=nan, KS=0.0625053, loglik=-2315.95, AIC=4633.9, BIC=4638.19
shifted_exp: xmin=35.2339, alpha=0.0380267, xc=nan, p=nan, KS=0.0476215, loglik=-2301.24, AIC=4604.49, BIC=4608.78

ΔAIC / ΔBIC
truncated: ΔAIC = 0 ΔBIC = 0
powerlaw: ΔAIC = 34.1527 ΔBIC = 34.1527
shifted_exp: ΔAIC = 4.74213 ΔBIC = 4.74213
",truncated,35.233906984329224,True,,truncated,35.233906984329224,2.811939265481684,205.01020789146423,,0.03190119879460557,4599.744307126902,4604.0340226978105,-2298.872153563451,539.0,True,,shifted_exp,35.233906984329224,0.03802665427482011,,,0.04762149974930452,4604.486435931692,4608.7761515026,-2301.243217965846,539.0,-4.7421288047899
/home/hpc/Desktop/resonant_swarm_runs/position_records/N200/kappa_0p5/okappa_1p5/pos_rep03_seed20000003.npz,200,0.5,1.5,3,20000003,com,-1,com,2.7666241168975834,1.9856613874435425,0.8268813490867615,3294,3294,True,,"Model comparison
----------------
truncated: xmin=31.9284, alpha=2.55882, xc=211.363, p=nan, KS=0.0455118, loglik=-2546.97, AIC=5095.93, BIC=5100.31
powerlaw: xmin=31.9284, alpha=2.8632, xc=nan, p=nan, KS=0.0812401, loglik=-2569.84, AIC=5141.67, BIC=5146.05
shifted_exp: xmin=31.9284, alpha=0.0358395, xc=nan, p=nan, KS=0.0428538, loglik=-2540.95, AIC=5083.9, BIC=5088.28

ΔAIC / ΔBIC
truncated: ΔAIC = 12.0301 ΔBIC = 12.0301
powerlaw: ΔAIC = 57.7715 ΔBIC = 57.7715
shifted_exp: ΔAIC = 0 ΔBIC = 0
",shifted_exp,31.928438425064087,True,,truncated,31.928438425064087,2.5588216379860227,211.36349630355835,,0.04551182048364083,5095.930412814231,5100.30543763406,-2546.9652064071156,587.0,True,,shifted_exp,31.928438425064087,0.03583946677376606,,,0.04285380196420857,5083.900337947537,5088.275362767366,-2540.9501689737685,587.0,12.030074866694122
/home/hpc/Desktop/resonant_swarm_runs/position_records/N200/kappa_0p5/okappa_1p5/pos_rep04_seed20000004.npz,200,0.5,1.5,4,20000004,com,-1,com,2.771199941635132,1.990830898284912,0.8231894373893738,3433,3433,True,,"Model comparison
----------------
truncated: xmin=26.2214, alpha=2.58901, xc=209.65, p=nan, KS=0.0386374, loglik=-3113.12, AIC=6228.24, BIC=6232.85
powerlaw: xmin=26.2214, alpha=2.81823, xc=nan, p=nan, KS=0.0670678, loglik=-3134.49, AIC=6270.99, BIC=6275.6
shifted_exp: xmin=26.2214, alpha=0.0407016, xc=nan, p=nan, KS=0.0728423, loglik=-3121.71, AIC=6245.41, BIC=6250.02

ΔAIC / ΔBIC
truncated: ΔAIC = 0 ΔBIC = 0
powerlaw: ΔAIC = 42.7498 ΔBIC = 42.7498
shifted_exp: ΔAIC = 17.1763 ΔBIC = 17.1763
",truncated,26.221402406692505,True,,truncated,26.221402406692505,2.5890139236635226,209.6501874923706,,0.03863743514704293,6228.235957703791,6232.846653748509,-3113.1179788518957,743.0,True,,shifted_exp,26.221402406692505,0.040701564866826696,,,0.07284231555255077,6245.412265346126,6250.022961390844,-3121.706132673063,743.0,-17.176307642334905
/home/hpc/Desktop/resonant_swarm_runs/position_records/N200/kappa_0p5/okappa_1p5/pos_rep05_seed20000005.npz,200,0.5,1.5,5,20000005,com,-1,com,2.8039153575897218,2.0246169567108154,0.8352246284484863,3497,3497,True,,"Model comparison
----------------
truncated: xmin=35.2291, alpha=3.10328, xc=245.152, p=nan, KS=0.0490708, loglik=-2115.85, AIC=4233.7, BIC=4237.93
powerlaw: xmin=35.2291, alpha=3.26195, xc=nan, p=nan, KS=0.0658534, loglik=-2123.18, AIC=4248.37, BIC=4252.6
shifted_exp: xmin=35.2291, alpha=0.0419913, xc=nan, p=nan, KS=0.05478, loglik=-2114.34, AIC=4230.68, BIC=4234.9

ΔAIC / ΔBIC
truncated: ΔAIC = 3.02742 ΔBIC = 3.02742
powerlaw: ΔAIC = 17.6937 ΔBIC = 17.6937
shifted_exp: ΔAIC = 0 ΔBIC = 0
",shifted_exp,35.229082345962524,True,,truncated,35.229082345962524,3.1032768408797042,245.1521031856537,,0.049070770534082986,4233.703671054025,4237.932182057616,-2115.8518355270126,507.0,True,,shifted_exp,35.229082345962524,0.04199132797398464,,,0.0547800200587264,4230.67624905152,4234.904760055111,-2114.33812452576,507.0,3.0274220025048635
/home/hpc/Desktop/resonant_swarm_runs/position_records/N200/kappa_0p5/okappa_1p5/pos_rep06_seed20000006.npz,200,0.5,1.5,6,20000006,com,-1,com,2.7221070766448974,1.9287254810333252,0.8309852480888367,3183,3183,True,,"Model comparison
----------------
truncated: xmin=26.1949, alpha=2.3179, xc=268.016, p=nan, KS=0.0625351, loglik=-3092.36, AIC=6186.72, BIC=6191.26
powerlaw: xmin=26.1949, alpha=2.55051, xc=nan, p=nan, KS=0.0945027, loglik=-3116.94, AIC=6235.88, BIC=6240.42
shifted_exp: xmin=26.1949, alpha=0.0329251, xc=nan, p=nan, KS=0.0448254, loglik=-3076.22, AIC=6154.45, BIC=6159

ΔAIC / ΔBIC
truncated: ΔAIC = 32.2666 ΔBIC = 32.2666
powerlaw: ΔAIC = 81.4288 ΔBIC = 81.4288
shifted_exp: ΔAIC = 0 ΔBIC = 0
",shifted_exp,26.19491720199585,True,,truncated,26.19491720199585,2.317903248078695,268.01621890068054,,0.06253513120331783,6186.715127538231,6191.261912948991,-3092.3575637691156,697.0,True,,shifted_exp,26.19491720199585,0.03292506139560061,,,0.044825356629949964,6154.448506301465,6158.9952917122255,-3076.2242531507327,697.0,32.266621236765786
/home/hpc/Desktop/resonant_swarm_runs/position_records/N200/kappa_0p5/okappa_1p5/pos_rep07_seed20000007.npz,200,0.5,1.5,7,20000007,com,-1,com,2.767021369934082,1.9940627813339233,0.8209952712059021,3379,3379,True,,"Model comparison
----------------
truncated: xmin=31.8802, alpha=2.57864, xc=185.137, p=nan, KS=0.0311032, loglik=-2440.25, AIC=4882.5, BIC=4886.85
powerlaw: xmin=31.8802, alpha=2.93524, xc=nan, p=nan, KS=0.0684888, loglik=-2465.86, AIC=4933.71, BIC=4938.06
shifted_exp: xmin=31.8802, alpha=0.0378737, xc=nan, p=nan, KS=0.0494871, loglik=-2440.17, AIC=4882.33, BIC=4886.68

ΔAIC / ΔBIC
truncated: ΔAIC = 0.167415 ΔBIC = 0.167415
powerlaw: ΔAIC = 51.3797 ΔBIC = 51.3797
shifted_exp: ΔAIC = 0 ΔBIC = 0
",shifted_exp,31.880213022232056,True,,truncated,31.880213022232056,2.5786419001084355,185.13667273521423,,0.03110323958758171,4882.501780599646,4886.849169809302,-2440.250890299823,571.0,True,,shifted_exp,31.880213022232056,0.037873724463244746,,,0.0494870522764046,4882.334365700404,4886.681754910061,-2440.167182850202,571.0,0.1674148992415212
/home/hpc/Desktop/resonant_swarm_runs/position_records/N200/kappa_0p5/okappa_1p5/pos_rep08_seed20000008.npz,200,0.5,1.5,8,20000008,com,-1,com,2.787291145324707,1.9957835674285889,0.8348112106323242,3342,3342,True,,"Model comparison
----------------
truncated: xmin=25.985, alpha=2.37301, xc=214.791, p=nan, KS=0.0470846, loglik=-3197.1, AIC=6396.2, BIC=6400.8
powerlaw: xmin=25.985, alpha=2.65196, xc=nan, p=nan, KS=0.0810741, loglik=-3227.07, AIC=6456.13, BIC=6460.74
shifted_exp: xmin=25.985, alpha=0.0366028, xc=nan, p=nan, KS=0.0499927, loglik=-3187.65, AIC=6377.3, BIC=6381.9

ΔAIC / ΔBIC
truncated: ΔAIC = 18.9019 ΔBIC = 18.9019
powerlaw: ΔAIC = 78.8392 ΔBIC = 78.8392
shifted_exp: ΔAIC = 0 ΔBIC = 0
",shifted_exp,25.9850435256958,True,,truncated,25.9850435256958,2.3730126181148203,214.79146933555603,,0.04708461367132044,6396.197060856837,6400.803711043035,-3197.0985304284186,740.0,True,,shifted_exp,25.9850435256958,0.03660275242896455,,,0.04999272935634341,6377.295120869363,6381.901771055561,-3187.6475604346815,740.0,18.90193998747418
/home/hpc/Desktop/resonant_swarm_runs/position_records/N200/kappa_0p5/okappa_1p5/pos_rep09_seed20000009.npz,200,0.5,1.5,9,20000009,com,-1,com,2.7721947669982914,1.9916688203811646,0.8314136266708374,3379,3379,True,,"Model comparison
----------------
truncated: xmin=35.5033, alpha=2.87988, xc=237.676, p=nan, KS=0.0499157, loglik=-2167.69, AIC=4337.39, BIC=4341.61
powerlaw: xmin=35.5033, alpha=3.09598, xc=nan, p=nan, KS=0.0712805, loglik=-2179.19, AIC=4360.39, BIC=4364.61
shifted_exp: xmin=35.5033, alpha=0.038212, xc=nan, p=nan, KS=0.0372532, loglik=-2157.89, AIC=4317.78, BIC=4322.01

ΔAIC / ΔBIC
truncated: ΔAIC = 19.6061 ΔBIC = 19.6061
powerlaw: ΔAIC = 42.6065 ΔBIC = 42.6065
shifted_exp: ΔAIC = 0 ΔBIC = 0
",shifted_exp,35.50331783294678,True,,truncated,35.50331783294678,2.879876390643532,237.67563366889954,,0.049915688374529754,4337.385844406167,4341.612381075454,-2167.6929222030835,506.0,True,,shifted_exp,35.50331783294678,0.03821204670677705,,,0.03725321066149406,4317.779707719817,4322.006244389105,-2157.8898538599087,506.0,19.6061366863496
/home/hpc/Desktop/resonant_swarm_runs/position_records/N200/kappa_0p5/okappa_1p5/pos_rep10_seed20000010.npz,200,0.5,1.5,10,20000010,com,-1,com,2.722332525253296,1.913987159729004,0.8385217189788818,3035,3035,True,,"Model comparison
----------------
truncated: xmin=16.9159, alpha=2.11604, xc=327.684, p=nan, KS=0.0735636, loglik=-4673.05, AIC=9348.11, BIC=9353.09
powerlaw: xmin=16.9159, alpha=2.27644, xc=nan, p=nan, KS=0.100383, loglik=-4703.92, AIC=9409.84, BIC=9414.82
shifted_exp: xmin=16.9159, alpha=0.0363097, xc=nan, p=nan, KS=0.0716373, loglik=-4647.98, AIC=9297.95, BIC=9302.94

ΔAIC / ΔBIC
truncated: ΔAIC = 50.1509 ΔBIC = 50.1509
powerlaw: ΔAIC = 111.885 ΔBIC = 111.885
shifted_exp: ΔAIC = 0 ΔBIC = 0
",shifted_exp,16.91592240333557,True,,truncated,16.91592240333557,2.1160381024859802,327.68388175964355,,0.07356360156923192,9348.10545430152,9353.087388978676,-4673.05272715076,1077.0,True,,shifted_exp,16.91592240333557,0.0363096895103882,,,0.07163729527549345,9297.954568618354,9302.93650329551,-4647.977284309177,1077.0,50.15088568316605
/home/hpc/Desktop/resonant_swarm_runs/position_records/N200/kappa_0p5/okappa_1p5/pos_rep11_seed20000011.npz,200,0.5,1.5,11,20000011,com,-1,com,2.764079189300537,2.008260488510132,0.805694043636322,3348,3348,True,,"Model comparison
----------------
truncated: xmin=14.1674, alpha=2.0783, xc=247.872, p=nan, KS=0.0711815, loglik=-5443.76, AIC=10889.5, BIC=10894.7
powerlaw: xmin=14.1674, alpha=2.2652, xc=nan, p=nan, KS=0.103267, loglik=-5488.96, AIC=10979.9, BIC=10985.1
shifted_exp: xmin=14.1674, alpha=0.0425832, xc=nan, p=nan, KS=0.0912896, loglik=-5423.97, AIC=10849.9, BIC=10855.1

ΔAIC / ΔBIC
truncated: ΔAIC = 39.5922 ΔBIC = 39.5922
powerlaw: ΔAIC = 129.995 ΔBIC = 129.995
shifted_exp: ΔAIC = 0 ΔBIC = 0
",shifted_exp,14.167420148849487,True,,truncated,14.167420148849487,2.078298994009798,247.87189054489136,,0.0711815350721417,10889.525972701675,10894.69993102143,-5443.762986350837,1305.0,True,,shifted_exp,14.167420148849487,0.04258315746312807,,,0.09128962095040988,10849.933783044306,10855.107741364061,-5423.966891522153,1305.0,39.59218965736909
/home/hpc/Desktop/resonant_swarm_runs/position_records/N200/kappa_0p5/okappa_1p5/pos_rep12_seed20000012.npz,200,0.5,1.5,12,20000012,com,-1,com,2.790399169921875,2.033856153488159,0.8117798566818237,3549,3549,True,,"Model comparison
----------------
truncated: xmin=32.9212, alpha=2.94043, xc=265.935, p=nan, KS=0.0496707, loglik=-2304.42, AIC=4610.84, BIC=4615.14
powerlaw: xmin=32.9212, alpha=3.09008, xc=nan, p=nan, KS=0.066507, loglik=-2312.51, AIC=4627.02, BIC=4631.32
shifted_exp: xmin=32.9212, alpha=0.0399027, xc=nan, p=nan, KS=0.0537666, loglik=-2304.84, AIC=4611.67, BIC=4615.97

ΔAIC / ΔBIC
truncated: ΔAIC = 0 ΔBIC = 0
powerlaw: ΔAIC = 16.1786 ΔBIC = 16.1786
shifted_exp: ΔAIC = 0.834468 ΔBIC = 0.834468
",truncated,32.92116069793701,True,,truncated,32.92116069793701,2.94043298535993,265.9350519180298,,0.04967067305127859,4610.836481236021,4615.139100211766,-2304.4182406180107,546.0,True,,shifted_exp,32.92116069793701,0.039902735717313044,,,0.053766590180851837,4611.670949257623,4615.973568233368,-2304.8354746288114,546.0,-0.834468021601424
/home/hpc/Desktop/resonant_swarm_runs/position_records/N200/kappa_0p5/okappa_1p5/pos_rep13_seed20000013.npz,200,0.5,1.5,13,20000013,com,-1,com,2.736257839202881,1.9425781965255737,0.8305810689926147,3205,3205,True,,"Model comparison
----------------
truncated: xmin=13.9991, alpha=1.97493, xc=226.358, p=nan, KS=0.0654857, loglik=-5381.96, AIC=10765.9, BIC=10771.1
powerlaw: xmin=13.9991, alpha=2.20766, xc=nan, p=nan, KS=0.103268, loglik=-5442.06, AIC=10886.1, BIC=10891.3
shifted_exp: xmin=13.9991, alpha=0.0401489, xc=nan, p=nan, KS=0.0766779, loglik=-5361.69, AIC=10725.4, BIC=10730.5

ΔAIC / ΔBIC
truncated: ΔAIC = 40.5418 ΔBIC = 40.5418
powerlaw: ΔAIC = 160.751 ΔBIC = 160.751
shifted_exp: ΔAIC = 0 ΔBIC = 0
",shifted_exp,13.999109745025635,True,,truncated,13.999109745025635,1.9749331900719869,226.3578565120697,,0.06548567768629224,10765.911898806251,10771.060244550152,-5381.9559494031255,1272.0,True,,shifted_exp,13.999109745025635,0.04014886190363332,,,0.07667792641587395,10725.37005490044,10730.518400644341,-5361.68502745022,1272.0,40.54184390581031
/home/hpc/Desktop/resonant_swarm_runs/position_records/N200/kappa_0p5/okappa_1p5/pos_rep14_seed20000014.npz,200,0.5,1.5,14,20000014,com,-1,com,2.7973351955413817,2.028533697128296,0.8237305283546448,3556,3556,True,,"Model comparison
----------------
truncated: xmin=23.2686, alpha=2.50552, xc=221.254, p=nan, KS=0.0510611, loglik=-3499.66, AIC=7001.31, BIC=7006.05
powerlaw: xmin=23.2686, alpha=2.70731, xc=nan, p=nan, KS=0.0776937, loglik=-3522.04, AIC=7046.07, BIC=7050.81
shifted_exp: xmin=23.2686, alpha=0.0420742, xc=nan, p=nan, KS=0.0621558, loglik=-3497.22, AIC=6996.44, BIC=7001.17

ΔAIC / ΔBIC
truncated: ΔAIC = 4.87351 ΔBIC = 4.87351
powerlaw: ΔAIC = 49.634 ΔBIC = 49.634
shifted_exp: ΔAIC = 0 ΔBIC = 0
",shifted_exp,23.268604278564453,True,,truncated,23.268604278564453,2.5055197332858934,221.25386786460876,,0.051061078621011724,7001.314229604572,7006.046440311039,-3499.657114802286,839.0,True,,shifted_exp,23.268604278564453,0.04207422924157459,,,0.06215582449152551,6996.4407213082095,7001.172932014677,-3497.2203606541048,839.0,4.873508296362161
/home/hpc/Desktop/resonant_swarm_runs/position_records/N200/kappa_0p5/okappa_1p5/pos_rep15_seed20000015.npz,200,0.5,1.5,15,20000015,com,-1,com,2.7819491386413575,2.0191214084625244,0.8209474682807922,3516,3516,True,,"Model comparison
----------------
truncated: xmin=29.7638, alpha=2.73936, xc=254.506, p=nan, KS=0.0576306, loglik=-2700.69, AIC=5403.38, BIC=5407.84
powerlaw: xmin=29.7638, alpha=2.91455, xc=nan, p=nan, KS=0.0790088, loglik=-2713.26, AIC=5428.52, BIC=5432.97
shifted_exp: xmin=29.7638, alpha=0.0390542, xc=nan, p=nan, KS=0.0570561, loglik=-2698.42, AIC=5398.85, BIC=5403.3

ΔAIC / ΔBIC
truncated: ΔAIC = 4.53728 ΔBIC = 4.53728
powerlaw: ΔAIC = 29.6692 ΔBIC = 29.6692
shifted_exp: ΔAIC = 0 ΔBIC = 0
",shifted_exp,29.763835668563843,True,,truncated,29.763835668563843,2.7393556487085227,254.5062108039856,,0.0576305697087901,5403.38470407563,5407.83990263897,-2700.692352037815,636.0,True,,shifted_exp,29.763835668563843,0.039054210632650445,,,0.05705614304688961,5398.847428060955,5403.302626624295,-2698.4237140304776,636.0,4.537276014674717
/home/hpc/Desktop/resonant_swarm_runs/position_records/N200/kappa_0p5/okappa_1p5/pos_rep16_seed20000016.npz,200,0.5,1.5,16,20000016,com,-1,com,2.7914592266082767,2.005382537841797,0.8307573199272156,3395,3395,True,,"Model comparison
----------------
truncated: xmin=20.0558, alpha=2.41583, xc=324.934, p=nan, KS=0.0695551, loglik=-4170.88, AIC=8343.76, BIC=8348.66
powerlaw: xmin=20.0558, alpha=2.53553, xc=nan, p=nan, KS=0.0880355, loglik=-4187.12, AIC=8376.24, BIC=8381.14
shifted_exp: xmin=20.0558, alpha=0.041212, xc=nan, p=nan, KS=0.0657644, loglik=-4155.51, AIC=8313.03, BIC=8317.93

ΔAIC / ΔBIC
truncated: ΔAIC = 30.7323 ΔBIC = 30.7323
powerlaw: ΔAIC = 63.2101 ΔBIC = 63.2101
shifted_exp: ΔAIC = 0 ΔBIC = 0
",shifted_exp,20.05576229095459,True,,truncated,20.05576229095459,2.4158271260710484,324.9340605735779,,0.06955506090141345,8343.76142005706,8348.661143164345,-4170.88071002853,992.0,True,,shifted_exp,20.05576229095459,0.0412119598944679,,,0.06576435445011838,8313.029123686358,8317.928846793642,-4155.514561843179,992.0,30.732296370702898
/home/hpc/Desktop/resonant_swarm_runs/position_records/N200/kappa_0p5/okappa_1p5/pos_rep17_seed20000017.npz,200,0.5,1.5,17,20000017,com,-1,com,2.7753668785095216,2.0101706981658936,0.819405198097229,3449,3449,True,,"Model comparison
----------------
truncated: xmin=26.3635, alpha=2.57424, xc=252.465, p=nan, KS=0.0479233, loglik=-3083.9, AIC=6169.81, BIC=6174.4
powerlaw: xmin=26.3635, alpha=2.75788, xc=nan, p=nan, KS=0.0710807, loglik=-3100.64, AIC=6203.28, BIC=6207.86
shifted_exp: xmin=26.3635, alpha=0.039131, xc=nan, p=nan, KS=0.0610718, loglik=-3074.61, AIC=6151.22, BIC=6155.8

ΔAIC / ΔBIC
truncated: ΔAIC = 18.5918 ΔBIC = 18.5918
powerlaw: ΔAIC = 52.0575 ΔBIC = 52.0575
shifted_exp: ΔAIC = 0 ΔBIC = 0
",shifted_exp,26.363494873046875,True,,truncated,26.363494873046875,2.5742383782235785,252.46479630470276,,0.04792333540601412,6169.809673005211,6174.395844660065,-3083.9048365026056,725.0,True,,shifted_exp,26.363494873046875,0.03913101419991998,,,0.0610717581481075,6151.217890329706,6155.804061984561,-3074.608945164853,725.0,18.591782675504874
/home/hpc/Desktop/resonant_swarm_runs/position_records/N200/kappa_0p5/okappa_1p5/pos_rep18_seed20000018.npz,200,0.5,1.5,18,20000018,com,-1,com,2.7488751411437993,1.9608254432678223,0.8305391669273376,3348,3348,True,,"Model comparison
----------------
truncated: xmin=35.3304, alpha=2.8037, xc=242.939, p=nan, KS=0.0504255, loglik=-2206.11, AIC=4414.22, BIC=4418.46
powerlaw: xmin=35.3304, alpha=3.02848, xc=nan, p=nan, KS=0.0726747, loglik=-2218.72, AIC=4439.45, BIC=4443.68
shifted_exp: xmin=35.3304, alpha=0.0366438, xc=nan, p=nan, KS=0.041302, loglik=-2196.32, AIC=4394.64, BIC=4398.88

ΔAIC / ΔBIC
truncated: ΔAIC = 19.5797 ΔBIC = 19.5797
powerlaw: ΔAIC = 44.8067 ΔBIC = 44.8067
shifted_exp: ΔAIC = 0 ΔBIC = 0
",shifted_exp,35.3303964138031,True,,truncated,35.3303964138031,2.803697179546781,242.93876433372498,,0.05042545320154662,4414.222139974527,4418.456550700245,-2206.1110699872634,510.0,True,,shifted_exp,35.3303964138031,0.03664375740561941,,,0.0413019500728008,4394.6424390571,4398.876849782819,-2196.32121952855,510.0,19.579700917426635
/home/hpc/Desktop/resonant_swarm_runs/position_records/N200/kappa_0p5/okappa_1p5/pos_rep19_seed20000019.npz,200,0.5,1.5,19,20000019,com,-1,com,2.7452023506164553,1.9469550848007202,0.8361068964004517,3241,3241,True,,"Model comparison
----------------
truncated: xmin=29.131, alpha=2.44829, xc=230.495, p=nan, KS=0.0468639, loglik=-2773.14, AIC=5548.29, BIC=5552.74
powerlaw: xmin=29.131, alpha=2.7194, xc=nan, p=nan, KS=0.0799542, loglik=-2796.84, AIC=5595.69, BIC=5600.14
shifted_exp: xmin=29.131, alpha=0.034256, xc=nan, p=nan, KS=0.0463358, loglik=-2773.05, AIC=5548.1, BIC=5552.55

ΔAIC / ΔBIC
truncated: ΔAIC = 0.191574 ΔBIC = 0.191574
powerlaw: ΔAIC = 47.5911 ΔBIC = 47.5911
shifted_exp: ΔAIC = 0 ΔBIC = 0
",shifted_exp,29.131016731262207,True,,truncated,29.131016731262207,2.4482941694166693,230.494647026062,,0.04686390660572898,5548.287847762735,5552.739896717172,-2773.1439238813673,634.0,True,,shifted_exp,29.131016731262207,0.03425602009506678,,,0.046335750957568644,5548.096273939954,5552.548322894391,-2773.048136969977,634.0,0.1915738227808106
/home/hpc/Desktop/resonant_swarm_runs/position_records/N300/kappa_0p5/okappa_1p5/pos_rep00_seed30000000.npz,300,0.5,1.5,0,30000000,com,-1,com,2.675372266769409,1.8244930505752563,0.8573047518730164,2367,2367,True,,"Model comparison
----------------
truncated: xmin=22.0053, alpha=1.84623, xc=297.053, p=nan, KS=0.0597045, loglik=-3563.17, AIC=7128.34, BIC=7132.97
powerlaw: xmin=22.0053, alpha=2.16512, xc=nan, p=nan, KS=0.114393, loglik=-3616.74, AIC=7235.48, BIC=7240.1
shifted_exp: xmin=22.0053, alpha=0.0244965, xc=nan, p=nan, KS=0.0526911, loglik=-3550.75, AIC=7103.51, BIC=7108.13

ΔAIC / ΔBIC
truncated: ΔAIC = 24.8352 ΔBIC = 24.8352
powerlaw: ΔAIC = 131.969 ΔBIC = 131.969
shifted_exp: ΔAIC = 0 ΔBIC = 0
",shifted_exp,22.005335330963135,True,,truncated,22.005335330963135,1.8462310965187414,297.05279517173767,,0.05970446667132867,7128.344413654498,7132.9698060225055,-3563.172206827249,754.0,True,,shifted_exp,22.005335330963135,0.024496535005369805,,,0.05269105416816883,7103.509188476746,7108.134580844754,-3550.754594238373,754.0,24.835225177751454
/home/hpc/Desktop/resonant_swarm_runs/position_records/N300/kappa_0p5/okappa_1p5/pos_rep01_seed30000001.npz,300,0.5,1.5,1,30000001,com,-1,com,2.690482234954834,1.8488264083862305,0.8520286679267883,2447,2447,True,,"Model comparison
----------------
truncated: xmin=35.821, alpha=2.33136, xc=418.105, p=nan, KS=0.0462531, loglik=-2398.94, AIC=4799.88, BIC=4804.1
powerlaw: xmin=35.821, alpha=2.52864, xc=nan, p=nan, KS=0.0739353, loglik=-2413.78, AIC=4829.57, BIC=4833.79
shifted_exp: xmin=35.821, alpha=0.0229016, xc=nan, p=nan, KS=0.0652445, loglik=-2397.83, AIC=4797.66, BIC=4801.87

ΔAIC / ΔBIC
truncated: ΔAIC = 2.22288 ΔBIC = 2.22288
powerlaw: ΔAIC = 31.9113 ΔBIC = 31.9113
shifted_exp: ΔAIC = 0 ΔBIC = 0
",shifted_exp,35.82098174095154,True,,truncated,35.82098174095154,2.3313550954800095,418.1052587032318,,0.046253102606974794,4799.878418962708,4804.097019082399,-2398.939209481354,502.0,True,,shifted_exp,35.82098174095154,0.02290158070195411,,,0.06524454060966423,4797.655541896013,4801.874142015705,-2397.8277709480067,502.0,2.222877066694309
/home/hpc/Desktop/resonant_swarm_runs/position_records/N300/kappa_0p5/okappa_1p5/pos_rep02_seed30000002.npz,300,0.5,1.5,2,30000002,com,-1,com,2.7191469192504885,1.8777657747268677,0.8575043082237244,2489,2489,True,,"Model comparison
----------------
truncated: xmin=24.7489, alpha=1.97755, xc=300.919, p=nan, KS=0.0547092, loglik=-3355.34, AIC=6712.67, BIC=6717.24
powerlaw: xmin=24.7489, alpha=2.27395, xc=nan, p=nan, KS=0.102, loglik=-3397.41, AIC=6796.81, BIC=6801.39
shifted_exp: xmin=24.7489, alpha=0.025413, xc=nan, p=nan, KS=0.0586217, loglik=-3340.83, AIC=6683.67, BIC=6688.24

ΔAIC / ΔBIC
truncated: ΔAIC = 29.0065 ΔBIC = 29.0065
powerlaw: ΔAIC = 113.149 ΔBIC = 113.149
shifted_exp: ΔAIC = 0 ΔBIC = 0
",shifted_exp,24.748889923095703,True,,truncated,24.748889923095703,1.9775477559183219,300.91876912117004,,0.0547092352048032,6712.671924981114,6717.244207523808,-3355.335962490557,715.0,True,,shifted_exp,24.748889923095703,0.02541302919191786,,,0.058621703150215476,6683.665384916073,6688.237667458767,-3340.8326924580365,715.0,29.00654006504101
/home/hpc/Desktop/resonant_swarm_runs/position_records/N300/kappa_0p5/okappa_1p5/pos_rep03_seed30000003.npz,300,0.5,1.5,3,30000003,com,-1,com,2.70455584526062,1.8370436429977417,0.8714573979377747,2442,2442,True,,"Model comparison
----------------
truncated: xmin=16.5423, alpha=1.83938, xc=360.247, p=nan, KS=0.0551624, loglik=-4294.3, AIC=8590.59, BIC=8595.43
powerlaw: xmin=16.5423, alpha=2.06337, xc=nan, p=nan, KS=0.0966206, loglik=-4342.88, AIC=8687.77, BIC=8692.6
shifted_exp: xmin=16.5423, alpha=0.0263027, xc=nan, p=nan, KS=0.104769, loglik=-4299.5, AIC=8601, BIC=8605.84

ΔAIC / ΔBIC
truncated: ΔAIC = 0 ΔBIC = 0
powerlaw: ΔAIC = 97.1734 ΔBIC = 97.1734
shifted_exp: ΔAIC = 10.4102 ΔBIC = 10.4102
",truncated,16.542336463928223,True,,truncated,16.542336463928223,1.839383538191342,360.24743390083313,,0.055162412949207096,8590.593799716164,8595.42575328173,-4294.296899858082,927.0,True,,shifted_exp,16.542336463928223,0.026302745225654258,,,0.10476923901243751,8601.003961334189,8605.835914899755,-4299.501980667094,927.0,-10.410161618025086
/home/hpc/Desktop/resonant_swarm_runs/position_records/N300/kappa_0p5/okappa_1p5/pos_rep04_seed30000004.npz,300,0.5,1.5,4,30000004,com,-1,com,2.70710883140564,1.8420673608779907,0.8716363310813904,2517,2517,True,,"Model comparison
----------------
truncated: xmin=37.3028, alpha=2.46953, xc=391.53, p=nan, KS=0.0648737, loglik=-2365.33, AIC=4732.66, BIC=4736.88
powerlaw: xmin=37.3028, alpha=2.65619, xc=nan, p=nan, KS=0.0906699, loglik=-2378.04, AIC=4758.09, BIC=4762.31
shifted_exp: xmin=37.3028, alpha=0.0254013, xc=nan, p=nan, KS=0.0575144, loglik=-2355.17, AIC=4712.34, BIC=4716.56

ΔAIC / ΔBIC
truncated: ΔAIC = 20.3194 ΔBIC = 20.3194
powerlaw: ΔAIC = 45.7501 ΔBIC = 45.7501
shifted_exp: ΔAIC = 0 ΔBIC = 0
",shifted_exp,37.302786111831665,True,,truncated,37.302786111831665,2.4695281120780006,391.5298557281494,,0.06487370471289838,4732.658942445029,4736.8815187131,-2365.3294712225147,504.0,True,,shifted_exp,37.302786111831665,0.025401275783136782,,,0.05751439731123101,4712.339525564756,4716.562101832827,-2355.169762782378,504.0,20.31941688027382
/home/hpc/Desktop/resonant_swarm_runs/position_records/N300/kappa_0p5/okappa_1p5/pos_rep05_seed30000005.npz,300,0.5,1.5,5,30000005,com,-1,com,2.6978491306304933,1.818465232849121,0.8766133785247803,2358,2358,True,,"Model comparison
----------------
truncated: xmin=25.1113, alpha=1.94102, xc=317.585, p=nan, KS=0.0594736, loglik=-3250.66, AIC=6503.31, BIC=6507.84
powerlaw: xmin=25.1113, alpha=2.24055, xc=nan, p=nan, KS=0.108902, loglik=-3292.68, AIC=6587.35, BIC=6591.88
shifted_exp: xmin=25.1113, alpha=0.0236963, xc=nan, p=nan, KS=0.0636876, loglik=-3243.83, AIC=6489.65, BIC=6494.18

ΔAIC / ΔBIC
truncated: ΔAIC = 13.6591 ΔBIC = 13.6591
powerlaw: ΔAIC = 97.6971 ΔBIC = 97.6971
shifted_exp: ΔAIC = 0 ΔBIC = 0
",shifted_exp,25.111326932907104,True,,truncated,25.111326932907104,1.941017889324937,317.5852994918823,,0.059473589773095636,6503.312660921312,6507.8406188389345,-3250.656330460656,684.0,True,,shifted_exp,25.111326932907104,0.023696289257308642,,,0.0636875811341312,6489.653562265018,6494.18152018264,-3243.826781132509,684.0,13.65909865629419
/home/hpc/Desktop/resonant_swarm_runs/position_records/N300/kappa_0p5/okappa_1p5/pos_rep06_seed30000006.npz,300,0.5,1.5,6,30000006,com,-1,com,2.6869370460510256,1.81174635887146,0.8709672689437866,2346,2346,True,,"Model comparison
----------------
truncated: xmin=31.0528, alpha=2.13516, xc=403.188, p=nan, KS=0.0581749, loglik=-2741.75, AIC=5485.5, BIC=5489.84
powerlaw: xmin=31.0528, alpha=2.36377, xc=nan, p=nan, KS=0.094648, loglik=-2764.6, AIC=5531.19, BIC=5535.54
shifted_exp: xmin=31.0528, alpha=0.0223764, xc=nan, p=nan, KS=0.0515428, loglik=-2731.06, AIC=5464.11, BIC=5468.46

ΔAIC / ΔBIC
truncated: ΔAIC = 21.3856 ΔBIC = 21.3856
powerlaw: ΔAIC = 67.0809 ΔBIC = 67.0809
shifted_exp: ΔAIC = 0 ΔBIC = 0
",shifted_exp,31.05281949043274,True,,truncated,31.05281949043274,2.1351642486142235,403.1878876686096,,0.058174917323280895,5485.499301303423,5489.8431817375495,-2741.7496506517114,569.0,True,,shifted_exp,31.05281949043274,0.022376400916668836,,,0.051542840344001,5464.113686005639,5468.457566439765,-2731.0568430028193,569.0,21.38561529778417
/home/hpc/Desktop/resonant_swarm_runs/position_records/N300/kappa_0p5/okappa_1p5/pos_rep07_seed30000007.npz,300,0.5,1.5,7,30000007,com,-1,com,2.7082125663757326,1.8577131032943726,0.8599727153778076,2574,2574,True,,"Model comparison
----------------
truncated: xmin=27.9279, alpha=2.16186, xc=285.466, p=nan, KS=0.0532037, loglik=-3088.04, AIC=6178.07, BIC=6182.58
powerlaw: xmin=27.9279, alpha=2.44227, xc=nan, p=nan, KS=0.0947138, loglik=-3120.03, AIC=6242.05, BIC=6246.56
shifted_exp: xmin=27.9279, alpha=0.0271434, xc=nan, p=nan, KS=0.0513385, loglik=-3086.44, AIC=6174.87, BIC=6179.38

ΔAIC / ΔBIC
truncated: ΔAIC = 3.20392 ΔBIC = 3.20392
powerlaw: ΔAIC = 67.1796 ΔBIC = 67.1796
shifted_exp: ΔAIC = 0 ΔBIC = 0
",shifted_exp,27.92789936065674,True,,truncated,27.92789936065674,2.1618557080962186,285.4660634994507,,0.053203657816509264,6178.074526241951,6182.5818039543365,-3088.0372631209757,670.0,True,,shifted_exp,27.92789936065674,0.027143440720562812,,,0.051338529203869054,6174.870606874951,6179.377884587336,-3086.4353034374753,670.0,3.203919367000708
/home/hpc/Desktop/resonant_swarm_runs/position_records/N300/kappa_0p5/okappa_1p5/pos_rep08_seed30000008.npz,300,0.5,1.5,8,30000008,com,-1,com,2.7207141399383548,1.8764631748199463,0.85782390832901,2497,2497,True,,"Model comparison
----------------
truncated: xmin=22.6565, alpha=2.0983, xc=432.833, p=nan, KS=0.074981, loglik=-3627.67, AIC=7257.34, BIC=7262
powerlaw: xmin=22.6565, alpha=2.26543, xc=nan, p=nan, KS=0.104203, loglik=-3651.4, AIC=7304.79, BIC=7309.45
shifted_exp: xmin=22.6565, alpha=0.0267552, xc=nan, p=nan, KS=0.0558044, loglik=-3609.02, AIC=7220.05, BIC=7224.71

ΔAIC / ΔBIC
truncated: ΔAIC = 37.2901 ΔBIC = 37.2901
powerlaw: ΔAIC = 84.7463 ΔBIC = 84.7463
shifted_exp: ΔAIC = 0 ΔBIC = 0
",shifted_exp,22.656516790390015,True,,truncated,22.656516790390015,2.09829570430471,432.8332860469818,,0.07498104778472248,7257.33603736169,7261.99661251153,-3627.668018680845,781.0,True,,shifted_exp,22.656516790390015,0.026755154922814117,,,0.05580444893901754,7220.045918458604,7224.706493608444,-3609.022959229302,781.0,37.290118903085386
/home/hpc/Desktop/resonant_swarm_runs/position_records/N300/kappa_0p5/okappa_1p5/pos_rep09_seed30000009.npz,300,0.5,1.5,9,30000009,com,-1,com,2.7473557472229,1.9015674591064453,0.8606871366500854,2580,2580,True,,"Model comparison
----------------
truncated: xmin=35.0671, alpha=2.42279, xc=381.344, p=nan, KS=0.0473818, loglik=-2462.57, AIC=4927.14, BIC=4931.41
powerlaw: xmin=35.0671, alpha=2.61275, xc=nan, p=nan, KS=0.0739848, loglik=-2476.57, AIC=4955.15, BIC=4959.41
shifted_exp: xmin=35.0671, alpha=0.0253211, xc=nan, p=nan, KS=0.0735224, loglik=-2464.31, AIC=4930.63, BIC=4934.89

ΔAIC / ΔBIC
truncated: ΔAIC = 0 ΔBIC = 0
powerlaw: ΔAIC = 28.0018 ΔBIC = 28.0018
shifted_exp: ΔAIC = 3.48245 ΔBIC = 3.48245
",truncated,35.0671226978302,True,,truncated,35.0671226978302,2.422793072921155,381.343980550766,,0.04738178329554632,4927.144106181174,4931.411306729715,-2462.572053090587,527.0,True,,shifted_exp,35.0671226978302,0.025321124259724402,,,0.07352240694814799,4930.626559804125,4934.893760352666,-2464.3132799020623,527.0,-3.482453622950743
/home/hpc/Desktop/resonant_swarm_runs/position_records/N300/kappa_0p5/okappa_1p5/pos_rep10_seed30000010.npz,300,0.5,1.5,10,30000010,com,-1,com,2.6614951610565187,1.7864630222320557,0.867016613483429,2254,2254,True,,"Model comparison
----------------
truncated: xmin=33.5577, alpha=2.16266, xc=400.913, p=nan, KS=0.0484337, loglik=-2549.74, AIC=5101.48, BIC=5105.74
powerlaw: xmin=33.5577, alpha=2.40215, xc=nan, p=nan, KS=0.082482, loglik=-2571.33, AIC=5144.65, BIC=5148.92
shifted_exp: xmin=33.5577, alpha=0.0213839, xc=nan, p=nan, KS=0.0694356, loglik=-2548.53, AIC=5099.06, BIC=5103.33

ΔAIC / ΔBIC
truncated: ΔAIC = 2.41543 ΔBIC = 2.41543
powerlaw: ΔAIC = 45.5931 ΔBIC = 45.5931
shifted_exp: ΔAIC = 0 ΔBIC = 0
",shifted_exp,33.55771327018738,True,,truncated,33.55771327018738,2.1626560371323817,400.9131555557251,,0.04843372628585502,5101.476943550906,5105.742244763644,-2549.738471775453,526.0,True,,shifted_exp,33.55771327018738,0.021383931339104958,,,0.0694355509333966,5099.061517576578,5103.326818789315,-2548.530758788289,526.0,2.4154259743281727
/home/hpc/Desktop/resonant_swarm_runs/position_records/N300/kappa_0p5/okappa_1p5/pos_rep11_seed30000011.npz,300,0.5,1.5,11,30000011,com,-1,com,2.711997222900391,1.8590396642684937,0.8649848103523254,2490,2490,True,,"Model comparison
----------------
truncated: xmin=37.4925, alpha=2.3515, xc=310.516, p=nan, KS=0.0620596, loglik=-2350.4, AIC=4702.81, BIC=4707.02
powerlaw: xmin=37.4925, alpha=2.63636, xc=nan, p=nan, KS=0.0981671, loglik=-2371.39, AIC=4744.78, BIC=4748.99
shifted_exp: xmin=37.4925, alpha=0.0251882, xc=nan, p=nan, KS=0.030502, loglik=-2340.69, AIC=4683.38, BIC=4687.59

ΔAIC / ΔBIC
truncated: ΔAIC = 19.4289 ΔBIC = 19.4289
powerlaw: ΔAIC = 61.3953 ΔBIC = 61.3953
shifted_exp: ΔAIC = 0 ΔBIC = 0
",shifted_exp,37.49248909950256,True,,truncated,37.49248909950256,2.3514964381470995,310.51605010032654,,0.062059648136695345,4702.808865388929,4707.023473487351,-2350.4044326944645,500.0,True,,shifted_exp,37.49248909950256,0.025188193094151302,,,0.030501990022694936,4683.379922268172,4687.594530366594,-2340.689961134086,500.0,19.42894312075714
/home/hpc/Desktop/resonant_swarm_runs/position_records/N300/kappa_0p5/okappa_1p5/pos_rep12_seed30000012.npz,300,0.5,1.5,12,30000012,com,-1,com,2.697622156143189,1.818267583847046,0.8751149773597717,2385,2385,True,,"Model comparison
----------------
truncated: xmin=19.3776, alpha=1.96519, xc=431.669, p=nan, KS=0.067299, loglik=-3935.77, AIC=7873.53, BIC=7878.27
powerlaw: xmin=19.3776, alpha=2.14589, xc=nan, p=nan, KS=0.101714, loglik=-3967.32, AIC=7936.64, BIC=7941.38
shifted_exp: xmin=19.3776, alpha=0.0259019, xc=nan, p=nan, KS=0.0812956, loglik=-3927.5, AIC=7857.01, BIC=7861.74

ΔAIC / ΔBIC
truncated: ΔAIC = 16.5279 ΔBIC = 16.5279
powerlaw: ΔAIC = 79.6369 ΔBIC = 79.6369
shifted_exp: ΔAIC = 0 ΔBIC = 0
",shifted_exp,19.377646684646606,True,,truncated,19.377646684646606,1.965191091973527,431.6693596839905,,0.06729902662231052,7873.533007887307,7878.2711603819025,-3935.7665039436533,844.0,True,,shifted_exp,19.377646684646606,0.025901897615232757,,,0.08129560543046604,7857.005109585774,7861.74326208037,-3927.502554792887,844.0,16.527898301532332
/home/hpc/Desktop/resonant_swarm_runs/position_records/N300/kappa_0p5/okappa_1p5/pos_rep13_seed30000013.npz,300,0.5,1.5,13,30000013,com,-1,com,2.7155389785766606,1.8535575866699219,0.8648821115493774,2406,2406,True,,"Model comparison
----------------
truncated: xmin=31.277, alpha=2.17052, xc=338.776, p=nan, KS=0.046218, loglik=-2747.7, AIC=5497.4, BIC=5501.76
powerlaw: xmin=31.277, alpha=2.43226, xc=nan, p=nan, KS=0.0851574, loglik=-2773.46, AIC=5548.92, BIC=5553.28
shifted_exp: xmin=31.277, alpha=0.0234594, xc=nan, p=nan, KS=0.0746215, loglik=-2756.44, AIC=5514.88, BIC=5519.24

ΔAIC / ΔBIC
truncated: ΔAIC = 0 ΔBIC = 0
powerlaw: ΔAIC = 51.5195 ΔBIC = 51.5195
shifted_exp: ΔAIC = 17.4828 ΔBIC = 17.4828
",truncated,31.276986598968506,True,,truncated,31.276986598968506,2.17052182115765,338.7758300304413,,0.046218036373642135,5497.397921681808,5501.760949785348,-2747.698960840904,580.0,True,,shifted_exp,31.276986598968506,0.023459414250932738,,,0.07462148912143257,5514.880748708956,5519.243776812496,-2756.440374354478,580.0,-17.482827027148232
/home/hpc/Desktop/resonant_swarm_runs/position_records/N300/kappa_0p5/okappa_1p5/pos_rep14_seed30000014.npz,300,0.5,1.5,14,30000014,com,-1,com,2.7159343719482423,1.8613542318344116,0.8628731369972229,2559,2559,True,,"Model comparison
----------------
truncated: xmin=37.3919, alpha=2.34536, xc=306.946, p=nan, KS=0.0432945, loglik=-2353.95, AIC=4709.9, BIC=4714.12
powerlaw: xmin=37.3919, alpha=2.63508, xc=nan, p=nan, KS=0.076982, loglik=-2375.42, AIC=4752.83, BIC=4757.05
shifted_exp: xmin=37.3919, alpha=0.0248676, xc=nan, p=nan, KS=0.0618166, loglik=-2351.79, AIC=4705.58, BIC=4709.8

ΔAIC / ΔBIC
truncated: ΔAIC = 4.32346 ΔBIC = 4.32346
powerlaw: ΔAIC = 47.252 ΔBIC = 47.252
shifted_exp: ΔAIC = 0 ΔBIC = 0
",shifted_exp,37.39191198348999,True,,truncated,37.39191198348999,2.3453559719464114,306.9457588195801,,0.04329449055668627,4709.903203194715,4714.1198092958,-2353.9516015973577,501.0,True,,shifted_exp,37.39191198348999,0.024867554397487765,,,0.061816615345519244,4705.579744169767,4709.796350270852,-2351.7898720848834,501.0,4.323459024948534
/home/hpc/Desktop/resonant_swarm_runs/position_records/N300/kappa_0p5/okappa_1p5/pos_rep15_seed30000015.npz,300,0.5,1.5,15,30000015,com,-1,com,2.674292039871216,1.8127497434616089,0.8651699423789978,2248,2248,True,,"Model comparison
----------------
truncated: xmin=10.8226, alpha=1.66834, xc=467.533, p=nan, KS=0.0753569, loglik=-5044.54, AIC=10091.1, BIC=10096.1
powerlaw: xmin=10.8226, alpha=1.85792, xc=nan, p=nan, KS=0.121608, loglik=-5104.73, AIC=10211.5, BIC=10216.4
shifted_exp: xmin=10.8226, alpha=0.0256845, xc=nan, p=nan, KS=0.120129, loglik=-5062.79, AIC=10127.6, BIC=10132.6

ΔAIC / ΔBIC
truncated: ΔAIC = 0 ΔBIC = 0
powerlaw: ΔAIC = 120.37 ΔBIC = 120.37
shifted_exp: ΔAIC = 36.4921 ΔBIC = 36.4921
",truncated,10.822607517242432,True,,truncated,10.822607517242432,1.6683394636440836,467.532527923584,,0.07535685033808481,10091.086432431137,10096.076688931631,-5044.5432162155685,1086.0,True,,shifted_exp,10.822607517242432,0.02568447441139706,,,0.12012862786611073,10127.578551707003,10132.568808207498,-5062.789275853502,1086.0,-36.49211927586657
/home/hpc/Desktop/resonant_swarm_runs/position_records/N300/kappa_0p5/okappa_1p5/pos_rep16_seed30000016.npz,300,0.5,1.5,16,30000016,com,-1,com,2.7171001911163333,1.8638595342636108,0.8581827878952026,2445,2445,True,,"Model comparison
----------------
truncated: xmin=37.4957, alpha=2.429, xc=377.997, p=nan, KS=0.056923, loglik=-2414.09, AIC=4830.19, BIC=4834.42
powerlaw: xmin=37.4957, alpha=2.63538, xc=nan, p=nan, KS=0.0828978, loglik=-2428.84, AIC=4859.68, BIC=4863.92
shifted_exp: xmin=37.4957, alpha=0.0242667, xc=nan, p=nan, KS=0.0711113, loglik=-2415.95, AIC=4833.9, BIC=4838.13

ΔAIC / ΔBIC
truncated: ΔAIC = 0 ΔBIC = 0
powerlaw: ΔAIC = 29.4945 ΔBIC = 29.4945
shifted_exp: ΔAIC = 3.71038 ΔBIC = 3.71038
",truncated,37.49570345878601,True,,truncated,37.49570345878601,2.42900464651468,377.9965817928314,,0.05692296995032731,4830.185848639699,4834.424173264738,-2414.0929243198493,512.0,True,,shifted_exp,37.49570345878601,0.024266738193729678,,,0.07111131469431087,4833.89623286594,4838.134557490979,-2415.94811643297,512.0,-3.710384226241331
/home/hpc/Desktop/resonant_swarm_runs/position_records/N300/kappa_0p5/okappa_1p5/pos_rep17_seed30000017.npz,300,0.5,1.5,17,30000017,com,-1,com,2.7422620296478275,1.877784252166748,0.8676102161407471,2549,2549,True,,"Model comparison
----------------
truncated: xmin=25.6562, alpha=2.09751, xc=328.055, p=nan, KS=0.0542901, loglik=-3317.38, AIC=6636.77, BIC=6641.34
powerlaw: xmin=25.6562, alpha=2.34119, xc=nan, p=nan, KS=0.0910182, loglik=-3348.84, AIC=6699.68, BIC=6704.25
shifted_exp: xmin=25.6562, alpha=0.0264732, xc=nan, p=nan, KS=0.0580456, loglik=-3302.35, AIC=6606.69, BIC=6611.26

ΔAIC / ΔBIC
truncated: ΔAIC = 30.0769 ΔBIC = 30.0769
powerlaw: ΔAIC = 92.9845 ΔBIC = 92.9845
shifted_exp: ΔAIC = 0 ΔBIC = 0
",shifted_exp,25.65615224838257,True,,truncated,25.65615224838257,2.0975099208206434,328.0550479888916,,0.05429012579094905,6636.768990750771,6641.3384721711855,-3317.3844953753855,713.0,True,,shifted_exp,25.65615224838257,0.02647322697345859,,,0.05804561336224917,6606.69205875863,6611.2615401790445,-3302.346029379315,713.0,30.076931992141
/home/hpc/Desktop/resonant_swarm_runs/position_records/N300/kappa_0p5/okappa_1p5/pos_rep18_seed30000018.npz,300,0.5,1.5,18,30000018,com,-1,com,2.696096229553223,1.8266807794570923,0.868586540222168,2402,2402,True,,"Model comparison
----------------
truncated: xmin=13.6395, alpha=1.75486, xc=358.808, p=nan, KS=0.0628328, loglik=-4741.77, AIC=9485.55, BIC=9490.48
powerlaw: xmin=13.6395, alpha=1.97843, xc=nan, p=nan, KS=0.109441, loglik=-4801.18, AIC=9604.36, BIC=9609.3
shifted_exp: xmin=13.6395, alpha=0.0272361, xc=nan, p=nan, KS=0.0970454, loglik=-4745.91, AIC=9493.82, BIC=9498.76

ΔAIC / ΔBIC
truncated: ΔAIC = 0 ΔBIC = 0
powerlaw: ΔAIC = 118.813 ΔBIC = 118.813
shifted_exp: ΔAIC = 8.27898 ΔBIC = 8.27898
",truncated,13.639543056488037,True,,truncated,13.639543056488037,1.7548553253318142,358.8082699775696,,0.06283283410219753,9485.545492815963,9490.48377729998,-4741.772746407982,1031.0,True,,shifted_exp,13.639543056488037,0.027236081883753895,,,0.09704535339520709,9493.824473810475,9498.762758294492,-4745.9122369052375,1031.0,-8.278980994511585
/home/hpc/Desktop/resonant_swarm_runs/position_records/N300/kappa_0p5/okappa_1p5/pos_rep19_seed30000019.npz,300,0.5,1.5,19,30000019,com,-1,com,2.713546562194825,1.8813447952270508,0.8515848517417908,2548,2548,True,,"Model comparison
----------------
truncated: xmin=22.4795, alpha=1.99692, xc=359.685, p=nan, KS=0.0514921, loglik=-3529.62, AIC=7061.24, BIC=7065.87
powerlaw: xmin=22.4795, alpha=2.22465, xc=nan, p=nan, KS=0.0889611, loglik=-3563.79, AIC=7129.59, BIC=7134.21
shifted_exp: xmin=22.4795, alpha=0.0256698, xc=nan, p=nan, KS=0.0751833, loglik=-3515.48, AIC=7032.96, BIC=7037.59

ΔAIC / ΔBIC
truncated: ΔAIC = 28.2795 ΔBIC = 28.2795
powerlaw: ΔAIC = 96.6284 ΔBIC = 96.6284
shifted_exp: ΔAIC = 0 ΔBIC = 0
",shifted_exp,22.47954297065735,True,,truncated,22.47954297065735,1.9969198269436723,359.68522024154663,,0.05149210205556687,7061.239891997812,7065.86528436582,-3529.619945998906,754.0,True,,shifted_exp,22.47954297065735,0.02566978730346839,,,0.07518326495699568,7032.96037946227,7037.585771830278,-3515.480189731135,754.0,28.27951253554238
/home/hpc/Desktop/resonant_swarm_runs/position_records/N400/kappa_0p5/okappa_1p5/pos_rep00_seed40000000.npz,400,0.5,1.5,0,40000000,com,-1,com,2.5715494632720945,1.6850688457489014,0.8609896302223206,1798,1798,True,,"Model comparison
----------------
truncated: xmin=10.591, alpha=1.4773, xc=399.358, p=nan, KS=0.0550215, loglik=-4261.53, AIC=8525.06, BIC=8529.84
powerlaw: xmin=10.591, alpha=1.76026, xc=nan, p=nan, KS=0.126257, loglik=-4350.55, AIC=8703.1, BIC=8707.88
shifted_exp: xmin=10.591, alpha=0.0199707, xc=nan, p=nan, KS=0.12835, loglik=-4318.96, AIC=8639.91, BIC=8644.69

ΔAIC / ΔBIC
truncated: ΔAIC = 0 ΔBIC = 0
powerlaw: ΔAIC = 178.037 ΔBIC = 178.037
shifted_exp: ΔAIC = 114.855 ΔBIC = 114.855
",truncated,10.590976238250732,True,,truncated,10.590976238250732,1.4772978231401845,399.35761284828186,,0.05502151537423999,8525.059481508468,8529.838266406154,-4261.529740754234,879.0,True,,shifted_exp,10.590976238250732,0.019970694088621455,,,0.12834981668050488,8639.914322291594,8644.69310718928,-4318.957161145797,879.0,-114.85484078312584
/home/hpc/Desktop/resonant_swarm_runs/position_records/N400/kappa_0p5/okappa_1p5/pos_rep01_seed40000001.npz,400,0.5,1.5,1,40000001,com,-1,com,2.6314656734466553,1.6860603094100952,0.9028376340866089,1887,1887,True,,"Model comparison
----------------
truncated: xmin=24.2934, alpha=1.77326, xc=415.483, p=nan, KS=0.0510438, loglik=-3100.02, AIC=6202.04, BIC=6206.47
powerlaw: xmin=24.2934, alpha=2.06653, xc=nan, p=nan, KS=0.105327, loglik=-3144.38, AIC=6290.75, BIC=6295.19
shifted_exp: xmin=24.2934, alpha=0.018321, xc=nan, p=nan, KS=0.0794363, loglik=-3104.82, AIC=6211.64, BIC=6216.07

ΔAIC / ΔBIC
truncated: ΔAIC = 0 ΔBIC = 0
powerlaw: ΔAIC = 88.7131 ΔBIC = 88.7131
shifted_exp: ΔAIC = 9.5973 ΔBIC = 9.5973
",truncated,24.29339361190796,True,,truncated,24.29339361190796,1.7732632328247822,415.4830102920532,,0.05104378568768925,6202.04135927314,6206.472690355074,-3100.02067963657,621.0,True,,shifted_exp,24.29339361190796,0.018320968275033253,,,0.07943625663757214,6211.638662073671,6216.069993155605,-3104.8193310368356,621.0,-9.597302800530997
/home/hpc/Desktop/resonant_swarm_runs/position_records/N400/kappa_0p5/okappa_1p5/pos_rep02_seed40000002.npz,400,0.5,1.5,2,40000002,com,-1,com,2.5938382625579837,1.6730420589447021,0.8789268136024475,1741,1741,True,,"Model comparison
----------------
truncated: xmin=26.7931, alpha=1.70584, xc=435.699, p=nan, KS=0.0462714, loglik=-2785.85, AIC=5573.7, BIC=5578
powerlaw: xmin=26.7931, alpha=2.03735, xc=nan, p=nan, KS=0.109328, loglik=-2832, AIC=5665.99, BIC=5670.29
shifted_exp: xmin=26.7931, alpha=0.0158929, xc=nan, p=nan, KS=0.0807046, loglik=-2792.04, AIC=5586.08, BIC=5590.38

ΔAIC / ΔBIC
truncated: ΔAIC = 0 ΔBIC = 0
powerlaw: ΔAIC = 92.2871 ΔBIC = 92.2871
shifted_exp: ΔAIC = 12.3781 ΔBIC = 12.3781
",truncated,26.793107986450195,True,,truncated,26.793107986450195,1.7058444190107582,435.6994776725769,,0.04627138407297671,5573.703491732023,5578.000601051957,-2785.8517458660117,543.0,True,,shifted_exp,26.793107986450195,0.015892946014032478,,,0.0807046316103871,5586.081587812237,5590.378697132171,-2792.0407939061183,543.0,-12.378096080213254
/home/hpc/Desktop/resonant_swarm_runs/position_records/N400/kappa_0p5/okappa_1p5/pos_rep03_seed40000003.npz,400,0.5,1.5,3,40000003,com,-1,com,2.626722526550293,1.743424415588379,0.8632775545120239,1840,1840,True,,"Model comparison
----------------
truncated: xmin=8.09607, alpha=1.53405, xc=564.343, p=nan, KS=0.0692948, loglik=-4965.17, AIC=9932.33, BIC=9937.29
powerlaw: xmin=8.09607, alpha=1.72377, xc=nan, p=nan, KS=0.122547, loglik=-5036.12, AIC=10074.2, BIC=10079.2
shifted_exp: xmin=8.09607, alpha=0.0225095, xc=nan, p=nan, KS=0.165567, loglik=-5033.51, AIC=10069, BIC=10074

ΔAIC / ΔBIC
truncated: ΔAIC = 0 ΔBIC = 0
powerlaw: ΔAIC = 141.908 ΔBIC = 141.908
shifted_exp: ΔAIC = 136.686 ΔBIC = 136.686
",truncated,8.096068620681763,True,,truncated,8.096068620681763,1.5340522561481302,564.3430352210999,,0.06929479100205771,9932.333526010545,9937.290071453697,-4965.1667630052725,1050.0,True,,shifted_exp,8.096068620681763,0.0225094823205093,,,0.16556680146528419,10069.019106376585,10073.975651819737,-5033.509553188293,1050.0,-136.68558036604009
/home/hpc/Desktop/resonant_swarm_runs/position_records/N400/kappa_0p5/okappa_1p5/pos_rep04_seed40000004.npz,400,0.5,1.5,4,40000004,com,-1,com,2.5656082153320314,1.6571611166000366,0.8715418577194214,1753,1753,True,,"Model comparison
----------------
truncated: xmin=18.413, alpha=1.66596, xc=514.164, p=nan, KS=0.0557835, loglik=-3353.67, AIC=6709.34, BIC=6713.84
powerlaw: xmin=18.413, alpha=1.9135, xc=nan, p=nan, KS=0.101931, loglik=-3400.51, AIC=6803.02, BIC=6807.52
shifted_exp: xmin=18.413, alpha=0.0173402, xc=nan, p=nan, KS=0.112105, loglik=-3371.5, AIC=6745.01, BIC=6749.51

ΔAIC / ΔBIC
truncated: ΔAIC = 0 ΔBIC = 0
powerlaw: ΔAIC = 93.6825 ΔBIC = 93.6825
shifted_exp: ΔAIC = 35.6675 ΔBIC = 35.6675
",truncated,18.413029432296753,True,,truncated,18.413029432296753,1.6659624735014416,514.1637711524963,,0.05578346758454211,6709.33864849736,6713.841438543275,-3353.66932424868,667.0,True,,shifted_exp,18.413029432296753,0.017340208925694767,,,0.11210507238215328,6745.006163413957,6749.508953459873,-3371.5030817069787,667.0,-35.66751491659761
/home/hpc/Desktop/resonant_swarm_runs/position_records/N400/kappa_0p5/okappa_1p5/pos_rep05_seed40000005.npz,400,0.5,1.5,5,40000005,com,-1,com,2.551848268508911,1.677382230758667,0.866288959980011,1717,1717,True,,"Model comparison
----------------
truncated: xmin=26.829, alpha=1.80537, xc=617.181, p=nan, KS=0.0519434, loglik=-2668.62, AIC=5339.24, BIC=5343.48
powerlaw: xmin=26.829, alpha=2.0321, xc=nan, p=nan, KS=0.0979321, loglik=-2697.02, AIC=5396.04, BIC=5400.29
shifted_exp: xmin=26.829, alpha=0.0149749, xc=nan, p=nan, KS=0.107228, loglik=-2683.91, AIC=5369.82, BIC=5374.07

ΔAIC / ΔBIC
truncated: ΔAIC = 0 ΔBIC = 0
powerlaw: ΔAIC = 56.8019 ΔBIC = 56.8019
shifted_exp: ΔAIC = 30.587 ΔBIC = 30.587
",truncated,26.829026222229004,True,,truncated,26.829026222229004,1.8053674527515284,617.1814408302307,,0.05194342147271813,5339.2379165148395,5343.484023280321,-2668.6189582574198,516.0,True,,shifted_exp,26.829026222229004,0.014974886807881426,,,0.1072284778306532,5369.824875948275,5374.070982713756,-2683.9124379741374,516.0,-30.586959433435368
/home/hpc/Desktop/resonant_swarm_runs/position_records/N400/kappa_0p5/okappa_1p5/pos_rep06_seed40000006.npz,400,0.5,1.5,6,40000006,com,-1,com,2.610715627670288,1.6982929706573486,0.8767357468605042,1773,1773,True,,"Model comparison
----------------
truncated: xmin=21.6597, alpha=1.63211, xc=440.333, p=nan, KS=0.0499295, loglik=-3122.77, AIC=6247.55, BIC=6251.97
powerlaw: xmin=21.6597, alpha=1.94812, xc=nan, p=nan, KS=0.110101, loglik=-3177.45, AIC=6356.91, BIC=6361.33
shifted_exp: xmin=21.6597, alpha=0.0165049, xc=nan, p=nan, KS=0.0963745, loglik=-3128.81, AIC=6259.63, BIC=6264.04

ΔAIC / ΔBIC
truncated: ΔAIC = 0 ΔBIC = 0
powerlaw: ΔAIC = 109.359 ΔBIC = 109.359
shifted_exp: ΔAIC = 12.0782 ΔBIC = 12.0782
",truncated,21.659743309020996,True,,truncated,21.659743309020996,1.6321128185296718,440.3333225250244,,0.049929489023925466,6247.547763621778,6251.966128557715,-3122.773881810889,613.0,True,,shifted_exp,21.659743309020996,0.016504875201756027,,,0.09637446352754886,6259.625956281614,6264.0443212175505,-3128.812978140807,613.0,-12.078192659835622
/home/hpc/Desktop/resonant_swarm_runs/position_records/N400/kappa_0p5/okappa_1p5/pos_rep07_seed40000007.npz,400,0.5,1.5,7,40000007,com,-1,com,2.4704360008239745,1.555907130241394,0.865543782711029,1475,1475,True,,"Model comparison
----------------
truncated: xmin=20.4114, alpha=1.57866, xc=591.91, p=nan, KS=0.044555, loglik=-2858.31, AIC=5718.63, BIC=5722.92
powerlaw: xmin=20.4114, alpha=1.85572, xc=nan, p=nan, KS=0.107612, loglik=-2905.24, AIC=5812.48, BIC=5816.78
shifted_exp: xmin=20.4114, alpha=0.01377, xc=nan, p=nan, KS=0.120466, loglik=-2875.18, AIC=5752.36, BIC=5756.66

ΔAIC / ΔBIC
truncated: ΔAIC = 0 ΔBIC = 0
powerlaw: ΔAIC = 93.8584 ΔBIC = 93.8584
shifted_exp: ΔAIC = 33.737 ΔBIC = 33.737
",truncated,20.411354541778564,True,,truncated,20.411354541778564,1.5786622178466125,591.9096803665161,,0.04455495728665748,5718.625880314596,5722.924829561452,-2858.312940157298,544.0,True,,shifted_exp,20.411354541778564,0.013770040780492699,,,0.12046561252004356,5752.362885113217,5756.661834360073,-2875.1814425566085,544.0,-33.737004798621456
/home/hpc/Desktop/resonant_swarm_runs/position_records/N400/kappa_0p5/okappa_1p5/pos_rep08_seed40000008.npz,400,0.5,1.5,8,40000008,com,-1,com,2.667600822448731,1.7575569152832031,0.8858407735824585,1909,1909,True,,"Model comparison
----------------
truncated: xmin=10.9202, alpha=1.61396, xc=617.729, p=nan, KS=0.0638738, loglik=-4398.3, AIC=8798.61, BIC=8803.42
powerlaw: xmin=10.9202, alpha=1.79429, xc=nan, p=nan, KS=0.111248, loglik=-4450.46, AIC=8902.92, BIC=8907.74
shifted_exp: xmin=10.9202, alpha=0.0205259, xc=nan, p=nan, KS=0.15764, loglik=-4456.09, AIC=8914.19, BIC=8919.01

ΔAIC / ΔBIC
truncated: ΔAIC = 0 ΔBIC = 0
powerlaw: ΔAIC = 104.317 ΔBIC = 104.317
shifted_exp: ΔAIC = 115.583 ΔBIC = 115.583
",truncated,10.920190572738647,True,,truncated,10.920190572738647,1.6139561669689044,617.7288975715637,,0.06387378424308482,8798.606870790707,8803.422510780782,-4398.3034353953535,912.0,True,,shifted_exp,10.920190572738647,0.020525879919726483,,,0.15763966138857372,8914.189407168933,8919.005047159008,-4456.0947035844665,912.0,-115.582536378226
/home/hpc/Desktop/resonant_swarm_runs/position_records/N400/kappa_0p5/okappa_1p5/pos_rep09_seed40000009.npz,400,0.5,1.5,9,40000009,com,-1,com,2.553577327728272,1.6403995752334595,0.8765708804130554,1674,1674,True,,"Model comparison
----------------
truncated: xmin=21.1148, alpha=1.64619, xc=550.427, p=nan, KS=0.0557317, loglik=-3040.1, AIC=6082.21, BIC=6086.59
powerlaw: xmin=21.1148, alpha=1.91228, xc=nan, p=nan, KS=0.110794, loglik=-3085.15, AIC=6172.29, BIC=6176.67
shifted_exp: xmin=21.1148, alpha=0.0154846, xc=nan, p=nan, KS=0.0953164, loglik=-3043.9, AIC=6089.8, BIC=6094.18

ΔAIC / ΔBIC
truncated: ΔAIC = 0 ΔBIC = 0
powerlaw: ΔAIC = 90.0843 ΔBIC = 90.0843
shifted_exp: ΔAIC = 7.59116 ΔBIC = 7.59116
",truncated,21.114816665649414,True,,truncated,21.114816665649414,1.6461866561102896,550.4270896911621,,0.055731674802595665,6082.2082924969545,6086.586718680606,-3040.1041462484773,589.0,True,,shifted_exp,21.114816665649414,0.015484569786662166,,,0.09531640952588383,6089.799450766575,6094.177876950227,-3043.8997253832877,589.0,-7.5911582696207915
/home/hpc/Desktop/resonant_swarm_runs/position_records/N400/kappa_0p5/okappa_1p5/pos_rep10_seed40000010.npz,400,0.5,1.5,10,40000010,com,-1,com,2.5717316627502442,1.6796642541885376,0.8663255572319031,1725,1725,True,,"Model comparison
----------------
truncated: xmin=21.3266, alpha=1.72247, xc=581.679, p=nan, KS=0.052305, loglik=-3073.81, AIC=6149.62, BIC=6154.02
powerlaw: xmin=21.3266, alpha=1.9523, xc=nan, p=nan, KS=0.101284, loglik=-3110.83, AIC=6223.67, BIC=6228.07
shifted_exp: xmin=21.3266, alpha=0.0161698, xc=nan, p=nan, KS=0.105236, loglik=-3090.14, AIC=6182.28, BIC=6186.68

ΔAIC / ΔBIC
truncated: ΔAIC = 0 ΔBIC = 0
powerlaw: ΔAIC = 74.045 ΔBIC = 74.045
shifted_exp: ΔAIC = 32.6579 ΔBIC = 32.6579
",truncated,21.326646327972412,True,,truncated,21.326646327972412,1.7224716777190152,581.6793184280396,,0.052305013463587235,6149.62050653275,6154.022423729478,-3073.810253266375,603.0,True,,shifted_exp,21.326646327972412,0.016169816834834917,,,0.10523598333194784,6182.278373108446,6186.680290305174,-3090.139186554223,603.0,-32.65786657569606
/home/hpc/Desktop/resonant_swarm_runs/position_records/N400/kappa_0p5/okappa_1p5/pos_rep11_seed40000011.npz,400,0.5,1.5,11,40000011,com,-1,com,2.632228469848633,1.707185983657837,0.8871180415153503,1893,1893,True,,"Model comparison
----------------
truncated: xmin=10.8887, alpha=1.53477, xc=384.097, p=nan, KS=0.0479312, loglik=-4533.36, AIC=9068.71, BIC=9073.57
powerlaw: xmin=10.8887, alpha=1.80172, xc=nan, p=nan, KS=0.108623, loglik=-4618.09, AIC=9238.18, BIC=9243.04
shifted_exp: xmin=10.8887, alpha=0.0218943, xc=nan, p=nan, KS=0.147181, loglik=-4585.27, AIC=9172.55, BIC=9177.4

ΔAIC / ΔBIC
truncated: ΔAIC = 0 ΔBIC = 0
powerlaw: ΔAIC = 169.468 ΔBIC = 169.468
shifted_exp: ΔAIC = 103.836 ΔBIC = 103.836
",truncated,10.888678550720215,True,,truncated,10.888678550720215,1.5347689449742887,384.0972533226013,,0.0479312380971377,9068.710191375554,9073.5677054381,-4533.355095687777,951.0,True,,shifted_exp,10.888678550720215,0.021894327080894525,,,0.14718104239233698,9172.545710349943,9177.403224412488,-4585.2728551749715,951.0,-103.83551897438883
/home/hpc/Desktop/resonant_swarm_runs/position_records/N400/kappa_0p5/okappa_1p5/pos_rep12_seed40000012.npz,400,0.5,1.5,12,40000012,com,-1,com,2.623074579238892,1.7014853954315186,0.8831364512443542,1859,1859,True,,"Model comparison
----------------
truncated: xmin=32.9968, alpha=2.02455, xc=533.927, p=nan, KS=0.064847, loglik=-2582.28, AIC=5166.57, BIC=5170.8
powerlaw: xmin=32.9968, alpha=2.24143, xc=nan, p=nan, KS=0.102682, loglik=-2603.86, AIC=5209.72, BIC=5213.96
shifted_exp: xmin=32.9968, alpha=0.0176981, xc=nan, p=nan, KS=0.0776989, loglik=-2577.56, AIC=5157.12, BIC=5161.36

ΔAIC / ΔBIC
truncated: ΔAIC = 9.44353 ΔBIC = 9.44353
powerlaw: ΔAIC = 52.596 ΔBIC = 52.596
shifted_exp: ΔAIC = 0 ΔBIC = 0
",shifted_exp,32.99676537513733,True,,truncated,32.99676537513733,2.024547606800577,533.9266381263733,,0.06484700854995151,5166.5661053997,5170.804430024739,-2582.28305269985,512.0,True,,shifted_exp,32.99676537513733,0.01769807528925805,,,0.07769890858520823,5157.122571299777,5161.360895924816,-2577.5612856498883,512.0,9.443534099923454
/home/hpc/Desktop/resonant_swarm_runs/position_records/N400/kappa_0p5/okappa_1p5/pos_rep13_seed40000013.npz,400,0.5,1.5,13,40000013,com,-1,com,2.580217123031616,1.644541621208191,0.8842713832855225,1724,1724,True,,"Model comparison
----------------
truncated: xmin=15.6745, alpha=1.64589, xc=609.431, p=nan, KS=0.0623883, loglik=-3644.78, AIC=7291.57, BIC=7296.16
powerlaw: xmin=15.6745, alpha=1.85588, xc=nan, p=nan, KS=0.112952, loglik=-3690.28, AIC=7382.56, BIC=7387.15
shifted_exp: xmin=15.6745, alpha=0.017728, xc=nan, p=nan, KS=0.119157, loglik=-3658.71, AIC=7319.41, BIC=7324

ΔAIC / ΔBIC
truncated: ΔAIC = 0 ΔBIC = 0
powerlaw: ΔAIC = 90.9964 ΔBIC = 90.9964
shifted_exp: ΔAIC = 27.8433 ΔBIC = 27.8433
",truncated,15.67445993423462,True,,truncated,15.67445993423462,1.645892270027009,609.4307641983032,,0.06238831783580884,7291.567612087578,7296.156538565111,-3644.783806043789,727.0,True,,shifted_exp,15.67445993423462,0.01772804836738911,,,0.11915744213261675,7319.410927128802,7323.999853606335,-3658.705463564401,727.0,-27.843315041223832
/home/hpc/Desktop/resonant_swarm_runs/position_records/N400/kappa_0p5/okappa_1p5/pos_rep14_seed40000014.npz,400,0.5,1.5,14,40000014,com,-1,com,2.6572267532348635,1.7583346366882324,0.876171886920929,1897,1897,True,,"Model comparison
----------------
truncated: xmin=13.3891, alpha=1.68958, xc=653.485, p=nan, KS=0.0639224, loglik=-4181.58, AIC=8365.16, BIC=8369.91
powerlaw: xmin=13.3891, alpha=1.8589, xc=nan, p=nan, KS=0.103266, loglik=-4223.3, AIC=8448.61, BIC=8453.36
shifted_exp: xmin=13.3891, alpha=0.0204722, xc=nan, p=nan, KS=0.129253, loglik=-4204.27, AIC=8410.54, BIC=8415.3

ΔAIC / ΔBIC
truncated: ΔAIC = 0 ΔBIC = 0
powerlaw: ΔAIC = 83.4519 ΔBIC = 83.4519
shifted_exp: ΔAIC = 45.3872 ΔBIC = 45.3872
",truncated,13.389132022857666,True,,truncated,13.389132022857666,1.6895834617694308,653.4850428104401,,0.06392240866090226,8365.155060783107,8369.911993172354,-4181.577530391553,860.0,True,,shifted_exp,13.389132022857666,0.020472200915439637,,,0.12925270862155303,8410.542269545716,8415.299201934964,-4204.271134772858,860.0,-45.38720876260959
/home/hpc/Desktop/resonant_swarm_runs/position_records/N400/kappa_0p5/okappa_1p5/pos_rep15_seed40000015.npz,400,0.5,1.5,15,40000015,com,-1,com,2.624005746841431,1.6981230974197388,0.8899070620536804,1816,1816,True,,"Model comparison
----------------
truncated: xmin=10.9614, alpha=1.48346, xc=405.13, p=nan, KS=0.0554681, loglik=-4329.71, AIC=8661.43, BIC=8666.22
powerlaw: xmin=10.9614, alpha=1.76642, xc=nan, p=nan, KS=0.122096, loglik=-4419.01, AIC=8840.02, BIC=8844.81
shifted_exp: xmin=10.9614, alpha=0.0201716, xc=nan, p=nan, KS=0.131149, loglik=-4364.1, AIC=8730.19, BIC=8734.98

ΔAIC / ΔBIC
truncated: ΔAIC = 0 ΔBIC = 0
powerlaw: ΔAIC = 178.595 ΔBIC = 178.595
shifted_exp: ΔAIC = 68.7647 ΔBIC = 68.7647
",truncated,10.96135139465332,True,,truncated,10.96135139465332,1.4834633478818808,405.13038992881775,,0.055468087448603265,8661.4256986607,8666.216920123426,-4329.71284933035,890.0,True,,shifted_exp,10.96135139465332,0.02017163688088881,,,0.13114911988098998,8730.19044141419,8734.981662876917,-4364.095220707095,890.0,-68.76474275349028
/home/hpc/Desktop/resonant_swarm_runs/position_records/N400/kappa_0p5/okappa_1p5/pos_rep16_seed40000016.npz,400,0.5,1.5,16,40000016,com,-1,com,2.5378835201263428,1.6001451015472412,0.8850367069244385,1562,1562,True,,"Model comparison
----------------
truncated: xmin=10.3148, alpha=1.58605, xc=738.577, p=nan, KS=0.0589433, loglik=-4069.33, AIC=8140.67, BIC=8145.39
powerlaw: xmin=10.3148, alpha=1.75433, xc=nan, p=nan, KS=0.105583, loglik=-4116.01, AIC=8234.02, BIC=8238.75
shifted_exp: xmin=10.3148, alpha=0.0182228, xc=nan, p=nan, KS=0.1717, loglik=-4169.23, AIC=8340.46, BIC=8345.19

ΔAIC / ΔBIC
truncated: ΔAIC = 0 ΔBIC = 0
powerlaw: ΔAIC = 93.3529 ΔBIC = 93.3529
shifted_exp: ΔAIC = 199.796 ΔBIC = 199.796
",truncated,10.314838409423828,True,,truncated,10.314838409423828,1.586048609857643,738.5768477916718,,0.05894333405494867,8140.668972363097,8145.394006005264,-4069.3344861815485,833.0,True,,shifted_exp,10.314838409423828,0.018222817709172705,,,0.17169967140760495,8340.464529277078,8345.189562919246,-4169.232264638539,833.0,-199.79555691398127
/home/hpc/Desktop/resonant_swarm_runs/position_records/N400/kappa_0p5/okappa_1p5/pos_rep17_seed40000017.npz,400,0.5,1.5,17,40000017,com,-1,com,2.574596071243286,1.6301240921020508,0.8833783864974976,1626,1626,True,,"Model comparison
----------------
truncated: xmin=7.90683, alpha=1.51419, xc=657.907, p=nan, KS=0.0672178, loglik=-4647.01, AIC=9296.02, BIC=9300.89
powerlaw: xmin=7.90683, alpha=1.69573, xc=nan, p=nan, KS=0.119065, loglik=-4712.08, AIC=9426.16, BIC=9431.03
shifted_exp: xmin=7.90683, alpha=0.0202908, xc=nan, p=nan, KS=0.168493, loglik=-4740.86, AIC=9483.73, BIC=9488.6

ΔAIC / ΔBIC
truncated: ΔAIC = 0 ΔBIC = 0
powerlaw: ΔAIC = 130.139 ΔBIC = 130.139
shifted_exp: ΔAIC = 187.708 ΔBIC = 187.708
",truncated,7.9068334102630615,True,,truncated,7.9068334102630615,1.5141889958149648,657.9072308540344,,0.06721780832965896,9296.019696617404,9300.894928704682,-4647.009848308702,968.0,True,,shifted_exp,7.9068334102630615,0.02029082161906924,,,0.1684928796075537,9483.727719882683,9488.60295196996,-4740.863859941342,968.0,-187.70802326527883
/home/hpc/Desktop/resonant_swarm_runs/position_records/N400/kappa_0p5/okappa_1p5/pos_rep18_seed40000018.npz,400,0.5,1.5,18,40000018,com,-1,com,2.617000484466553,1.702122449874878,0.882149338722229,1773,1773,True,,"Model comparison
----------------
truncated: xmin=10.5035, alpha=1.5724, xc=593.762, p=nan, KS=0.0596409, loglik=-4304.19, AIC=8610.39, BIC=8615.18
powerlaw: xmin=10.5035, alpha=1.76796, xc=nan, p=nan, KS=0.111321, loglik=-4362.15, AIC=8726.31, BIC=8731.1
shifted_exp: xmin=10.5035, alpha=0.0196476, xc=nan, p=nan, KS=0.148101, loglik=-4372.73, AIC=8747.46, BIC=8752.25

ΔAIC / ΔBIC
truncated: ΔAIC = 0 ΔBIC = 0
powerlaw: ΔAIC = 115.92 ΔBIC = 115.92
shifted_exp: ΔAIC = 137.075 ΔBIC = 137.075
",truncated,10.503494024276733,True,,truncated,10.503494024276733,1.572403220725477,593.7616505622864,,0.0596408505821478,8610.389886317575,8615.177731299884,-4304.194943158787,887.0,True,,shifted_exp,10.503494024276733,0.019647604098535786,,,0.14810069955790944,8747.464981671134,8752.252826653443,-4372.732490835567,887.0,-137.07509535355894
/home/hpc/Desktop/resonant_swarm_runs/position_records/N400/kappa_0p5/okappa_1p5/pos_rep19_seed40000019.npz,400,0.5,1.5,19,40000019,com,-1,com,2.499771070480347,1.6018552780151367,0.8651039004325867,1516,1516,True,,"Model comparison
----------------
truncated: xmin=7.77248, alpha=1.43845, xc=663.23, p=nan, KS=0.0512024, loglik=-4071.27, AIC=8144.54, BIC=8149.25
powerlaw: xmin=7.77248, alpha=1.64815, xc=nan, p=nan, KS=0.113564, loglik=-4142.3, AIC=8286.59, BIC=8291.31
shifted_exp: xmin=7.77248, alpha=0.0171728, xc=nan, p=nan, KS=0.182736, loglik=-4173.09, AIC=8348.18, BIC=8352.9

ΔAIC / ΔBIC
truncated: ΔAIC = 0 ΔBIC = 0
powerlaw: ΔAIC = 142.054 ΔBIC = 142.054
shifted_exp: ΔAIC = 203.642 ΔBIC = 203.642
",truncated,7.772482872009277,True,,truncated,7.772482872009277,1.4384477923633283,663.2295231819153,,0.05120240459481962,8144.539833086383,8149.254003616292,-4071.2699165431914,824.0,True,,shifted_exp,7.772482872009277,0.017172762847680594,,,0.18273592995337007,8348.181802959285,8352.895973489194,-4173.0909014796425,824.0,-203.64196987290234
/home/hpc/Desktop/resonant_swarm_runs/position_records/N500/kappa_0p5/okappa_1p5/pos_rep00_seed50000000.npz,500,0.5,1.5,0,50000000,com,-1,com,2.553775501251221,1.638419508934021,0.8734835982322693,1524,1524,True,,"Model comparison
----------------
truncated: xmin=7.85012, alpha=1.46555, xc=741.6, p=nan, KS=0.0724917, loglik=-4193.03, AIC=8388.06, BIC=8392.8
powerlaw: xmin=7.85012, alpha=1.6554, xc=nan, p=nan, KS=0.129585, loglik=-4257.51, AIC=8517.02, BIC=8521.77
shifted_exp: xmin=7.85012, alpha=0.0176539, xc=nan, p=nan, KS=0.167107, loglik=-4281.28, AIC=8564.56, BIC=8569.3

ΔAIC / ΔBIC
truncated: ΔAIC = 0 ΔBIC = 0
powerlaw: ΔAIC = 128.967 ΔBIC = 128.967
shifted_exp: ΔAIC = 176.502 ΔBIC = 176.502
",truncated,7.8501152992248535,True,,truncated,7.8501152992248535,1.465548293639341,741.5996670722961,,0.07249170931171883,8388.0566773826,8392.801913732084,-4193.0283386913,850.0,True,,shifted_exp,7.8501152992248535,0.017653891899466628,,,0.16710714164729762,8564.55832667511,8569.303563024594,-4281.279163337555,850.0,-176.50164929250968
/home/hpc/Desktop/resonant_swarm_runs/position_records/N500/kappa_0p5/okappa_1p5/pos_rep01_seed50000001.npz,500,0.5,1.5,1,50000001,com,-1,com,2.5485821247100833,1.6091703176498413,0.8832299113273621,1471,1471,True,,"Model comparison
----------------
truncated: xmin=10.594, alpha=1.43383, xc=593.192, p=nan, KS=0.0428181, loglik=-3582.93, AIC=7167.86, BIC=7172.42
powerlaw: xmin=10.594, alpha=1.68746, xc=nan, p=nan, KS=0.110119, loglik=-3653.51, AIC=7309.03, BIC=7313.58
shifted_exp: xmin=10.594, alpha=0.0152328, xc=nan, p=nan, KS=0.166032, loglik=-3649.75, AIC=7301.5, BIC=7306.05

ΔAIC / ΔBIC
truncated: ΔAIC = 0 ΔBIC = 0
powerlaw: ΔAIC = 141.163 ΔBIC = 141.163
shifted_exp: ΔAIC = 133.635 ΔBIC = 133.635
",truncated,10.593965291976929,True,,truncated,10.593965291976929,1.4338286641030118,593.1919360160828,,0.04281805946722034,7167.861867356439,7172.418645712597,-3582.9309336782194,704.0,True,,shifted_exp,10.593965291976929,0.015232842331630334,,,0.16603220921824546,7301.496515278992,7306.05329363515,-3649.748257639496,704.0,-133.63464792255309
/home/hpc/Desktop/resonant_swarm_runs/position_records/N500/kappa_0p5/okappa_1p5/pos_rep02_seed50000002.npz,500,0.5,1.5,2,50000002,com,-1,com,2.436537742614746,1.5325920581817627,0.8581863045692444,1341,1341,True,,"Model comparison
----------------
truncated: xmin=7.52797, alpha=1.46338, xc=852.957, p=nan, KS=0.0542698, loglik=-3697.85, AIC=7397.71, BIC=7402.32
powerlaw: xmin=7.52797, alpha=1.63972, xc=nan, p=nan, KS=0.105182, loglik=-3751.29, AIC=7504.58, BIC=7509.2
shifted_exp: xmin=7.52797, alpha=0.0155254, xc=nan, p=nan, KS=0.218007, loglik=-3853.3, AIC=7708.59, BIC=7713.21

ΔAIC / ΔBIC
truncated: ΔAIC = 0 ΔBIC = 0
powerlaw: ΔAIC = 106.871 ΔBIC = 106.871
shifted_exp: ΔAIC = 310.881 ΔBIC = 310.881
",truncated,7.527966737747192,True,,truncated,7.527966737747192,1.4633835542904683,852.9569752216339,,0.0542697988224419,7397.709781986654,7402.324507586858,-3697.854890993327,746.0,True,,shifted_exp,7.527966737747192,0.015525438041386234,,,0.21800663263943898,7708.59095101103,7713.205676611234,-3853.295475505515,746.0,-310.8811690243756
/home/hpc/Desktop/resonant_swarm_runs/position_records/N500/kappa_0p5/okappa_1p5/pos_rep03_seed50000003.npz,500,0.5,1.5,3,50000003,com,-1,com,2.496793222427369,1.5859298706054688,0.87212073802948,1389,1389,True,,"Model comparison
----------------
truncated: xmin=15.3267, alpha=1.56982, xc=759.622, p=nan, KS=0.0417949, loglik=-3030.6, AIC=6063.2, BIC=6067.57
powerlaw: xmin=15.3267, alpha=1.7803, xc=nan, p=nan, KS=0.0923599, loglik=-3071.4, AIC=6144.79, BIC=6149.16
shifted_exp: xmin=15.3267, alpha=0.0134363, xc=nan, p=nan, KS=0.170266, loglik=-3100.92, AIC=6203.84, BIC=6208.21

ΔAIC / ΔBIC
truncated: ΔAIC = 0 ΔBIC = 0
powerlaw: ΔAIC = 81.5906 ΔBIC = 81.5906
shifted_exp: ΔAIC = 140.637 ΔBIC = 140.637
",truncated,15.326737403869629,True,,truncated,15.326737403869629,1.5698204190443874,759.6223261356354,,0.04179486692380591,6063.202769456591,6067.572670439419,-3030.6013847282957,584.0,True,,shifted_exp,15.326737403869629,0.013436308831836457,,,0.1702659875505313,6203.840118608242,6208.21001959107,-3100.920059304121,584.0,-140.6373491516506
/home/hpc/Desktop/resonant_swarm_runs/position_records/N500/kappa_0p5/okappa_1p5/pos_rep04_seed50000004.npz,500,0.5,1.5,4,50000004,com,-1,com,2.533170795440674,1.5947612524032593,0.8860900402069092,1455,1455,True,,"Model comparison
----------------
truncated: xmin=7.86017, alpha=1.45128, xc=676.348, p=nan, KS=0.0534007, loglik=-3929.02, AIC=7860.05, BIC=7864.73
powerlaw: xmin=7.86017, alpha=1.65488, xc=nan, p=nan, KS=0.105668, loglik=-3994.64, AIC=7991.27, BIC=7995.95
shifted_exp: xmin=7.86017, alpha=0.016449, xc=nan, p=nan, KS=0.2104, loglik=-4070.67, AIC=8143.34, BIC=8148.02

ΔAIC / ΔBIC
truncated: ΔAIC = 0 ΔBIC = 0
powerlaw: ΔAIC = 131.226 ΔBIC = 131.226
shifted_exp: ΔAIC = 283.297 ΔBIC = 283.297
",truncated,7.860167980194092,True,,truncated,7.860167980194092,1.4512781430801855,676.3477959632874,,0.053400699413726174,7860.046838778512,7864.727693457303,-3929.023419389256,797.0,True,,shifted_exp,7.860167980194092,0.016448963502370323,,,0.21040039880735895,8143.343543492183,8148.024398170974,-4070.6717717460915,797.0,-283.2967047136708
/home/hpc/Desktop/resonant_swarm_runs/position_records/N500/kappa_0p5/okappa_1p5/pos_rep05_seed50000005.npz,500,0.5,1.5,5,50000005,com,-1,com,2.4688216209411626,1.5416264533996582,0.8771630525588989,1326,1326,True,,"Model comparison
----------------
truncated: xmin=15.0329, alpha=1.54443, xc=838.567, p=nan, KS=0.0510882, loglik=-3052.02, AIC=6106.04, BIC=6110.4
powerlaw: xmin=15.0329, alpha=1.75208, xc=nan, p=nan, KS=0.104289, loglik=-3093.71, AIC=6189.43, BIC=6193.79
shifted_exp: xmin=15.0329, alpha=0.0133298, xc=nan, p=nan, KS=0.147901, loglik=-3089.61, AIC=6181.23, BIC=6185.59

ΔAIC / ΔBIC
truncated: ΔAIC = 0 ΔBIC = 0
powerlaw: ΔAIC = 83.3897 ΔBIC = 83.3897
shifted_exp: ΔAIC = 75.1937 ΔBIC = 75.1937
",truncated,15.032901048660278,True,,truncated,15.032901048660278,1.544434815323813,838.5670590400696,,0.0510881858434129,6106.035736155325,6110.400486912177,-3052.0178680776626,581.0,True,,shifted_exp,15.032901048660278,0.013329796393478952,,,0.14790067443383076,6181.229473128793,6185.594223885645,-3089.6147365643965,581.0,-75.19373697346782
/home/hpc/Desktop/resonant_swarm_runs/position_records/N500/kappa_0p5/okappa_1p5/pos_rep06_seed50000006.npz,500,0.5,1.5,6,50000006,com,-1,com,2.3418681621551514,1.451424479484558,0.8529081344604492,1137,1137,True,,"Model comparison
----------------
truncated: xmin=7.30352, alpha=1.40748, xc=1075.18, p=nan, KS=0.055547, loglik=-3245.08, AIC=6492.15, BIC=6496.6
powerlaw: xmin=7.30352, alpha=1.58723, xc=nan, p=nan, KS=0.110556, loglik=-3296.1, AIC=6594.19, BIC=6598.64
shifted_exp: xmin=7.30352, alpha=0.0129995, xc=nan, p=nan, KS=0.223151, loglik=-3371.33, AIC=6744.67, BIC=6749.11

ΔAIC / ΔBIC
truncated: ΔAIC = 0 ΔBIC = 0
powerlaw: ΔAIC = 102.038 ΔBIC = 102.038
shifted_exp: ΔAIC = 252.511 ΔBIC = 252.511
",truncated,7.303515434265137,True,,truncated,7.303515434265137,1.407484666990993,1075.1800487041473,,0.055546996512739755,6492.154995632755,6496.602301495296,-3245.0774978163777,631.0,True,,shifted_exp,7.303515434265137,0.012999538076026789,,,0.2231509975005052,6744.665915913711,6749.1132217762515,-3371.3329579568554,631.0,-252.51092028095536
/home/hpc/Desktop/resonant_swarm_runs/position_records/N500/kappa_0p5/okappa_1p5/pos_rep07_seed50000007.npz,500,0.5,1.5,7,50000007,com,-1,com,2.3360261917114262,1.4602457284927368,0.8394134044647217,1095,1095,True,,"Model comparison
----------------
truncated: xmin=9.72486, alpha=1.40896, xc=1031.8, p=nan, KS=0.048374, loglik=-2855.56, AIC=5713.12, BIC=5717.4
powerlaw: xmin=9.72486, alpha=1.6127, xc=nan, p=nan, KS=0.113467, loglik=-2903.42, AIC=5808.84, BIC=5813.13
shifted_exp: xmin=9.72486, alpha=0.01138, xc=nan, p=nan, KS=0.197203, loglik=-2946.03, AIC=5894.07, BIC=5898.36

ΔAIC / ΔBIC
truncated: ΔAIC = 0 ΔBIC = 0
powerlaw: ΔAIC = 95.7224 ΔBIC = 95.7224
shifted_exp: ΔAIC = 180.954 ΔBIC = 180.954
",truncated,9.724863052368164,True,,truncated,9.724863052368164,1.408961477074378,1031.8007309436798,,0.048373959969217895,5713.115252419784,5717.403110979946,-2855.557626209892,538.0,True,,shifted_exp,9.724863052368164,0.011379970309467614,,,0.19720334819448265,5894.068894203821,5898.356752763983,-2946.0344471019107,538.0,-180.95364178403725
/home/hpc/Desktop/resonant_swarm_runs/position_records/N500/kappa_0p5/okappa_1p5/pos_rep08_seed50000008.npz,500,0.5,1.5,8,50000008,com,-1,com,2.5446359634399416,1.6379151344299316,0.8678139448165894,1495,1495,True,,"Model comparison
----------------
truncated: xmin=15.5663, alpha=1.58625, xc=760.922, p=nan, KS=0.0511042, loglik=-3156.24, AIC=6314.49, BIC=6318.9
powerlaw: xmin=15.5663, alpha=1.79196, xc=nan, p=nan, KS=0.101313, loglik=-3197.03, AIC=6396.06, BIC=6400.47
shifted_exp: xmin=15.5663, alpha=0.0142549, xc=nan, p=nan, KS=0.143317, loglik=-3202.9, AIC=6407.8, BIC=6412.21

ΔAIC / ΔBIC
truncated: ΔAIC = 0 ΔBIC = 0
powerlaw: ΔAIC = 81.5746 ΔBIC = 81.5746
shifted_exp: ΔAIC = 93.3128 ΔBIC = 93.3128
",truncated,15.566260576248169,True,,truncated,15.566260576248169,1.586252689951104,760.9219114780426,,0.05110415240834326,6314.48660673398,6318.900065691148,-3156.24330336699,610.0,True,,shifted_exp,15.566260576248169,0.014254890085642433,,,0.14331666792827225,6407.799426020613,6412.212884977781,-3202.8997130103066,610.0,-93.31281928663338
/home/hpc/Desktop/resonant_swarm_runs/position_records/N500/kappa_0p5/okappa_1p5/pos_rep09_seed50000009.npz,500,0.5,1.5,9,50000009,com,-1,com,2.532687854766846,1.6028577089309692,0.8795654773712158,1448,1448,True,,"Model comparison
----------------
truncated: xmin=12.8908, alpha=1.59353, xc=933.411, p=nan, KS=0.0698617, loglik=-3512.4, AIC=7026.8, BIC=7031.34
powerlaw: xmin=12.8908, alpha=1.75823, xc=nan, p=nan, KS=0.115272, loglik=-3549.83, AIC=7101.66, BIC=7106.19
shifted_exp: xmin=12.8908, alpha=0.015451, xc=nan, p=nan, KS=0.148902, loglik=-3562.19, AIC=7126.37, BIC=7130.91

ΔAIC / ΔBIC
truncated: ΔAIC = 0 ΔBIC = 0
powerlaw: ΔAIC = 74.857 ΔBIC = 74.857
shifted_exp: ΔAIC = 99.5731 ΔBIC = 99.5731
",truncated,12.890840291976929,True,,truncated,12.890840291976929,1.5935284739065065,933.4112899303436,,0.06986166894537821,7026.80038031667,7031.335621587684,-3512.400190158335,689.0,True,,shifted_exp,12.890840291976929,0.01545098797983622,,,0.14890230715742586,7126.373451798213,7130.9086930692265,-3562.1867258991065,689.0,-99.57307148154268
/home/hpc/Desktop/resonant_swarm_runs/position_records/N500/kappa_0p5/okappa_1p5/pos_rep10_seed50000010.npz,500,0.5,1.5,10,50000010,com,-1,com,2.4983441829681396,1.6319875717163086,0.8451223373413086,1518,1518,True,,"Model comparison
----------------
truncated: xmin=7.54466, alpha=1.49629, xc=886.357, p=nan, KS=0.0739854, loglik=-4320.6, AIC=8643.2, BIC=8647.98
powerlaw: xmin=7.54466, alpha=1.65747, xc=nan, p=nan, KS=0.124123, loglik=-4375.75, AIC=8753.49, BIC=8758.27
shifted_exp: xmin=7.54466, alpha=0.0185569, xc=nan, p=nan, KS=0.173118, loglik=-4398.46, AIC=8798.91, BIC=8803.69

ΔAIC / ΔBIC
truncated: ΔAIC = 0 ΔBIC = 0
powerlaw: ΔAIC = 110.293 ΔBIC = 110.293
shifted_exp: ΔAIC = 155.715 ΔBIC = 155.715
",truncated,7.544659376144409,True,,truncated,7.544659376144409,1.4962949728509032,886.3565158843994,,0.07398536551630774,8643.197561378367,8647.979753434374,-4320.5987806891835,882.0,True,,shifted_exp,7.544659376144409,0.01855693486214034,,,0.17311750849021407,8798.912261337615,8803.694453393622,-4398.456130668807,882.0,-155.7146999592478
/home/hpc/Desktop/resonant_swarm_runs/position_records/N500/kappa_0p5/okappa_1p5/pos_rep11_seed50000011.npz,500,0.5,1.5,11,50000011,com,-1,com,2.507955074310303,1.590006709098816,0.8746956586837769,1483,1483,True,,"Model comparison
----------------
truncated: xmin=20.8812, alpha=1.6217, xc=706.728, p=nan, KS=0.0433966, loglik=-2747.54, AIC=5497.08, BIC=5501.34
powerlaw: xmin=20.8812, alpha=1.8588, xc=nan, p=nan, KS=0.0961678, loglik=-2784.86, AIC=5571.71, BIC=5575.97
shifted_exp: xmin=20.8812, alpha=0.0131243, xc=nan, p=nan, KS=0.141292, loglik=-2773.31, AIC=5548.62, BIC=5552.87

ΔAIC / ΔBIC
truncated: ΔAIC = 0 ΔBIC = 0
powerlaw: ΔAIC = 74.6289 ΔBIC = 74.6289
shifted_exp: ΔAIC = 51.5326 ΔBIC = 51.5326
",truncated,20.88116216659546,True,,truncated,20.88116216659546,1.6217037893699122,706.7281653881073,,0.04339664297344792,5497.084986410171,5501.338815221747,-2747.5424932050855,520.0,True,,shifted_exp,20.88116216659546,0.013124348567163891,,,0.14129203275796753,5548.617548902764,5552.871377714339,-2773.308774451382,520.0,-51.53256249259266
/home/hpc/Desktop/resonant_swarm_runs/position_records/N500/kappa_0p5/okappa_1p5/pos_rep12_seed50000012.npz,500,0.5,1.5,12,50000012,com,-1,com,2.516016626358032,1.5784498453140259,0.8776243925094604,1310,1310,True,,"Model comparison
----------------
truncated: xmin=7.70921, alpha=1.47507, xc=921.048, p=nan, KS=0.072629, loglik=-3793.69, AIC=7589.38, BIC=7594.01
powerlaw: xmin=7.70921, alpha=1.64297, xc=nan, p=nan, KS=0.124291, loglik=-3845.02, AIC=7692.04, BIC=7696.68
shifted_exp: xmin=7.70921, alpha=0.0155393, xc=nan, p=nan, KS=0.199189, loglik=-3940.43, AIC=7882.85, BIC=7887.49

ΔAIC / ΔBIC
truncated: ΔAIC = 0 ΔBIC = 0
powerlaw: ΔAIC = 102.665 ΔBIC = 102.665
shifted_exp: ΔAIC = 293.476 ΔBIC = 293.476
",truncated,7.709205627441406,True,,truncated,7.709205627441406,1.4750734398645273,921.0479969978333,,0.07262898903854464,7589.376216142126,7594.013474173411,-3793.688108071063,763.0,True,,shifted_exp,7.709205627441406,0.015539258925098857,,,0.19918879071062723,7882.852461304327,7887.489719335612,-3940.4262306521637,763.0,-293.47624516220094
/home/hpc/Desktop/resonant_swarm_runs/position_records/N500/kappa_0p5/okappa_1p5/pos_rep13_seed50000013.npz,500,0.5,1.5,13,50000013,com,-1,com,2.4621992111206055,1.5419695377349854,0.8760209679603577,1273,1273,True,,"Model comparison
----------------
truncated: xmin=17.8259, alpha=1.51077, xc=760.931, p=nan, KS=0.0516892, loglik=-2687.02, AIC=5376.05, BIC=5380.26
powerlaw: xmin=17.8259, alpha=1.7628, xc=nan, p=nan, KS=0.116417, loglik=-2731.18, AIC=5464.36, BIC=5468.57
shifted_exp: xmin=17.8259, alpha=0.0116245, xc=nan, p=nan, KS=0.130931, loglik=-2727.32, AIC=5456.64, BIC=5460.86

ΔAIC / ΔBIC
truncated: ΔAIC = 0 ΔBIC = 0
powerlaw: ΔAIC = 88.3095 ΔBIC = 88.3095
shifted_exp: ΔAIC = 80.594 ΔBIC = 80.594
",truncated,17.82593584060669,True,,truncated,17.82593584060669,1.51076728293715,760.9311544895172,,0.051689152171751296,5376.048912888465,5380.263520986887,-2687.0244564442323,500.0,True,,shifted_exp,17.82593584060669,0.01162447015734953,,,0.13093061828562158,5456.642906409826,5460.857514508248,-2727.321453204913,500.0,-80.59399352136097
/home/hpc/Desktop/resonant_swarm_runs/position_records/N500/kappa_0p5/okappa_1p5/pos_rep14_seed50000014.npz,500,0.5,1.5,14,50000014,com,-1,com,2.4452007293701175,1.5243463516235352,0.867982804775238,1221,1221,True,,"Model comparison
----------------
truncated: xmin=12.4013, alpha=1.53909, xc=1175.47, p=nan, KS=0.0562274, loglik=-3066.48, AIC=6134.96, BIC=6139.33
powerlaw: xmin=12.4013, alpha=1.70084, xc=nan, p=nan, KS=0.103207, loglik=-3100.58, AIC=6203.16, BIC=6207.53
shifted_exp: xmin=12.4013, alpha=0.0126965, xc=nan, p=nan, KS=0.190794, loglik=-3139.36, AIC=6280.72, BIC=6285.09

ΔAIC / ΔBIC
truncated: ΔAIC = 0 ΔBIC = 0
powerlaw: ΔAIC = 68.2015 ΔBIC = 68.2015
shifted_exp: ΔAIC = 145.756 ΔBIC = 145.756
",truncated,12.401335716247559,True,,truncated,12.401335716247559,1.5390893152464122,1175.46515583992,,0.056227370172835245,6134.9618163326495,6139.333428179882,-3066.4809081663248,585.0,True,,shifted_exp,12.401335716247559,0.012696545219803016,,,0.19079397508121437,6280.717662379623,6285.089274226855,-3139.3588311898116,585.0,-145.7558460469736
/home/hpc/Desktop/resonant_swarm_runs/position_records/N500/kappa_0p5/okappa_1p5/pos_rep15_seed50000015.npz,500,0.5,1.5,15,50000015,com,-1,com,2.4995398998260496,1.546174168586731,0.8815130591392517,1309,1309,True,,"Model comparison
----------------
truncated: xmin=7.73261, alpha=1.39715, xc=667.053, p=nan, KS=0.0533804, loglik=-3836.8, AIC=7675.6, BIC=7680.24
powerlaw: xmin=7.73261, alpha=1.62379, xc=nan, p=nan, KS=0.120339, loglik=-3912.06, AIC=7826.12, BIC=7830.75
shifted_exp: xmin=7.73261, alpha=0.0156991, xc=nan, p=nan, KS=0.181055, loglik=-3937.77, AIC=7877.54, BIC=7882.18

ΔAIC / ΔBIC
truncated: ΔAIC = 0 ΔBIC = 0
powerlaw: ΔAIC = 150.515 ΔBIC = 150.515
shifted_exp: ΔAIC = 201.94 ΔBIC = 201.94
",truncated,7.732605934143066,True,,truncated,7.732605934143066,1.3971543873286107,667.0525567531586,,0.05338039896876229,7675.6004835054055,7680.239051294572,-3836.8002417527027,764.0,True,,shifted_exp,7.732605934143066,0.01569913719730594,,,0.18105503271158868,7877.540472249657,7882.179040038824,-3937.7702361248284,764.0,-201.93998874425142
/home/hpc/Desktop/resonant_swarm_runs/position_records/N500/kappa_0p5/okappa_1p5/pos_rep16_seed50000016.npz,500,0.5,1.5,16,50000016,com,-1,com,2.5472917556762704,1.6135900020599365,0.878817081451416,1459,1459,True,,"Model comparison
----------------
truncated: xmin=10.2826, alpha=1.53538, xc=864.159, p=nan, KS=0.0598343, loglik=-3824.36, AIC=7650.72, BIC=7655.36
powerlaw: xmin=10.2826, alpha=1.70817, xc=nan, p=nan, KS=0.108009, loglik=-3871.68, AIC=7745.36, BIC=7750
shifted_exp: xmin=10.2826, alpha=0.0163708, xc=nan, p=nan, KS=0.16896, loglik=-3890.43, AIC=7782.86, BIC=7787.49

ΔAIC / ΔBIC
truncated: ΔAIC = 0 ΔBIC = 0
powerlaw: ΔAIC = 94.6399 ΔBIC = 94.6399
shifted_exp: ΔAIC = 132.136 ΔBIC = 132.136
",truncated,10.282561302185059,True,,truncated,10.282561302185059,1.5353808829337026,864.1588008403778,,0.059834322866467254,7650.721469091801,7655.356102449662,-3824.3607345459004,761.0,True,,shifted_exp,10.282561302185059,0.016370758913543754,,,0.16896043349353523,7782.857480609389,7787.492113967251,-3890.4287403046947,761.0,-132.13601151758849
/home/hpc/Desktop/resonant_swarm_runs/position_records/N500/kappa_0p5/okappa_1p5/pos_rep17_seed50000017.npz,500,0.5,1.5,17,50000017,com,-1,com,2.53248872756958,1.5880805253982544,0.8843799233436584,1426,1426,True,,"Model comparison
----------------
truncated: xmin=12.8053, alpha=1.55053, xc=781.034, p=nan, KS=0.0565203, loglik=-3379.88, AIC=6761.76, BIC=6766.25
powerlaw: xmin=12.8053, alpha=1.74674, xc=nan, p=nan, KS=0.108518, loglik=-3424.67, AIC=6851.34, BIC=6855.84
shifted_exp: xmin=12.8053, alpha=0.0146917, xc=nan, p=nan, KS=0.1737, loglik=-3450.73, AIC=6903.46, BIC=6907.96

ΔAIC / ΔBIC
truncated: ΔAIC = 0 ΔBIC = 0
powerlaw: ΔAIC = 89.5853 ΔBIC = 89.5853
shifted_exp: ΔAIC = 141.708 ΔBIC = 141.708
",truncated,12.805330038070679,True,,truncated,12.805330038070679,1.550527718264656,781.0336012840271,,0.05652030204145653,6761.756066905218,6766.24982074507,-3379.878033452609,661.0,True,,shifted_exp,12.805330038070679,0.014691706163295555,,,0.17369971848375004,6903.4641836225355,6907.957937462387,-3450.7320918112678,661.0,-141.70811671731735
/home/hpc/Desktop/resonant_swarm_runs/position_records/N500/kappa_0p5/okappa_1p5/pos_rep18_seed50000018.npz,500,0.5,1.5,18,50000018,com,-1,com,2.468517398834229,1.544021725654602,0.8661041855812073,1365,1365,True,,"Model comparison
----------------
truncated: xmin=7.53541, alpha=1.52043, xc=1239.42, p=nan, KS=0.0747936, loglik=-3972.77, AIC=7947.53, BIC=7952.23
powerlaw: xmin=7.53541, alpha=1.65108, xc=nan, p=nan, KS=0.117327, loglik=-4012.64, AIC=8027.28, BIC=8031.97
shifted_exp: xmin=7.53541, alpha=0.0166972, xc=nan, p=nan, KS=0.198505, loglik=-4099.47, AIC=8200.94, BIC=8205.64

ΔAIC / ΔBIC
truncated: ΔAIC = 0 ΔBIC = 0
powerlaw: ΔAIC = 79.7482 ΔBIC = 79.7482
shifted_exp: ΔAIC = 253.41 ΔBIC = 253.41
",truncated,7.535407543182373,True,,truncated,7.535407543182373,1.5204298305434654,1239.422616481781,,0.07479364413323902,7947.534671411326,7952.225513688744,-3972.767335705663,805.0,True,,shifted_exp,7.535407543182373,0.01669723138978491,,,0.19850487190987676,8200.944896937232,8205.63573921465,-4099.472448468616,805.0,-253.41022552590584
/home/hpc/Desktop/resonant_swarm_runs/position_records/N500/kappa_0p5/okappa_1p5/pos_rep19_seed50000019.npz,500,0.5,1.5,19,50000019,com,-1,com,2.534485626220704,1.6014660596847534,0.8851017951965332,1445,1445,True,,"Model comparison
----------------
truncated: xmin=10.4522, alpha=1.50919, xc=770.011, p=nan, KS=0.0585423, loglik=-3710.65, AIC=7423.3, BIC=7427.9
powerlaw: xmin=10.4522, alpha=1.70341, xc=nan, p=nan, KS=0.110194, loglik=-3763.4, AIC=7528.81, BIC=7533.41
shifted_exp: xmin=10.4522, alpha=0.0158174, xc=nan, p=nan, KS=0.179363, loglik=-3782.79, AIC=7567.57, BIC=7572.17

ΔAIC / ΔBIC
truncated: ΔAIC = 0 ΔBIC = 0
powerlaw: ΔAIC = 105.502 ΔBIC = 105.502
shifted_exp: ΔAIC = 144.268 ΔBIC = 144.268
",truncated,10.452226877212524,True,,truncated,10.452226877212524,1.5091888057272151,770.0106029510498,,0.058542344412325864,7423.303524592009,7427.903395091222,-3710.6517622960046,735.0,True,,shifted_exp,10.452226877212524,0.015817354029307736,,,0.17936299759445462,7567.57195056132,7572.171821060532,-3782.78597528066,735.0,-144.26842596931056
